;skillid,skilltype,localizename,localizedesc,resource,bindingkey,bindingkeyvalue,name,MaxLevel,MaxSkillPoint,AvailableCnt,InitialCost,AdditionalCost,cooltime,InitialValue0,AdditionalValue0,InitialValue1,AdditionalValue1,InitialValue2,AdditionalValue2,ValueDesc,model,ItemID
;int,int,string,string,int,string,int,string,int,int,int,int,int,float,float,float,float,float,float,float,string,string,int
1,1,#CSO2_ZSCENARIO_SKILL_FORTIFY_ATK,#CSO2_ZSCENARIO_SKILL_DESC_FORTIFY_ATK,,F1,92,zs_fortify_atk,30,0,0,1000,850,0,1.5,1.5,1.5,1.5,1.7,1.7,,,0
3,1,#CSO2_ZSCENARIO_SKILL_FORTIFY_HEALTH,#CSO2_ZSCENARIO_SKILL_DESC_FORTIFY_HEALTH,,F2,93,zs_fortify_health,20,0,0,2000,1950,0,100,100,0.1,0.1,0,0,,,0
5,1,#CSO2_ZSCENARIO_SKILL_FORTIFY_UTILITY,#CSO2_ZSCENARIO_SKILL_DESC_FORTIFY_UTILITY,,F3,94,zs_fortify_utility,10,0,0,800,2650,0,0,0,0.3,0.3,0.3,0.3,,,0
6,2,#CSO2_ZSCENARIO_SKILL_TRAP_CENTRYGUN,#CSO2_ZSCENARIO_SKILL_DESC_FORTIFY_CENTRYGUN,,,,zs_trap_centrygun,30,0,0,0,0,80,20,25,500,20,50,5,,models/npc/npc_t_mobileturret/npc_t_mobileturret.mdl,2022
7,2,#CSO2_ZSCENARIO_SKILL_INSTANT_ARMOR,#CSO2_ZSCENARIO_SKILL_DESC_INSTANT_ARMOR,,F,16,zs_instant_armor,30,0,0,0,0,40,999999,0,5,0,0,0,,,2023
8,3,#CSO2_ZSCENARIO_SKILL_HEALTH_PACK,#CSO2_ZSCENARIO_SKILL_DESC_HEALTH_PACK,,5,6,h_heal,0,100,0,,,0,,,,,,,,,2025
9,3,#CSO2_ZSCENARIO_SKILL_AIR_STRIKE,#CSO2_ZSCENARIO_SKILL_DESC_AIR_STRIKE,,5,6,h_airstrike,30,100,0,,,0,2000,400,150,0,,,,,2024
10,3,#CSO2_ZSCENARIO_SKILL_BLOOD_SUCKING,#CSO2_ZSCENARIO_SKILL_DESC_BLOOD_SUCKING,,5,6,h_vampire,0,100,0,,,0,12,,0.01,,,,,,2026
11,3,#CSO2_ZSCENARIO_SKILL_RANDOM_FIRE,#CSO2_ZSCENARIO_SKILL_DESC_RANDOM_FIRE,,5,6,h_randomfire,0,100,0,,,0,12,,,,,,,,2027
12,3,#CSO2_ZSCENARIO_SKILL_EXPLOSIVE_SHOT,#CSO2_ZSCENARIO_SKILL_DESC_EXPLOSIVE_SHOT,,5,6,h_ExplosiveShot,0,100,0,,,0,12,,,,,,,,2028
13,4,#CSO2_ZSCENARIO_SKILL_RESPAWN,#CSO2_ZSCENARIO_SKILL_DESC_RESPAWN,,T,30,zs_respawn,0,0,10,,,,,,,,,,,,
14,4,#CSO2_ZSCENARIO_SKILL_HP_CAPSULE,#CSO2_ZSCENARIO_SKILL_DESC_HP_CAPSULE,,6,7,zs_hp_recovery_capsule,0,0,50,,,,5,,0.1,,,,,,
15,4,#CSO2_ZSCENARIO_SKILL_MONEY_SUPPLY,#CSO2_ZSCENARIO_SKILL_DESC_MONEY_SUPPLY,,,,zs_money_supply,0,0,0,,,,10000,,,,,,,,
28,8,,,,,,auto_use_capsule,0,0,,,,10,0.5,,1,,,,,,
29,8,,,,,,auto_use_instant_armor,0,0,,,,,0.35,,,,,,,,
