MonsterID,MonsterBaseType,MonsterName,ModelName,ClassName,CollisionBoxScale,Team,Health,EntryCounterRad,CoveringRadius,CoveringOffDist,AtkRangeMin,AtkRangeMax,MeleeRange,MeleeRadius,RangeDamage,MeleeDamage,GrenThresh,DashSpeed,RunSpeed,WalkSpeed,Jump,Accuracy,Exp,Money,ShareMoney,ItemDropInfo,ItemDropPer,SupplyCount,Element
int,string,string,string,string,float,int,int,int,int,int,int,int,int,int,int,int,float,int,int,int,int,float,int,int,float,int,float,int,string
1,roaming,TEST_Stay_Zombie_M_Walk_01,models/npc/npc_a_zombie_normal_m/npc_a_zombie_normal_m_01.mdl,cso2mob_zombie_normal,0.6,2,6082.56,300,0,0,0,0,300,80,0,28.8,0,0,0,70,80,1,30,80,1,1,0.1,0,
2,roaming,TEST_Stay_Zombie_M_Walk_02,models/npc/npc_a_zombie_normal_m/npc_a_zombie_normal_m_02.mdl,cso2mob_zombie_normal,0.6,2,6082.56,300,0,0,0,0,300,80,0,28.8,0,0,0,70,80,1,30,80,1,1,0.1,0,
3,roaming,TEST_Stay_Zombie_M_Walk_03,models/npc/npc_a_zombie_normal_m/npc_a_zombie_normal_m_03.mdl,cso2mob_zombie_normal,0.6,2,6082.56,300,0,0,0,0,300,80,0,28.8,0,0,0,70,80,1,30,80,1,1,0.1,0,
4,roaming,TEST_Stay_Zombie_M_Walk_04,models/npc/npc_a_zombie_normal_m/npc_a_zombie_normal_m_04.mdl,cso2mob_zombie_normal,0.6,2,6082.56,300,0,0,0,0,300,80,0,28.8,0,0,0,70,80,1,30,80,1,1,0.1,0,
5,roaming,TEST_Stay_Zombie_M_Walk_05,models/npc/npc_a_zombie_normal_m/npc_a_zombie_normal_m_05.mdl,cso2mob_zombie_normal,0.6,2,6082.56,300,0,0,0,0,300,80,0,28.8,0,0,0,70,80,1,30,80,1,1,0.1,0,
6,roaming,TEST_Stay_Zombie_M_Walk_06,models/npc/npc_a_zombie_normal_m/npc_a_zombie_normal_m_06.mdl,cso2mob_zombie_normal,0.6,2,6082.56,300,0,0,0,0,300,80,0,28.8,0,0,0,70,80,1,30,80,1,1,0.1,0,
7,roaming,TEST_Stay_Zombie_M_Walk_07,models/npc/npc_a_zombie_normal_m/npc_a_zombie_normal_m_07.mdl,cso2mob_zombie_normal,0.6,2,6082.56,300,0,0,0,0,300,80,0,28.8,0,0,0,70,80,1,30,80,1,1,0.1,0,
8,roaming,TEST_Stay_Zombie_M_Walk_08,models/npc/npc_a_zombie_normal_m/npc_a_zombie_normal_m_08.mdl,cso2mob_zombie_normal,0.6,2,6082.56,300,0,0,0,0,300,80,0,28.8,0,0,0,70,80,1,30,80,1,1,0.1,0,
9,roaming,TEST_Stay_Zombie_M_Walk_09,models/npc/npc_a_zombie_normal_m/npc_a_zombie_normal_m_09.mdl,cso2mob_zombie_normal,0.6,2,6082.56,300,0,0,0,0,300,80,0,28.8,0,0,0,70,80,1,30,80,1,1,0.1,0,
10,normal,TEST_Normal_Zombie_M_Walk_01,models/npc/npc_a_zombie_normal_m/npc_a_zombie_normal_m_01.mdl,cso2mob_zombie_normal,0.6,2,8448,3000,0,0,0,0,3000,80,0,28.8,0,0,0,70,80,1,30,80,1,1,0.1,0,
11,normal,TEST_Normal_Zombie_M_Walk_02,models/npc/npc_a_zombie_normal_m/npc_a_zombie_normal_m_02.mdl,cso2mob_zombie_normal,0.6,2,8448,3000,0,0,0,0,3000,80,0,28.8,0,0,0,70,80,1,30,80,1,1,0.1,0,
12,normal,TEST_Normal_Zombie_M_Walk_03,models/npc/npc_a_zombie_normal_m/npc_a_zombie_normal_m_03.mdl,cso2mob_zombie_normal,0.6,2,8448,3000,0,0,0,0,3000,80,0,28.8,0,0,0,70,80,1,30,80,1,1,0.1,0,
13,normal,TEST_Normal_Zombie_M_Walk_04,models/npc/npc_a_zombie_normal_m/npc_a_zombie_normal_m_04.mdl,cso2mob_zombie_normal,0.6,2,8448,3000,0,0,0,0,3000,80,0,28.8,0,0,0,70,80,1,30,80,1,1,0.1,0,
14,normal,TEST_Normal_Zombie_M_Walk_05,models/npc/npc_a_zombie_normal_m/npc_a_zombie_normal_m_05.mdl,cso2mob_zombie_normal,0.6,2,8448,3000,0,0,0,0,3000,80,0,28.8,0,0,0,70,80,1,30,80,1,1,0.1,0,
15,normal,TEST_Normal_Zombie_M_Walk_06,models/npc/npc_a_zombie_normal_m/npc_a_zombie_normal_m_06.mdl,cso2mob_zombie_normal,0.6,2,8448,3000,0,0,0,0,3000,80,0,28.8,0,0,0,70,80,1,30,80,1,1,0.1,0,
16,normal,TEST_Normal_Zombie_M_Walk_07,models/npc/npc_a_zombie_normal_m/npc_a_zombie_normal_m_07.mdl,cso2mob_zombie_normal,0.6,2,8448,3000,0,0,0,0,3000,80,0,28.8,0,0,0,70,80,1,30,80,1,1,0.1,0,
17,normal,TEST_Normal_Zombie_M_Walk_08,models/npc/npc_a_zombie_normal_m/npc_a_zombie_normal_m_08.mdl,cso2mob_zombie_normal,0.6,2,8448,3000,0,0,0,0,3000,80,0,28.8,0,0,0,70,80,1,30,80,1,1,0.1,0,
18,normal,TEST_Normal_Zombie_M_Walk_09,models/npc/npc_a_zombie_normal_m/npc_a_zombie_normal_m_09.mdl,cso2mob_zombie_normal,0.6,2,8448,3000,0,0,0,0,3000,80,0,28.8,0,0,0,70,80,1,30,80,1,1,0.1,0,
19,normal,TEST_Normal_Zombie_M_RUN_01,models/npc/npc_a_zombie_normal_m/npc_a_zombie_normal_m_10.mdl,cso2mob_zombie_normal,0.6,2,10137.6,3000,0,0,0,0,3000,80,0,36,0,0,210,70,80,1,30,80,1,1,0.1,0,
20,normal,TEST_Normal_Zombie_M_RUN_02,models/npc/npc_a_zombie_normal_m/npc_a_zombie_normal_m_11.mdl,cso2mob_zombie_normal,0.6,2,10137.6,3000,0,0,0,0,3000,80,0,36,0,0,210,70,80,1,30,80,1,1,0.1,0,
21,normal,TEST_Normal_Zombie_M_RUN_03,models/npc/npc_a_zombie_normal_m/npc_a_zombie_normal_m_12.mdl,cso2mob_zombie_normal,0.6,2,10137.6,3000,0,0,0,0,3000,80,0,36,0,0,210,70,80,1,30,80,1,1,0.1,0,
22,normal,TEST_Normal_Zombie_M_RUN_04,models/npc/npc_a_zombie_normal_m/npc_a_zombie_normal_m_13.mdl,cso2mob_zombie_normal,0.6,2,10137.6,3000,0,0,0,0,3000,80,0,36,0,0,210,70,80,1,30,80,1,1,0.1,0,
23,normal,TEST_Normal_Zombie_M_RUN_05,models/npc/npc_a_zombie_normal_m/npc_a_zombie_normal_m_14.mdl,cso2mob_zombie_normal,0.6,2,10137.6,3000,0,0,0,0,3000,80,0,36,0,0,210,70,80,1,30,80,1,1,0.1,0,
24,normal,TEST_Normal_Zombie_M_Fast_01,models/npc/npc_a_zombie_normal_m/npc_a_zombie_normal_m_15.mdl,cso2mob_zombie_normal,0.6,2,10137.6,3000,0,0,0,0,3000,80,0,36,0,0,300,70,80,1,30,80,1,1,0.1,0,
25,normal,TEST_Normal_Zombie_M_Fast_02,models/npc/npc_a_zombie_normal_m/npc_a_zombie_normal_m_16.mdl,cso2mob_zombie_normal,0.6,2,10137.6,3000,0,0,0,0,3000,80,0,36,0,0,300,70,80,1,30,80,1,1,0.1,0,
26,normal,TEST_Normal_Zombie_M_Strong_01,models/npc/npc_a_zombie_normal_m/npc_a_zombie_normal_m_17_r.mdl,cso2mob_zombie_normal,0.6,2,10137.6,3000,0,0,0,0,3000,80,0,40.32,0,0,300,70,80,1,30,80,1,1,0.1,0,
27,normal,TEST_Normal_Zombie_M_Strong_02,models/npc/npc_a_zombie_normal_m/npc_a_zombie_normal_m_18_r.mdl,cso2mob_zombie_normal,0.6,2,10137.6,3000,0,0,0,0,3000,80,0,40.32,0,0,300,70,80,1,30,80,1,1,0.1,0,
28,normal,TEST_Normal_Zombie_F_RUN_01,models/npc/npc_a_zombie_normal_f/npc_a_zombie_normal_f_01.mdl,cso2mob_zombie_normal,0.6,2,10137.6,3000,0,0,0,0,3000,80,0,34.56,0,0,210,70,80,1,30,80,1,1,0.1,0,
29,normal,TEST_Normal_Zombie_F_Walk_01,models/npc/npc_a_zombie_normal_f/npc_a_zombie_normal_f_02.mdl,cso2mob_zombie_normal,0.6,2,8448,3000,0,0,0,0,3000,80,0,34.56,0,0,0,70,80,1,30,80,1,1,0.1,0,
30,normal,TEST_Zombie_Dog_01,models/npc/npc_a_zombie_dog/npc_a_zombie_dog_01.mdl,cso2mob_zombie_dog,1,2,5406.72,3000,0,0,0,0,3000,80,0,14.4,0,0,291,70,80,1,100,80,1,0.2,0.1,0,
31,normal,TEST_Zombie_Dog_Strong_01,models/npc/npc_a_zombie_dog/npc_a_zombie_dog_02.mdl,cso2mob_zombie_dog,1,2,5406.72,3000,0,0,0,0,3000,80,0,14.4,0,0,291,70,80,1,100,80,1,0.2,0.1,0,
32,normal,TEST_Monster_Range_01,models/npc/npc_a_zombie_range/npc_a_zombie_range_r.mdl,cso2mob_zombie_range,1,2,13516.8,3000,0,0,1001,1100,3000,0,14.4,0,0,0,250,100,80,1,150,80,1,0.2,0.1,0,
33,normal,TEST_Monster_Giant_01,models/npc/npc_a_zombie_subboss/npc_a_zombie_subboss_01_r.mdl,cso2mob_zombie_giant,1,2,81100.8,3000,0,0,600,900,3000,200,0,112.32,0,600,350,180,80,1,1000,666.6666665,1,1,0.1,0,plague
34,normal,TEST_Zombie_Bomb_01,models/npc/npc_a_zombie_bomb/npc_a_zombie_bomb_01_r.mdl,cso2mob_zombie_bomb,1,2,27033.6,3000,0,0,0,300,300,108,0,129.6,0,400,350,70,80,1,80,80,1,0.2,0.1,0,
101,roaming,Lv1_Stay_Zombie_M_Walk_01,models/npc/npc_a_zombie_normal_m/npc_a_zombie_normal_m_01.mdl,cso2mob_zombie_normal,0.6,2,7299.072,300,0,0,0,0,300,80,0,28.8,0,0,0,70,80,1,30,32.5,1,1,0.1,0,
102,roaming,Lv1_Stay_Zombie_M_Walk_02,models/npc/npc_a_zombie_normal_m/npc_a_zombie_normal_m_02.mdl,cso2mob_zombie_normal,0.6,2,7299.072,300,0,0,0,0,300,80,0,28.8,0,0,0,70,80,1,30,32.5,1,1,0.1,0,
103,roaming,Lv1_Stay_Zombie_M_Walk_03,models/npc/npc_a_zombie_normal_m/npc_a_zombie_normal_m_03.mdl,cso2mob_zombie_normal,0.6,2,7299.072,300,0,0,0,0,300,80,0,28.8,0,0,0,70,80,1,30,32.5,1,1,0.1,0,
104,roaming,Lv1_Stay_Zombie_M_Walk_04,models/npc/npc_a_zombie_normal_m/npc_a_zombie_normal_m_04.mdl,cso2mob_zombie_normal,0.6,2,7299.072,300,0,0,0,0,300,80,0,28.8,0,0,0,70,80,1,30,32.5,1,1,0.1,0,
105,roaming,Lv1_Stay_Zombie_M_Walk_05,models/npc/npc_a_zombie_normal_m/npc_a_zombie_normal_m_05.mdl,cso2mob_zombie_normal,0.6,2,7299.072,300,0,0,0,0,300,80,0,28.8,0,0,0,70,80,1,30,32.5,1,1,0.1,0,
106,roaming,Lv1_Stay_Zombie_M_Walk_06,models/npc/npc_a_zombie_normal_m/npc_a_zombie_normal_m_06.mdl,cso2mob_zombie_normal,0.6,2,7299.072,300,0,0,0,0,300,80,0,28.8,0,0,0,70,80,1,30,32.5,1,1,0.1,0,
107,roaming,Lv1_Stay_Zombie_M_Walk_07,models/npc/npc_a_zombie_normal_m/npc_a_zombie_normal_m_07.mdl,cso2mob_zombie_normal,0.6,2,7299.072,300,0,0,0,0,300,80,0,28.8,0,0,0,70,80,1,30,32.5,1,1,0.1,0,
108,roaming,Lv1_Stay_Zombie_M_Walk_08,models/npc/npc_a_zombie_normal_m/npc_a_zombie_normal_m_08.mdl,cso2mob_zombie_normal,0.6,2,7299.072,300,0,0,0,0,300,80,0,28.8,0,0,0,70,80,1,30,32.5,1,1,0.1,0,
109,roaming,Lv1_Stay_Zombie_M_Walk_09,models/npc/npc_a_zombie_normal_m/npc_a_zombie_normal_m_09.mdl,cso2mob_zombie_normal,0.6,2,7299.072,300,0,0,0,0,300,80,0,28.8,0,0,0,70,80,1,30,32.5,1,1,0.1,0,
110,normal,Lv1_Normal_Zombie_M_Walk_01,models/npc/npc_a_zombie_normal_m/npc_a_zombie_normal_m_01.mdl,cso2mob_zombie_normal,0.6,2,10137.6,3000,0,0,0,0,3000,80,0,28.8,0,0,0,70,80,1,30,32.5,1,1,0.1,0,
111,normal,Lv1_Normal_Zombie_M_Walk_02,models/npc/npc_a_zombie_normal_m/npc_a_zombie_normal_m_02.mdl,cso2mob_zombie_normal,0.6,2,10137.6,3000,0,0,0,0,3000,80,0,28.8,0,0,0,70,80,1,30,32.5,1,1,0.1,0,
112,normal,Lv1_Normal_Zombie_M_Walk_03,models/npc/npc_a_zombie_normal_m/npc_a_zombie_normal_m_03.mdl,cso2mob_zombie_normal,0.6,2,10137.6,3000,0,0,0,0,3000,80,0,28.8,0,0,0,70,80,1,30,32.5,1,1,0.1,0,
113,normal,Lv1_Normal_Zombie_M_Walk_04,models/npc/npc_a_zombie_normal_m/npc_a_zombie_normal_m_04.mdl,cso2mob_zombie_normal,0.6,2,10137.6,3000,0,0,0,0,3000,80,0,28.8,0,0,0,70,80,1,30,32.5,1,1,0.1,0,
114,normal,Lv1_Normal_Zombie_M_Walk_05,models/npc/npc_a_zombie_normal_m/npc_a_zombie_normal_m_05.mdl,cso2mob_zombie_normal,0.6,2,10137.6,3000,0,0,0,0,3000,80,0,28.8,0,0,0,70,80,1,30,32.5,1,1,0.1,0,
115,normal,Lv1_Normal_Zombie_M_Walk_06,models/npc/npc_a_zombie_normal_m/npc_a_zombie_normal_m_06.mdl,cso2mob_zombie_normal,0.6,2,10137.6,3000,0,0,0,0,3000,80,0,28.8,0,0,0,70,80,1,30,32.5,1,1,0.1,0,
116,normal,Lv1_Normal_Zombie_M_Walk_07,models/npc/npc_a_zombie_normal_m/npc_a_zombie_normal_m_07.mdl,cso2mob_zombie_normal,0.6,2,10137.6,3000,0,0,0,0,3000,80,0,28.8,0,0,0,70,80,1,30,32.5,1,1,0.1,0,
117,normal,Lv1_Normal_Zombie_M_Walk_08,models/npc/npc_a_zombie_normal_m/npc_a_zombie_normal_m_08.mdl,cso2mob_zombie_normal,0.6,2,10137.6,3000,0,0,0,0,3000,80,0,28.8,0,0,0,70,80,1,30,32.5,1,1,0.1,0,
118,normal,Lv1_Normal_Zombie_M_Walk_09,models/npc/npc_a_zombie_normal_m/npc_a_zombie_normal_m_09.mdl,cso2mob_zombie_normal,0.6,2,10137.6,3000,0,0,0,0,3000,80,0,28.8,0,0,0,70,80,1,30,32.5,1,1,0.1,0,
119,normal,Lv1_Normal_Zombie_M_RUN_01,models/npc/npc_a_zombie_normal_m/npc_a_zombie_normal_m_10.mdl,cso2mob_zombie_normal,0.6,2,12165.12,3000,0,0,0,0,3000,80,0,36,0,0,210,70,80,1,30,32.5,1,1,0.1,0,
120,normal,Lv1_Normal_Zombie_M_RUN_02,models/npc/npc_a_zombie_normal_m/npc_a_zombie_normal_m_11.mdl,cso2mob_zombie_normal,0.6,2,12165.12,3000,0,0,0,0,3000,80,0,36,0,0,210,70,80,1,30,32.5,1,1,0.1,0,
121,normal,Lv1_Normal_Zombie_M_RUN_03,models/npc/npc_a_zombie_normal_m/npc_a_zombie_normal_m_12.mdl,cso2mob_zombie_normal,0.6,2,12165.12,3000,0,0,0,0,3000,80,0,36,0,0,210,70,80,1,30,32.5,1,1,0.1,0,
122,normal,Lv1_Normal_Zombie_M_RUN_04,models/npc/npc_a_zombie_normal_m/npc_a_zombie_normal_m_13.mdl,cso2mob_zombie_normal,0.6,2,12165.12,3000,0,0,0,0,3000,80,0,36,0,0,210,70,80,1,30,32.5,1,1,0.1,0,
123,normal,Lv1_Normal_Zombie_M_RUN_05,models/npc/npc_a_zombie_normal_m/npc_a_zombie_normal_m_14.mdl,cso2mob_zombie_normal,0.6,2,12165.12,3000,0,0,0,0,3000,80,0,36,0,0,210,70,80,1,30,32.5,1,1,0.1,0,
124,normal,Lv1_Normal_Zombie_M_Fast_01,models/npc/npc_a_zombie_normal_m/npc_a_zombie_normal_m_15.mdl,cso2mob_zombie_normal,0.6,2,12165.12,3000,0,0,0,0,3000,80,0,36,0,0,300,70,80,1,30,32.5,1,1,0.1,0,
125,normal,Lv1_Normal_Zombie_M_Fast_02,models/npc/npc_a_zombie_normal_m/npc_a_zombie_normal_m_16.mdl,cso2mob_zombie_normal,0.6,2,12165.12,3000,0,0,0,0,3000,80,0,36,0,0,300,70,80,1,30,32.5,1,1,0.1,0,
126,normal,Lv1_Normal_Zombie_M_Strong_01,models/npc/npc_a_zombie_normal_m/npc_a_zombie_normal_m_17_r.mdl,cso2mob_zombie_normal,0.6,2,12165.12,3000,0,0,0,0,3000,80,0,40.32,0,0,300,70,80,1,30,32.5,1,1,0.1,0,
127,normal,Lv1_Normal_Zombie_M_Strong_02,models/npc/npc_a_zombie_normal_m/npc_a_zombie_normal_m_18_r.mdl,cso2mob_zombie_normal,0.6,2,12165.12,3000,0,0,0,0,3000,80,0,40.32,0,0,300,70,80,1,30,32.5,1,1,0.1,0,
128,normal,Lv1_Normal_Zombie_F_RUN_01,models/npc/npc_a_zombie_normal_f/npc_a_zombie_normal_f_01.mdl,cso2mob_zombie_normal,0.6,2,12165.12,3000,0,0,0,0,3000,80,0,34.56,0,0,210,70,80,1,30,32.5,1,1,0.1,0,
129,normal,Lv1_Normal_Zombie_F_Walk_01,models/npc/npc_a_zombie_normal_f/npc_a_zombie_normal_f_02.mdl,cso2mob_zombie_normal,0.6,2,10137.6,3000,0,0,0,0,3000,80,0,34.56,0,0,0,70,80,1,30,32.5,1,1,0.1,0,
130,normal,Lv1_Zombie_Dog_01,models/npc/npc_a_zombie_dog/npc_a_zombie_dog_01.mdl,cso2mob_zombie_dog,1,2,6488.064,3000,0,0,0,0,3000,80,0,14.4,0,0,291,70,80,1,100,32.5,1,0.2,0.1,0,
131,normal,Lv1_Zombie_Dog_Strong_01,models/npc/npc_a_zombie_dog/npc_a_zombie_dog_02.mdl,cso2mob_zombie_dog,1,2,6488.064,3000,0,0,0,0,3000,80,0,14.4,0,0,291,70,80,1,100,32.5,1,0.2,0.1,0,
132,normal,Lv1_Monster_Range_01,models/npc/npc_a_zombie_range/npc_a_zombie_range_r.mdl,cso2mob_zombie_range,1,2,16220.16,3000,0,0,1001,1100,3000,0,14.4,0,0,0,250,100,80,1,150,32.5,1,0.2,0.1,0,
133,normal,Lv1_Monster_Giant_01,models/npc/npc_a_zombie_subboss/npc_a_zombie_subboss_01_r.mdl,cso2mob_zombie_giant,1,2,109608.96,3000,0,0,600,900,3000,200,0,112.32,0,600,350,180,80,1,1000,666.6666665,1,1,0.1,0,plague
134,normal,Lv1_Zombie_Bomb_01,models/npc/npc_a_zombie_bomb/npc_a_zombie_bomb_01_r.mdl,cso2mob_zombie_bomb,1,2,32440.32,3000,0,0,0,300,300,108,0,129.6,0,400,350,70,80,1,80,32.5,1,0.2,0.1,0,
201,roaming,Lv2_Stay_Zombie_M_Walk_01,models/npc/npc_a_zombie_normal_m/npc_a_zombie_normal_m_01.mdl,cso2mob_zombie_normal,0.6,2,9488.7936,300,0,0,0,0,300,80,0,34.56,0,0,0,70,80,1,30,80,1,1,0.1,0,
202,roaming,Lv2_Stay_Zombie_M_Walk_02,models/npc/npc_a_zombie_normal_m/npc_a_zombie_normal_m_02.mdl,cso2mob_zombie_normal,0.6,2,9488.7936,300,0,0,0,0,300,80,0,34.56,0,0,0,70,80,1,30,80,1,1,0.1,0,
203,roaming,Lv2_Stay_Zombie_M_Walk_03,models/npc/npc_a_zombie_normal_m/npc_a_zombie_normal_m_03.mdl,cso2mob_zombie_normal,0.6,2,9488.7936,300,0,0,0,0,300,80,0,34.56,0,0,0,70,80,1,30,80,1,1,0.1,0,
204,roaming,Lv2_Stay_Zombie_M_Walk_04,models/npc/npc_a_zombie_normal_m/npc_a_zombie_normal_m_04.mdl,cso2mob_zombie_normal,0.6,2,9488.7936,300,0,0,0,0,300,80,0,34.56,0,0,0,70,80,1,30,80,1,1,0.1,0,
205,roaming,Lv2_Stay_Zombie_M_Walk_05,models/npc/npc_a_zombie_normal_m/npc_a_zombie_normal_m_05.mdl,cso2mob_zombie_normal,0.6,2,9488.7936,300,0,0,0,0,300,80,0,34.56,0,0,0,70,80,1,30,80,1,1,0.1,0,
206,roaming,Lv2_Stay_Zombie_M_Walk_06,models/npc/npc_a_zombie_normal_m/npc_a_zombie_normal_m_06.mdl,cso2mob_zombie_normal,0.6,2,9488.7936,300,0,0,0,0,300,80,0,34.56,0,0,0,70,80,1,30,80,1,1,0.1,0,
207,roaming,Lv2_Stay_Zombie_M_Walk_07,models/npc/npc_a_zombie_normal_m/npc_a_zombie_normal_m_07.mdl,cso2mob_zombie_normal,0.6,2,9488.7936,300,0,0,0,0,300,80,0,34.56,0,0,0,70,80,1,30,80,1,1,0.1,0,
208,roaming,Lv2_Stay_Zombie_M_Walk_08,models/npc/npc_a_zombie_normal_m/npc_a_zombie_normal_m_08.mdl,cso2mob_zombie_normal,0.6,2,9488.7936,300,0,0,0,0,300,80,0,34.56,0,0,0,70,80,1,30,80,1,1,0.1,0,
209,roaming,Lv2_Stay_Zombie_M_Walk_09,models/npc/npc_a_zombie_normal_m/npc_a_zombie_normal_m_09.mdl,cso2mob_zombie_normal,0.6,2,9488.7936,300,0,0,0,0,300,80,0,34.56,0,0,0,70,80,1,30,80,1,1,0.1,0,
210,normal,Lv2_Normal_Zombie_M_Walk_01,models/npc/npc_a_zombie_normal_m/npc_a_zombie_normal_m_01.mdl,cso2mob_zombie_normal,0.6,2,13178.88,3000,0,0,0,0,3000,80,0,34.56,0,0,0,70,80,1,30,80,1,1,0.1,0,
211,normal,Lv2_Normal_Zombie_M_Walk_02,models/npc/npc_a_zombie_normal_m/npc_a_zombie_normal_m_02.mdl,cso2mob_zombie_normal,0.6,2,13178.88,3000,0,0,0,0,3000,80,0,34.56,0,0,0,70,80,1,30,80,1,1,0.1,0,
212,normal,Lv2_Normal_Zombie_M_Walk_03,models/npc/npc_a_zombie_normal_m/npc_a_zombie_normal_m_03.mdl,cso2mob_zombie_normal,0.6,2,13178.88,3000,0,0,0,0,3000,80,0,34.56,0,0,0,70,80,1,30,80,1,1,0.1,0,
213,normal,Lv2_Normal_Zombie_M_Walk_04,models/npc/npc_a_zombie_normal_m/npc_a_zombie_normal_m_04.mdl,cso2mob_zombie_normal,0.6,2,13178.88,3000,0,0,0,0,3000,80,0,34.56,0,0,0,70,80,1,30,80,1,1,0.1,0,
214,normal,Lv2_Normal_Zombie_M_Walk_05,models/npc/npc_a_zombie_normal_m/npc_a_zombie_normal_m_05.mdl,cso2mob_zombie_normal,0.6,2,13178.88,3000,0,0,0,0,3000,80,0,34.56,0,0,0,70,80,1,30,80,1,1,0.1,0,
215,normal,Lv2_Normal_Zombie_M_Walk_06,models/npc/npc_a_zombie_normal_m/npc_a_zombie_normal_m_06.mdl,cso2mob_zombie_normal,0.6,2,13178.88,3000,0,0,0,0,3000,80,0,34.56,0,0,0,70,80,1,30,80,1,1,0.1,0,
216,normal,Lv2_Normal_Zombie_M_Walk_07,models/npc/npc_a_zombie_normal_m/npc_a_zombie_normal_m_07.mdl,cso2mob_zombie_normal,0.6,2,13178.88,3000,0,0,0,0,3000,80,0,34.56,0,0,0,70,80,1,30,80,1,1,0.1,0,
217,normal,Lv2_Normal_Zombie_M_Walk_08,models/npc/npc_a_zombie_normal_m/npc_a_zombie_normal_m_08.mdl,cso2mob_zombie_normal,0.6,2,13178.88,3000,0,0,0,0,3000,80,0,34.56,0,0,0,70,80,1,30,80,1,1,0.1,0,
218,normal,Lv2_Normal_Zombie_M_Walk_09,models/npc/npc_a_zombie_normal_m/npc_a_zombie_normal_m_09.mdl,cso2mob_zombie_normal,0.6,2,13178.88,3000,0,0,0,0,3000,80,0,34.56,0,0,0,70,80,1,30,80,1,1,0.1,0,
219,normal,Lv2_Normal_Zombie_M_RUN_01,models/npc/npc_a_zombie_normal_m/npc_a_zombie_normal_m_10.mdl,cso2mob_zombie_normal,0.6,2,15814.656,3000,0,0,0,0,3000,80,0,43.2,0,0,210,70,80,1,30,80,1,1,0.1,0,
220,normal,Lv2_Normal_Zombie_M_RUN_02,models/npc/npc_a_zombie_normal_m/npc_a_zombie_normal_m_11.mdl,cso2mob_zombie_normal,0.6,2,15814.656,3000,0,0,0,0,3000,80,0,43.2,0,0,210,70,80,1,30,80,1,1,0.1,0,
221,normal,Lv2_Normal_Zombie_M_RUN_03,models/npc/npc_a_zombie_normal_m/npc_a_zombie_normal_m_12.mdl,cso2mob_zombie_normal,0.6,2,15814.656,3000,0,0,0,0,3000,80,0,43.2,0,0,210,70,80,1,30,80,1,1,0.1,0,
222,normal,Lv2_Normal_Zombie_M_RUN_04,models/npc/npc_a_zombie_normal_m/npc_a_zombie_normal_m_13.mdl,cso2mob_zombie_normal,0.6,2,15814.656,3000,0,0,0,0,3000,80,0,43.2,0,0,210,70,80,1,30,80,1,1,0.1,0,
223,normal,Lv2_Normal_Zombie_M_RUN_05,models/npc/npc_a_zombie_normal_m/npc_a_zombie_normal_m_14.mdl,cso2mob_zombie_normal,0.6,2,15814.656,3000,0,0,0,0,3000,80,0,43.2,0,0,210,70,80,1,30,80,1,1,0.1,0,
224,normal,Lv2_Normal_Zombie_M_Fast_01,models/npc/npc_a_zombie_normal_m/npc_a_zombie_normal_m_15.mdl,cso2mob_zombie_normal,0.6,2,15814.656,3000,0,0,0,0,3000,80,0,43.2,0,0,300,70,80,1,30,80,1,1,0.1,0,
225,normal,Lv2_Normal_Zombie_M_Fast_02,models/npc/npc_a_zombie_normal_m/npc_a_zombie_normal_m_16.mdl,cso2mob_zombie_normal,0.6,2,15814.656,3000,0,0,0,0,3000,80,0,43.2,0,0,300,70,80,1,30,80,1,1,0.1,0,
226,normal,Lv2_Normal_Zombie_M_Strong_01,models/npc/npc_a_zombie_normal_m/npc_a_zombie_normal_m_17_r.mdl,cso2mob_zombie_normal,0.6,2,15814.656,3000,0,0,0,0,3000,80,0,47.52,0,0,300,70,80,1,30,80,1,1,0.1,0,
227,normal,Lv2_Normal_Zombie_M_Strong_02,models/npc/npc_a_zombie_normal_m/npc_a_zombie_normal_m_18_r.mdl,cso2mob_zombie_normal,0.6,2,15814.656,3000,0,0,0,0,3000,80,0,47.52,0,0,300,70,80,1,30,80,1,1,0.1,0,
228,normal,Lv2_Normal_Zombie_F_RUN_01,models/npc/npc_a_zombie_normal_f/npc_a_zombie_normal_f_01.mdl,cso2mob_zombie_normal,0.6,2,15814.656,3000,0,0,0,0,3000,80,0,40.32,0,0,210,70,80,1,30,80,1,1,0.1,0,
229,normal,Lv2_Normal_Zombie_F_Walk_01,models/npc/npc_a_zombie_normal_f/npc_a_zombie_normal_f_02.mdl,cso2mob_zombie_normal,0.6,2,13178.88,3000,0,0,0,0,3000,80,0,40.32,0,0,0,70,80,1,30,80,1,1,0.1,0,
230,normal,Lv2_Zombie_Dog_01,models/npc/npc_a_zombie_dog/npc_a_zombie_dog_01.mdl,cso2mob_zombie_dog,1,2,8434.4832,3000,0,0,0,0,3000,80,0,17.28,0,0,291,70,80,1,100,80,1,0.2,0.1,0,
231,normal,Lv2_Zombie_Dog_Strong_01,models/npc/npc_a_zombie_dog/npc_a_zombie_dog_02.mdl,cso2mob_zombie_dog,1,2,8434.4832,3000,0,0,0,0,3000,80,0,17.28,0,0,291,70,80,1,100,80,1,0.2,0.1,0,
232,normal,Lv2_Monster_Range_01,models/npc/npc_a_zombie_range/npc_a_zombie_range_r.mdl,cso2mob_zombie_range,1,2,21086.208,3000,0,0,1001,1100,3000,0,14.4,0,0,0,250,100,80,1,150,80,1,0.2,0.1,0,
233,normal,Lv2_Monster_Giant_01,models/npc/npc_a_zombie_subboss/npc_a_zombie_subboss_01_r.mdl,cso2mob_zombie_giant,1,2,144949.248,3000,0,0,600,900,3000,200,0,133.92,0,600,350,180,80,1,1000,666.6666665,1,1,0.1,0,plague
234,normal,Lv2_Zombie_Bomb_01,models/npc/npc_a_zombie_bomb/npc_a_zombie_bomb_01_r.mdl,cso2mob_zombie_bomb,1,2,42172.416,3000,0,0,0,300,300,108,0,155.52,0,400,350,70,80,1,80,80,1,0.2,0.1,0,
301,roaming,Lv3_Stay_Zombie_M_Walk_01,models/npc/npc_a_zombie_normal_m/npc_a_zombie_normal_m_01.mdl,cso2mob_zombie_normal,0.6,2,12334.08,300,0,0,0,0,300,80,0,44.64,0,0,0,70,80,1,30,45,1,2,0.1,0,
302,roaming,Lv3_Stay_Zombie_M_Walk_02,models/npc/npc_a_zombie_normal_m/npc_a_zombie_normal_m_02.mdl,cso2mob_zombie_normal,0.6,2,12334.08,300,0,0,0,0,300,80,0,44.64,0,0,0,70,80,1,30,45,1,2,0.1,0,
303,roaming,Lv3_Stay_Zombie_M_Walk_03,models/npc/npc_a_zombie_normal_m/npc_a_zombie_normal_m_03.mdl,cso2mob_zombie_normal,0.6,2,12334.08,300,0,0,0,0,300,80,0,44.64,0,0,0,70,80,1,30,45,1,2,0.1,0,
304,roaming,Lv3_Stay_Zombie_M_Walk_04,models/npc/npc_a_zombie_normal_m/npc_a_zombie_normal_m_04.mdl,cso2mob_zombie_normal,0.6,2,12334.08,300,0,0,0,0,300,80,0,44.64,0,0,0,70,80,1,30,45,1,2,0.1,0,
305,roaming,Lv3_Stay_Zombie_M_Walk_05,models/npc/npc_a_zombie_normal_m/npc_a_zombie_normal_m_05.mdl,cso2mob_zombie_normal,0.6,2,12334.08,300,0,0,0,0,300,80,0,44.64,0,0,0,70,80,1,30,45,1,2,0.1,0,
306,roaming,Lv3_Stay_Zombie_M_Walk_06,models/npc/npc_a_zombie_normal_m/npc_a_zombie_normal_m_06.mdl,cso2mob_zombie_normal,0.6,2,12334.08,300,0,0,0,0,300,80,0,44.64,0,0,0,70,80,1,30,45,1,2,0.1,0,
307,roaming,Lv3_Stay_Zombie_M_Walk_07,models/npc/npc_a_zombie_normal_m/npc_a_zombie_normal_m_07.mdl,cso2mob_zombie_normal,0.6,2,12334.08,300,0,0,0,0,300,80,0,44.64,0,0,0,70,80,1,30,45,1,2,0.1,0,
308,roaming,Lv3_Stay_Zombie_M_Walk_08,models/npc/npc_a_zombie_normal_m/npc_a_zombie_normal_m_08.mdl,cso2mob_zombie_normal,0.6,2,12334.08,300,0,0,0,0,300,80,0,44.64,0,0,0,70,80,1,30,45,1,2,0.1,0,
309,roaming,Lv3_Stay_Zombie_M_Walk_09,models/npc/npc_a_zombie_normal_m/npc_a_zombie_normal_m_09.mdl,cso2mob_zombie_normal,0.6,2,12334.08,300,0,0,0,0,300,80,0,44.64,0,0,0,70,80,1,30,45,1,2,0.1,0,
310,normal,Lv3_Normal_Zombie_M_Walk_01,models/npc/npc_a_zombie_normal_m/npc_a_zombie_normal_m_01.mdl,cso2mob_zombie_normal,0.6,2,17132.544,3000,0,0,0,0,3000,80,0,44.64,0,0,0,70,80,1,30,45,1,2,0.1,0,
311,normal,Lv3_Normal_Zombie_M_Walk_02,models/npc/npc_a_zombie_normal_m/npc_a_zombie_normal_m_02.mdl,cso2mob_zombie_normal,0.6,2,17132.544,3000,0,0,0,0,3000,80,0,44.64,0,0,0,70,80,1,30,45,1,2,0.1,0,
312,normal,Lv3_Normal_Zombie_M_Walk_03,models/npc/npc_a_zombie_normal_m/npc_a_zombie_normal_m_03.mdl,cso2mob_zombie_normal,0.6,2,17132.544,3000,0,0,0,0,3000,80,0,44.64,0,0,0,70,80,1,30,45,1,2,0.1,0,
313,normal,Lv3_Normal_Zombie_M_Walk_04,models/npc/npc_a_zombie_normal_m/npc_a_zombie_normal_m_04.mdl,cso2mob_zombie_normal,0.6,2,17132.544,3000,0,0,0,0,3000,80,0,44.64,0,0,0,70,80,1,30,45,1,2,0.1,0,
314,normal,Lv3_Normal_Zombie_M_Walk_05,models/npc/npc_a_zombie_normal_m/npc_a_zombie_normal_m_05.mdl,cso2mob_zombie_normal,0.6,2,17132.544,3000,0,0,0,0,3000,80,0,44.64,0,0,0,70,80,1,30,45,1,2,0.1,0,
315,normal,Lv3_Normal_Zombie_M_Walk_06,models/npc/npc_a_zombie_normal_m/npc_a_zombie_normal_m_06.mdl,cso2mob_zombie_normal,0.6,2,17132.544,3000,0,0,0,0,3000,80,0,44.64,0,0,0,70,80,1,30,45,1,2,0.1,0,
316,normal,Lv3_Normal_Zombie_M_Walk_07,models/npc/npc_a_zombie_normal_m/npc_a_zombie_normal_m_07.mdl,cso2mob_zombie_normal,0.6,2,17132.544,3000,0,0,0,0,3000,80,0,44.64,0,0,0,70,80,1,30,45,1,2,0.1,0,
317,normal,Lv3_Normal_Zombie_M_Walk_08,models/npc/npc_a_zombie_normal_m/npc_a_zombie_normal_m_08.mdl,cso2mob_zombie_normal,0.6,2,17132.544,3000,0,0,0,0,3000,80,0,44.64,0,0,0,70,80,1,30,45,1,2,0.1,0,
318,normal,Lv3_Normal_Zombie_M_Walk_09,models/npc/npc_a_zombie_normal_m/npc_a_zombie_normal_m_09.mdl,cso2mob_zombie_normal,0.6,2,17132.544,3000,0,0,0,0,3000,80,0,44.64,0,0,0,70,80,1,30,45,1,2,0.1,0,
319,normal,Lv3_Normal_Zombie_M_RUN_01,models/npc/npc_a_zombie_normal_m/npc_a_zombie_normal_m_10.mdl,cso2mob_zombie_normal,0.6,2,20559.0528,3000,0,0,0,0,3000,80,0,56.16,0,0,210,70,80,1,30,45,1,2,0.1,0,
320,normal,Lv3_Normal_Zombie_M_RUN_02,models/npc/npc_a_zombie_normal_m/npc_a_zombie_normal_m_11.mdl,cso2mob_zombie_normal,0.6,2,20559.0528,3000,0,0,0,0,3000,80,0,56.16,0,0,210,70,80,1,30,45,1,2,0.1,0,
321,normal,Lv3_Normal_Zombie_M_RUN_03,models/npc/npc_a_zombie_normal_m/npc_a_zombie_normal_m_12.mdl,cso2mob_zombie_normal,0.6,2,20559.0528,3000,0,0,0,0,3000,80,0,56.16,0,0,210,70,80,1,30,45,1,2,0.1,0,
322,normal,Lv3_Normal_Zombie_M_RUN_04,models/npc/npc_a_zombie_normal_m/npc_a_zombie_normal_m_13.mdl,cso2mob_zombie_normal,0.6,2,20559.0528,3000,0,0,0,0,3000,80,0,56.16,0,0,210,70,80,1,30,45,1,2,0.1,0,
323,normal,Lv3_Normal_Zombie_M_RUN_05,models/npc/npc_a_zombie_normal_m/npc_a_zombie_normal_m_14.mdl,cso2mob_zombie_normal,0.6,2,20559.0528,3000,0,0,0,0,3000,80,0,56.16,0,0,210,70,80,1,30,45,1,2,0.1,0,
324,normal,Lv3_Normal_Zombie_M_Fast_01,models/npc/npc_a_zombie_normal_m/npc_a_zombie_normal_m_15.mdl,cso2mob_zombie_normal,0.6,2,20559.0528,3000,0,0,0,0,3000,80,0,56.16,0,0,300,70,80,1,30,45,1,2,0.1,0,
325,normal,Lv3_Normal_Zombie_M_Fast_02,models/npc/npc_a_zombie_normal_m/npc_a_zombie_normal_m_16.mdl,cso2mob_zombie_normal,0.6,2,20559.0528,3000,0,0,0,0,3000,80,0,56.16,0,0,300,70,80,1,30,45,1,2,0.1,0,
326,normal,Lv3_Normal_Zombie_M_Strong_01,models/npc/npc_a_zombie_normal_m/npc_a_zombie_normal_m_17_r.mdl,cso2mob_zombie_normal,0.6,2,20559.0528,3000,0,0,0,0,3000,80,0,61.92,0,0,300,70,80,1,30,45,1,2,0.1,0,
327,normal,Lv3_Normal_Zombie_M_Strong_02,models/npc/npc_a_zombie_normal_m/npc_a_zombie_normal_m_18_r.mdl,cso2mob_zombie_normal,0.6,2,20559.0528,3000,0,0,0,0,3000,80,0,61.92,0,0,300,70,80,1,30,45,1,2,0.1,0,
328,normal,Lv3_Normal_Zombie_F_RUN_01,models/npc/npc_a_zombie_normal_f/npc_a_zombie_normal_f_01.mdl,cso2mob_zombie_normal,0.6,2,20559.0528,3000,0,0,0,0,3000,80,0,53.28,0,0,210,70,80,1,30,45,1,2,0.1,0,
329,normal,Lv3_Normal_Zombie_F_Walk_01,models/npc/npc_a_zombie_normal_f/npc_a_zombie_normal_f_02.mdl,cso2mob_zombie_normal,0.6,2,17132.544,3000,0,0,0,0,3000,80,0,54.72,0,0,0,70,80,1,30,45,1,2,0.1,0,
330,normal,Lv3_Zombie_Dog_01,models/npc/npc_a_zombie_dog/npc_a_zombie_dog_01.mdl,cso2mob_zombie_dog,1,2,10964.82816,3000,0,0,0,0,3000,80,0,21.6,0,0,291,70,80,1,100,45,1,2,0.1,0,
331,normal,Lv3_Zombie_Dog_Strong_01,models/npc/npc_a_zombie_dog/npc_a_zombie_dog_02.mdl,cso2mob_zombie_dog,1,2,10964.82816,3000,0,0,0,0,3000,80,0,21.6,0,0,291,70,80,1,100,45,1,2,0.1,0,
332,normal,Lv3_Monster_Range_01,models/npc/npc_a_zombie_range/npc_a_zombie_range_r.mdl,cso2mob_zombie_range,1,2,27412.0704,3000,0,0,1001,1100,3000,0,14.4,0,0,0,250,100,80,1,150,45,1,2,0.1,0,
333,normal,Lv3_Monster_Giant_01,models/npc/npc_a_zombie_subboss/npc_a_zombie_subboss_01_r.mdl,cso2mob_zombie_giant,1,2,185975.808,3000,0,0,600,900,3000,200,0,174.24,0,600,350,180,80,1,1000,666.6666665,1,2,0.1,0,plague
334,normal,Lv3_Zombie_Bomb_01,models/npc/npc_a_zombie_bomb/npc_a_zombie_bomb_01_r.mdl,cso2mob_zombie_bomb,1,2,54824.1408,3000,0,0,0,300,300,108,0,201.6,0,400,350,70,80,1,80,45,1,2,0.1,0,
401,roaming,Lv4_Stay_Zombie_M_Walk_01,models/npc/npc_a_zombie_normal_m/npc_a_zombie_normal_m_01.mdl,cso2mob_zombie_normal,0.6,2,13753.344,300,0,0,0,0,300,80,0,64.8,0,0,0,70,80,1,30,75,1,2,0.1,0,
402,roaming,Lv4_Stay_Zombie_M_Walk_02,models/npc/npc_a_zombie_normal_m/npc_a_zombie_normal_m_02.mdl,cso2mob_zombie_normal,0.6,2,13753.344,300,0,0,0,0,300,80,0,64.8,0,0,0,70,80,1,30,75,1,2,0.1,0,
403,roaming,Lv4_Stay_Zombie_M_Walk_03,models/npc/npc_a_zombie_normal_m/npc_a_zombie_normal_m_03.mdl,cso2mob_zombie_normal,0.6,2,13753.344,300,0,0,0,0,300,80,0,64.8,0,0,0,70,80,1,30,75,1,2,0.1,0,
404,roaming,Lv4_Stay_Zombie_M_Walk_04,models/npc/npc_a_zombie_normal_m/npc_a_zombie_normal_m_04.mdl,cso2mob_zombie_normal,0.6,2,13753.344,300,0,0,0,0,300,80,0,64.8,0,0,0,70,80,1,30,75,1,2,0.1,0,
405,roaming,Lv4_Stay_Zombie_M_Walk_05,models/npc/npc_a_zombie_normal_m/npc_a_zombie_normal_m_05.mdl,cso2mob_zombie_normal,0.6,2,13753.344,300,0,0,0,0,300,80,0,64.8,0,0,0,70,80,1,30,75,1,2,0.1,0,
406,roaming,Lv4_Stay_Zombie_M_Walk_06,models/npc/npc_a_zombie_normal_m/npc_a_zombie_normal_m_06.mdl,cso2mob_zombie_normal,0.6,2,13753.344,300,0,0,0,0,300,80,0,64.8,0,0,0,70,80,1,30,75,1,2,0.1,0,
407,roaming,Lv4_Stay_Zombie_M_Walk_07,models/npc/npc_a_zombie_normal_m/npc_a_zombie_normal_m_07.mdl,cso2mob_zombie_normal,0.6,2,13753.344,300,0,0,0,0,300,80,0,64.8,0,0,0,70,80,1,30,75,1,2,0.1,0,
408,roaming,Lv4_Stay_Zombie_M_Walk_08,models/npc/npc_a_zombie_normal_m/npc_a_zombie_normal_m_08.mdl,cso2mob_zombie_normal,0.6,2,13753.344,300,0,0,0,0,300,80,0,64.8,0,0,0,70,80,1,30,75,1,2,0.1,0,
409,roaming,Lv4_Stay_Zombie_M_Walk_09,models/npc/npc_a_zombie_normal_m/npc_a_zombie_normal_m_09.mdl,cso2mob_zombie_normal,0.6,2,13753.344,300,0,0,0,0,300,80,0,64.8,0,0,0,70,80,1,30,75,1,2,0.1,0,
410,normal,Lv4_Normal_Zombie_M_Walk_01,models/npc/npc_a_zombie_normal_m/npc_a_zombie_normal_m_01.mdl,cso2mob_zombie_normal,0.6,2,19109.376,3000,0,0,0,0,3000,80,0,64.8,0,0,0,70,80,1,30,75,1,2,0.1,0,
411,normal,Lv4_Normal_Zombie_M_Walk_02,models/npc/npc_a_zombie_normal_m/npc_a_zombie_normal_m_02.mdl,cso2mob_zombie_normal,0.6,2,19109.376,3000,0,0,0,0,3000,80,0,64.8,0,0,0,70,80,1,30,75,1,2,0.1,0,
412,normal,Lv4_Normal_Zombie_M_Walk_03,models/npc/npc_a_zombie_normal_m/npc_a_zombie_normal_m_03.mdl,cso2mob_zombie_normal,0.6,2,19109.376,3000,0,0,0,0,3000,80,0,64.8,0,0,0,70,80,1,30,75,1,2,0.1,0,
413,normal,Lv4_Normal_Zombie_M_Walk_04,models/npc/npc_a_zombie_normal_m/npc_a_zombie_normal_m_04.mdl,cso2mob_zombie_normal,0.6,2,19109.376,3000,0,0,0,0,3000,80,0,64.8,0,0,0,70,80,1,30,75,1,2,0.1,0,
414,normal,Lv4_Normal_Zombie_M_Walk_05,models/npc/npc_a_zombie_normal_m/npc_a_zombie_normal_m_05.mdl,cso2mob_zombie_normal,0.6,2,19109.376,3000,0,0,0,0,3000,80,0,64.8,0,0,0,70,80,1,30,75,1,2,0.1,0,
415,normal,Lv4_Normal_Zombie_M_Walk_06,models/npc/npc_a_zombie_normal_m/npc_a_zombie_normal_m_06.mdl,cso2mob_zombie_normal,0.6,2,19109.376,3000,0,0,0,0,3000,80,0,64.8,0,0,0,70,80,1,30,75,1,2,0.1,0,
416,normal,Lv4_Normal_Zombie_M_Walk_07,models/npc/npc_a_zombie_normal_m/npc_a_zombie_normal_m_07.mdl,cso2mob_zombie_normal,0.6,2,19109.376,3000,0,0,0,0,3000,80,0,64.8,0,0,0,70,80,1,30,75,1,2,0.1,0,
417,normal,Lv4_Normal_Zombie_M_Walk_08,models/npc/npc_a_zombie_normal_m/npc_a_zombie_normal_m_08.mdl,cso2mob_zombie_normal,0.6,2,19109.376,3000,0,0,0,0,3000,80,0,64.8,0,0,0,70,80,1,30,75,1,2,0.1,0,
418,normal,Lv4_Normal_Zombie_M_Walk_09,models/npc/npc_a_zombie_normal_m/npc_a_zombie_normal_m_09.mdl,cso2mob_zombie_normal,0.6,2,19109.376,3000,0,0,0,0,3000,80,0,64.8,0,0,0,70,80,1,30,75,1,2,0.1,0,
419,normal,Lv4_Normal_Zombie_M_RUN_01,models/npc/npc_a_zombie_normal_m/npc_a_zombie_normal_m_10.mdl,cso2mob_zombie_normal,0.6,2,22931.2512,3000,0,0,0,0,3000,80,0,80.64,0,0,210,70,80,1,30,75,1,2,0.1,0,
420,normal,Lv4_Normal_Zombie_M_RUN_02,models/npc/npc_a_zombie_normal_m/npc_a_zombie_normal_m_11.mdl,cso2mob_zombie_normal,0.6,2,22931.2512,3000,0,0,0,0,3000,80,0,80.64,0,0,210,70,80,1,30,75,1,2,0.1,0,
421,normal,Lv4_Normal_Zombie_M_RUN_03,models/npc/npc_a_zombie_normal_m/npc_a_zombie_normal_m_12.mdl,cso2mob_zombie_normal,0.6,2,22931.2512,3000,0,0,0,0,3000,80,0,80.64,0,0,210,70,80,1,30,75,1,2,0.1,0,
422,normal,Lv4_Normal_Zombie_M_RUN_04,models/npc/npc_a_zombie_normal_m/npc_a_zombie_normal_m_13.mdl,cso2mob_zombie_normal,0.6,2,22931.2512,3000,0,0,0,0,3000,80,0,80.64,0,0,210,70,80,1,30,75,1,2,0.1,0,
423,normal,Lv4_Normal_Zombie_M_RUN_05,models/npc/npc_a_zombie_normal_m/npc_a_zombie_normal_m_14.mdl,cso2mob_zombie_normal,0.6,2,22931.2512,3000,0,0,0,0,3000,80,0,80.64,0,0,210,70,80,1,30,75,1,2,0.1,0,
424,normal,Lv4_Normal_Zombie_M_Fast_01,models/npc/npc_a_zombie_normal_m/npc_a_zombie_normal_m_15.mdl,cso2mob_zombie_normal,0.6,2,22931.2512,3000,0,0,0,0,3000,80,0,80.64,0,0,300,70,80,1,30,75,1,2,0.1,0,
425,normal,Lv4_Normal_Zombie_M_Fast_02,models/npc/npc_a_zombie_normal_m/npc_a_zombie_normal_m_16.mdl,cso2mob_zombie_normal,0.6,2,22931.2512,3000,0,0,0,0,3000,80,0,80.64,0,0,300,70,80,1,30,75,1,2,0.1,0,
426,normal,Lv4_Normal_Zombie_M_Strong_01,models/npc/npc_a_zombie_normal_m/npc_a_zombie_normal_m_17_r.mdl,cso2mob_zombie_normal,0.6,2,22931.2512,3000,0,0,0,0,3000,80,0,90.72,0,0,300,70,80,1,30,75,1,2,0.1,0,
427,normal,Lv4_Normal_Zombie_M_Strong_02,models/npc/npc_a_zombie_normal_m/npc_a_zombie_normal_m_18_r.mdl,cso2mob_zombie_normal,0.6,2,22931.2512,3000,0,0,0,0,3000,80,0,90.72,0,0,300,70,80,1,30,75,1,2,0.1,0,
428,normal,Lv4_Normal_Zombie_F_RUN_01,models/npc/npc_a_zombie_normal_f/npc_a_zombie_normal_f_01.mdl,cso2mob_zombie_normal,0.6,2,22931.2512,3000,0,0,0,0,3000,80,0,77.76,0,0,210,70,80,1,30,75,1,2,0.1,0,
429,normal,Lv4_Normal_Zombie_F_Walk_01,models/npc/npc_a_zombie_normal_f/npc_a_zombie_normal_f_02.mdl,cso2mob_zombie_normal,0.6,2,19109.376,3000,0,0,0,0,3000,80,0,77.76,0,0,0,70,80,1,30,75,1,2,0.1,0,
430,normal,Lv4_Zombie_Dog_01,models/npc/npc_a_zombie_dog/npc_a_zombie_dog_01.mdl,cso2mob_zombie_dog,1,2,12230.00064,3000,0,0,0,0,3000,80,0,31.68,0,0,291,70,80,1,100,75,1,2,0.1,0,
431,normal,Lv4_Zombie_Dog_Strong_01,models/npc/npc_a_zombie_dog/npc_a_zombie_dog_02.mdl,cso2mob_zombie_dog,1,2,12230.00064,3000,0,0,0,0,3000,80,0,31.68,0,0,291,70,80,1,100,75,1,2,0.1,0,
432,normal,Lv4_Monster_Range_01,models/npc/npc_a_zombie_range/npc_a_zombie_range_r.mdl,cso2mob_zombie_range,1,2,30575.0016,3000,0,0,1001,1100,3000,0,14.4,0,0,0,250,100,80,1,150,75,1,2,0.1,0,
433,normal,Lv4_Monster_Giant_01,models/npc/npc_a_zombie_subboss/npc_a_zombie_subboss_01_r.mdl,cso2mob_zombie_giant,1,2,204951.552,3000,0,0,600,900,3000,200,0,253.44,0,600,350,180,80,1,1000,666.6666665,1,2,0.1,0,plague
434,normal,Lv4_Zombie_Bomb_01,models/npc/npc_a_zombie_bomb/npc_a_zombie_bomb_01_r.mdl,cso2mob_zombie_bomb,1,2,61150.0032,3000,0,0,0,300,300,108,0,292.32,0,400,350,70,80,1,80,75,1,2,0.1,0,
501,roaming,Lv5_Stay_Zombie_M_Walk_01,models/npc/npc_a_zombie_normal_m/npc_a_zombie_normal_m_01.mdl,cso2mob_zombie_normal,0.6,2,17267.712,300,0,0,0,0,300,80,0,80.64,0,0,0,70,80,1,30,75,1,2,0.1,0,
502,roaming,Lv5_Stay_Zombie_M_Walk_02,models/npc/npc_a_zombie_normal_m/npc_a_zombie_normal_m_02.mdl,cso2mob_zombie_normal,0.6,2,17267.712,300,0,0,0,0,300,80,0,80.64,0,0,0,70,80,1,30,75,1,2,0.1,0,
503,roaming,Lv5_Stay_Zombie_M_Walk_03,models/npc/npc_a_zombie_normal_m/npc_a_zombie_normal_m_03.mdl,cso2mob_zombie_normal,0.6,2,17267.712,300,0,0,0,0,300,80,0,80.64,0,0,0,70,80,1,30,75,1,2,0.1,0,
504,roaming,Lv5_Stay_Zombie_M_Walk_04,models/npc/npc_a_zombie_normal_m/npc_a_zombie_normal_m_04.mdl,cso2mob_zombie_normal,0.6,2,17267.712,300,0,0,0,0,300,80,0,80.64,0,0,0,70,80,1,30,75,1,2,0.1,0,
505,roaming,Lv5_Stay_Zombie_M_Walk_05,models/npc/npc_a_zombie_normal_m/npc_a_zombie_normal_m_05.mdl,cso2mob_zombie_normal,0.6,2,17267.712,300,0,0,0,0,300,80,0,80.64,0,0,0,70,80,1,30,75,1,2,0.1,0,
506,roaming,Lv5_Stay_Zombie_M_Walk_06,models/npc/npc_a_zombie_normal_m/npc_a_zombie_normal_m_06.mdl,cso2mob_zombie_normal,0.6,2,17267.712,300,0,0,0,0,300,80,0,80.64,0,0,0,70,80,1,30,75,1,2,0.1,0,
507,roaming,Lv5_Stay_Zombie_M_Walk_07,models/npc/npc_a_zombie_normal_m/npc_a_zombie_normal_m_07.mdl,cso2mob_zombie_normal,0.6,2,17267.712,300,0,0,0,0,300,80,0,80.64,0,0,0,70,80,1,30,75,1,2,0.1,0,
508,roaming,Lv5_Stay_Zombie_M_Walk_08,models/npc/npc_a_zombie_normal_m/npc_a_zombie_normal_m_08.mdl,cso2mob_zombie_normal,0.6,2,17267.712,300,0,0,0,0,300,80,0,80.64,0,0,0,70,80,1,30,75,1,2,0.1,0,
509,roaming,Lv5_Stay_Zombie_M_Walk_09,models/npc/npc_a_zombie_normal_m/npc_a_zombie_normal_m_09.mdl,cso2mob_zombie_normal,0.6,2,17267.712,300,0,0,0,0,300,80,0,80.64,0,0,0,70,80,1,30,75,1,2,0.1,0,
510,normal,Lv5_Normal_Zombie_M_Walk_01,models/npc/npc_a_zombie_normal_m/npc_a_zombie_normal_m_01.mdl,cso2mob_zombie_normal,0.6,2,17267.712,3000,0,0,0,0,3000,80,0,80.64,0,0,0,70,80,1,30,75,1,2,0.1,0,
511,normal,Lv5_Normal_Zombie_M_Walk_02,models/npc/npc_a_zombie_normal_m/npc_a_zombie_normal_m_02.mdl,cso2mob_zombie_normal,0.6,2,17267.712,3000,0,0,0,0,3000,80,0,80.64,0,0,0,70,80,1,30,75,1,2,0.1,0,
512,normal,Lv5_Normal_Zombie_M_Walk_03,models/npc/npc_a_zombie_normal_m/npc_a_zombie_normal_m_03.mdl,cso2mob_zombie_normal,0.6,2,17267.712,3000,0,0,0,0,3000,80,0,80.64,0,0,0,70,80,1,30,75,1,2,0.1,0,
513,normal,Lv5_Normal_Zombie_M_Walk_04,models/npc/npc_a_zombie_normal_m/npc_a_zombie_normal_m_04.mdl,cso2mob_zombie_normal,0.6,2,17267.712,3000,0,0,0,0,3000,80,0,80.64,0,0,0,70,80,1,30,75,1,2,0.1,0,
514,normal,Lv5_Normal_Zombie_M_Walk_05,models/npc/npc_a_zombie_normal_m/npc_a_zombie_normal_m_05.mdl,cso2mob_zombie_normal,0.6,2,17267.712,3000,0,0,0,0,3000,80,0,80.64,0,0,0,70,80,1,30,75,1,2,0.1,0,
515,normal,Lv5_Normal_Zombie_M_Walk_06,models/npc/npc_a_zombie_normal_m/npc_a_zombie_normal_m_06.mdl,cso2mob_zombie_normal,0.6,2,17267.712,3000,0,0,0,0,3000,80,0,80.64,0,0,0,70,80,1,30,75,1,2,0.1,0,
516,normal,Lv5_Normal_Zombie_M_Walk_07,models/npc/npc_a_zombie_normal_m/npc_a_zombie_normal_m_07.mdl,cso2mob_zombie_normal,0.6,2,17267.712,3000,0,0,0,0,3000,80,0,80.64,0,0,0,70,80,1,30,75,1,2,0.1,0,
517,normal,Lv5_Normal_Zombie_M_Walk_08,models/npc/npc_a_zombie_normal_m/npc_a_zombie_normal_m_08.mdl,cso2mob_zombie_normal,0.6,2,17267.712,3000,0,0,0,0,3000,80,0,80.64,0,0,0,70,80,1,30,75,1,2,0.1,0,
518,normal,Lv5_Normal_Zombie_M_Walk_09,models/npc/npc_a_zombie_normal_m/npc_a_zombie_normal_m_09.mdl,cso2mob_zombie_normal,0.6,2,17267.712,3000,0,0,0,0,3000,80,0,80.64,0,0,0,70,80,1,30,75,1,2,0.1,0,
519,normal,Lv5_Normal_Zombie_M_RUN_01,models/npc/npc_a_zombie_normal_m/npc_a_zombie_normal_m_10.mdl,cso2mob_zombie_normal,0.6,2,17269.60435,3000,0,0,0,0,3000,80,0,102.24,0,0,210,70,80,1,30,75,1,2,0.1,0,
520,normal,Lv5_Normal_Zombie_M_RUN_02,models/npc/npc_a_zombie_normal_m/npc_a_zombie_normal_m_11.mdl,cso2mob_zombie_normal,0.6,2,17269.60435,3000,0,0,0,0,3000,80,0,102.24,0,0,210,70,80,1,30,75,1,2,0.1,0,
521,normal,Lv5_Normal_Zombie_M_RUN_03,models/npc/npc_a_zombie_normal_m/npc_a_zombie_normal_m_12.mdl,cso2mob_zombie_normal,0.6,2,17269.60435,3000,0,0,0,0,3000,80,0,102.24,0,0,210,70,80,1,30,75,1,2,0.1,0,
522,normal,Lv5_Normal_Zombie_M_RUN_04,models/npc/npc_a_zombie_normal_m/npc_a_zombie_normal_m_13.mdl,cso2mob_zombie_normal,0.6,2,17269.60435,3000,0,0,0,0,3000,80,0,102.24,0,0,210,70,80,1,30,75,1,2,0.1,0,
523,normal,Lv5_Normal_Zombie_M_RUN_05,models/npc/npc_a_zombie_normal_m/npc_a_zombie_normal_m_14.mdl,cso2mob_zombie_normal,0.6,2,17269.60435,3000,0,0,0,0,3000,80,0,102.24,0,0,210,70,80,1,30,75,1,2,0.1,0,
524,normal,Lv5_Normal_Zombie_M_Fast_01,models/npc/npc_a_zombie_normal_m/npc_a_zombie_normal_m_15.mdl,cso2mob_zombie_normal,0.6,2,13431.9145,3000,0,0,0,0,3000,80,0,102.24,0,0,300,70,80,1,30,75,1,2,0.1,0,
525,normal,Lv5_Normal_Zombie_M_Fast_02,models/npc/npc_a_zombie_normal_m/npc_a_zombie_normal_m_16.mdl,cso2mob_zombie_normal,0.6,2,13431.9145,3000,0,0,0,0,3000,80,0,102.24,0,0,300,70,80,1,30,75,1,2,0.1,0,
526,normal,Lv5_Normal_Zombie_M_Strong_01,models/npc/npc_a_zombie_normal_m/npc_a_zombie_normal_m_17_r.mdl,cso2mob_zombie_normal,0.6,2,26863.82899,3000,0,0,0,0,3000,80,0,115.2,0,0,300,70,80,1,30,75,1,2,0.1,0,
527,normal,Lv5_Normal_Zombie_M_Strong_02,models/npc/npc_a_zombie_normal_m/npc_a_zombie_normal_m_18_r.mdl,cso2mob_zombie_normal,0.6,2,47971.1232,3000,0,0,0,0,3000,80,0,115.2,0,0,300,70,80,1,30,75,1,2,0.1,0,
528,normal,Lv5_Normal_Zombie_F_RUN_01,models/npc/npc_a_zombie_normal_f/npc_a_zombie_normal_f_01.mdl,cso2mob_zombie_normal,0.6,2,19188.44928,3000,0,0,0,0,3000,80,0,97.92,0,0,210,70,80,1,30,75,1,2,0.1,0,
529,normal,Lv5_Normal_Zombie_F_Walk_01,models/npc/npc_a_zombie_normal_f/npc_a_zombie_normal_f_02.mdl,cso2mob_zombie_normal,0.6,2,19187.0976,3000,0,0,0,0,3000,80,0,97.92,0,0,0,70,80,1,30,75,1,2,0.1,0,
530,normal,Lv5_Zombie_Dog_01,models/npc/npc_a_zombie_dog/npc_a_zombie_dog_01.mdl,cso2mob_zombie_dog,1,2,15350.75942,3000,0,0,0,0,3000,80,0,40.32,0,0,291,70,80,1,100,75,1,2,0.1,0,
531,normal,Lv5_Zombie_Dog_Strong_01,models/npc/npc_a_zombie_dog/npc_a_zombie_dog_02.mdl,cso2mob_zombie_dog,1,2,15350.75942,3000,0,0,0,0,3000,80,0,40.32,0,0,291,70,80,1,100,75,1,2,0.1,0,
532,normal,Lv5_Monster_Range_01,models/npc/npc_a_zombie_range/npc_a_zombie_range_r.mdl,cso2mob_zombie_range,1,2,38376.89856,3000,0,0,1001,1100,3000,0,14.4,0,0,0,250,100,80,1,150,75,1,2,0.1,0,
533,normal,Lv5_Monster_Giant_01,models/npc/npc_a_zombie_subboss/npc_a_zombie_subboss_01_r.mdl,cso2mob_zombie_giant,1,2,248690.688,3000,0,0,600,900,3000,200,0,318.24,0,600,350,180,80,1,1000,666.6666665,1,2,0.1,0,plague
534,normal,Lv5_Zombie_Bomb_01,models/npc/npc_a_zombie_bomb/npc_a_zombie_bomb_01_r.mdl,cso2mob_zombie_bomb,1,2,76753.79712,3000,0,0,0,300,300,108,0,351.36,0,400,350,70,80,1,80,75,1,2,0.1,0,
601,roaming,Lv6_Stay_Zombie_M_Walk_01,models/npc/npc_a_zombie_normal_m/npc_a_zombie_normal_m_01.mdl,cso2mob_zombie_normal,0.6,2,25901.568,300,0,0,0,0,300,80,0,122.4,0,0,0,70,80,1,30,100,1,2,0.1,0,
602,roaming,Lv6_Stay_Zombie_M_Walk_02,models/npc/npc_a_zombie_normal_m/npc_a_zombie_normal_m_02.mdl,cso2mob_zombie_normal,0.6,2,25901.568,300,0,0,0,0,300,80,0,122.4,0,0,0,70,80,1,30,100,1,2,0.1,0,
603,roaming,Lv6_Stay_Zombie_M_Walk_03,models/npc/npc_a_zombie_normal_m/npc_a_zombie_normal_m_03.mdl,cso2mob_zombie_normal,0.6,2,25901.568,300,0,0,0,0,300,80,0,122.4,0,0,0,70,80,1,30,100,1,2,0.1,0,
604,roaming,Lv6_Stay_Zombie_M_Walk_04,models/npc/npc_a_zombie_normal_m/npc_a_zombie_normal_m_04.mdl,cso2mob_zombie_normal,0.6,2,25901.568,300,0,0,0,0,300,80,0,122.4,0,0,0,70,80,1,30,100,1,2,0.1,0,
605,roaming,Lv6_Stay_Zombie_M_Walk_05,models/npc/npc_a_zombie_normal_m/npc_a_zombie_normal_m_05.mdl,cso2mob_zombie_normal,0.6,2,25901.568,300,0,0,0,0,300,80,0,122.4,0,0,0,70,80,1,30,100,1,2,0.1,0,
606,roaming,Lv6_Stay_Zombie_M_Walk_06,models/npc/npc_a_zombie_normal_m/npc_a_zombie_normal_m_06.mdl,cso2mob_zombie_normal,0.6,2,25901.568,300,0,0,0,0,300,80,0,122.4,0,0,0,70,80,1,30,100,1,2,0.1,0,
607,roaming,Lv6_Stay_Zombie_M_Walk_07,models/npc/npc_a_zombie_normal_m/npc_a_zombie_normal_m_07.mdl,cso2mob_zombie_normal,0.6,2,25901.568,300,0,0,0,0,300,80,0,122.4,0,0,0,70,80,1,30,100,1,2,0.1,0,
608,roaming,Lv6_Stay_Zombie_M_Walk_08,models/npc/npc_a_zombie_normal_m/npc_a_zombie_normal_m_08.mdl,cso2mob_zombie_normal,0.6,2,25901.568,300,0,0,0,0,300,80,0,122.4,0,0,0,70,80,1,30,100,1,2,0.1,0,
609,roaming,Lv6_Stay_Zombie_M_Walk_09,models/npc/npc_a_zombie_normal_m/npc_a_zombie_normal_m_09.mdl,cso2mob_zombie_normal,0.6,2,25901.568,300,0,0,0,0,300,80,0,122.4,0,0,0,70,80,1,30,100,1,2,0.1,0,
610,normal,Lv6_Normal_Zombie_M_Walk_01,models/npc/npc_a_zombie_normal_m/npc_a_zombie_normal_m_01.mdl,cso2mob_zombie_normal,0.6,2,25901.568,3000,0,0,0,0,3000,80,0,122.4,0,0,0,70,80,1,30,100,1,2,0.1,0,
611,normal,Lv6_Normal_Zombie_M_Walk_02,models/npc/npc_a_zombie_normal_m/npc_a_zombie_normal_m_02.mdl,cso2mob_zombie_normal,0.6,2,25901.568,3000,0,0,0,0,3000,80,0,122.4,0,0,0,70,80,1,30,100,1,2,0.1,0,
612,normal,Lv6_Normal_Zombie_M_Walk_03,models/npc/npc_a_zombie_normal_m/npc_a_zombie_normal_m_03.mdl,cso2mob_zombie_normal,0.6,2,25901.568,3000,0,0,0,0,3000,80,0,122.4,0,0,0,70,80,1,30,100,1,2,0.1,0,
613,normal,Lv6_Normal_Zombie_M_Walk_04,models/npc/npc_a_zombie_normal_m/npc_a_zombie_normal_m_04.mdl,cso2mob_zombie_normal,0.6,2,25901.568,3000,0,0,0,0,3000,80,0,122.4,0,0,0,70,80,1,30,100,1,2,0.1,0,
614,normal,Lv6_Normal_Zombie_M_Walk_05,models/npc/npc_a_zombie_normal_m/npc_a_zombie_normal_m_05.mdl,cso2mob_zombie_normal,0.6,2,25901.568,3000,0,0,0,0,3000,80,0,122.4,0,0,0,70,80,1,30,100,1,2,0.1,0,
615,normal,Lv6_Normal_Zombie_M_Walk_06,models/npc/npc_a_zombie_normal_m/npc_a_zombie_normal_m_06.mdl,cso2mob_zombie_normal,0.6,2,25901.568,3000,0,0,0,0,3000,80,0,122.4,0,0,0,70,80,1,30,100,1,2,0.1,0,
616,normal,Lv6_Normal_Zombie_M_Walk_07,models/npc/npc_a_zombie_normal_m/npc_a_zombie_normal_m_07.mdl,cso2mob_zombie_normal,0.6,2,25901.568,3000,0,0,0,0,3000,80,0,122.4,0,0,0,70,80,1,30,100,1,2,0.1,0,
617,normal,Lv6_Normal_Zombie_M_Walk_08,models/npc/npc_a_zombie_normal_m/npc_a_zombie_normal_m_08.mdl,cso2mob_zombie_normal,0.6,2,25901.568,3000,0,0,0,0,3000,80,0,122.4,0,0,0,70,80,1,30,100,1,2,0.1,0,
618,normal,Lv6_Normal_Zombie_M_Walk_09,models/npc/npc_a_zombie_normal_m/npc_a_zombie_normal_m_09.mdl,cso2mob_zombie_normal,0.6,2,25901.568,3000,0,0,0,0,3000,80,0,122.4,0,0,0,70,80,1,30,100,1,2,0.1,0,
619,normal,Lv6_Normal_Zombie_M_RUN_01,models/npc/npc_a_zombie_normal_m/npc_a_zombie_normal_m_10.mdl,cso2mob_zombie_normal,0.6,2,25904.40653,3000,0,0,0,0,3000,80,0,152.64,0,0,210,70,80,1,30,100,1,2,0.1,0,
620,normal,Lv6_Normal_Zombie_M_RUN_02,models/npc/npc_a_zombie_normal_m/npc_a_zombie_normal_m_11.mdl,cso2mob_zombie_normal,0.6,2,25904.40653,3000,0,0,0,0,3000,80,0,152.64,0,0,210,70,80,1,30,100,1,2,0.1,0,
621,normal,Lv6_Normal_Zombie_M_RUN_03,models/npc/npc_a_zombie_normal_m/npc_a_zombie_normal_m_12.mdl,cso2mob_zombie_normal,0.6,2,25904.40653,3000,0,0,0,0,3000,80,0,152.64,0,0,210,70,80,1,30,100,1,2,0.1,0,
622,normal,Lv6_Normal_Zombie_M_RUN_04,models/npc/npc_a_zombie_normal_m/npc_a_zombie_normal_m_13.mdl,cso2mob_zombie_normal,0.6,2,25904.40653,3000,0,0,0,0,3000,80,0,152.64,0,0,210,70,80,1,30,100,1,2,0.1,0,
623,normal,Lv6_Normal_Zombie_M_RUN_05,models/npc/npc_a_zombie_normal_m/npc_a_zombie_normal_m_14.mdl,cso2mob_zombie_normal,0.6,2,25904.40653,3000,0,0,0,0,3000,80,0,152.64,0,0,210,70,80,1,30,100,1,2,0.1,0,
624,normal,Lv6_Normal_Zombie_M_Fast_01,models/npc/npc_a_zombie_normal_m/npc_a_zombie_normal_m_15.mdl,cso2mob_zombie_normal,0.6,2,20147.87174,3000,0,0,0,0,3000,80,0,152.64,0,0,300,70,80,1,30,100,1,2,0.1,0,
625,normal,Lv6_Normal_Zombie_M_Fast_02,models/npc/npc_a_zombie_normal_m/npc_a_zombie_normal_m_16.mdl,cso2mob_zombie_normal,0.6,2,20147.87174,3000,0,0,0,0,3000,80,0,152.64,0,0,300,70,80,1,30,100,1,2,0.1,0,
626,normal,Lv6_Normal_Zombie_M_Strong_01,models/npc/npc_a_zombie_normal_m/npc_a_zombie_normal_m_17_r.mdl,cso2mob_zombie_normal,0.6,2,40295.74349,3000,0,0,0,0,3000,80,0,172.8,0,0,300,70,80,1,30,100,1,2,0.1,0,
627,normal,Lv6_Normal_Zombie_M_Strong_02,models/npc/npc_a_zombie_normal_m/npc_a_zombie_normal_m_18_r.mdl,cso2mob_zombie_normal,0.6,2,71956.6848,3000,0,0,0,0,3000,80,0,172.8,0,0,300,70,80,1,30,100,1,2,0.1,0,
628,normal,Lv6_Normal_Zombie_F_RUN_01,models/npc/npc_a_zombie_normal_f/npc_a_zombie_normal_f_01.mdl,cso2mob_zombie_normal,0.6,2,28782.67392,3000,0,0,0,0,3000,80,0,146.88,0,0,210,70,80,1,30,100,1,2,0.1,0,
629,normal,Lv6_Normal_Zombie_F_Walk_01,models/npc/npc_a_zombie_normal_f/npc_a_zombie_normal_f_02.mdl,cso2mob_zombie_normal,0.6,2,28780.6464,3000,0,0,0,0,3000,80,0,146.88,0,0,0,70,80,1,30,100,1,2,0.1,0,
630,normal,Lv6_Zombie_Dog_01,models/npc/npc_a_zombie_dog/npc_a_zombie_dog_01.mdl,cso2mob_zombie_dog,1,2,23026.13914,3000,0,0,0,0,3000,80,0,60.48,0,0,291,70,80,1,100,100,1,2,0.1,0,
631,normal,Lv6_Zombie_Dog_Strong_01,models/npc/npc_a_zombie_dog/npc_a_zombie_dog_02.mdl,cso2mob_zombie_dog,1,2,23026.13914,3000,0,0,0,0,3000,80,0,60.48,0,0,291,70,80,1,100,100,1,2,0.1,0,
632,normal,Lv6_Monster_Range_01,models/npc/npc_a_zombie_range/npc_a_zombie_range_r.mdl,cso2mob_zombie_range,1,2,57565.34784,3000,0,0,1001,1100,3000,0,14.4,0,0,0,250,100,80,1,150,100,1,2,0.1,0,
633,normal,Lv6_Monster_Giant_01,models/npc/npc_a_zombie_subboss/npc_a_zombie_subboss_01_r.mdl,cso2mob_zombie_giant,1,2,437551.104,3000,0,0,600,900,3000,200,0,478.08,0,600,350,180,80,1,1000,666.6666665,1,2,0.1,0,plague
634,normal,Lv6_Zombie_Bomb_01,models/npc/npc_a_zombie_bomb/npc_a_zombie_bomb_01_r.mdl,cso2mob_zombie_bomb,1,2,115130.6957,3000,0,0,0,300,300,108,0,551.52,0,400,350,70,80,1,80,100,1,2,0.1,0,
1000,normal,turretbattle_mask_gunturret,models/npc/npc_t_mobileturret/npc_t_mobileturret.mdl,cso2mob_machine_centrygun,1,3,337.92,0,0,8199,8200,2048,0,60,57.6,0,0,0,70,80,0.7,80,2000,0,1,0,0.1,0,
1001,boss,heavyarms1,models/npc/npc_a_giant_zombie/npc_a_giant_zombie_r.mdl,cso2mob_monster_giant,1,2,1200000,1200,0,0,600,900,5000,200,0,158.4,0,350,300,70,80,1,80,3333.333334,1,0,0.1,0,
1002,boss,max,models/npc/npc_a_zombie_max/npc_a_zombie_max_r.mdl,cso2mob_zombie_zs_boss,1,2,16500000,3000,0,0,220,500000,550,220,432,432,0,600,300,200,80,1,1000,0,1,0.2,0.1,0,fire
1003,boss,heavyarms2,models/npc/npc_a_giant_zombie/npc_a_giant_zombie_r.mdl,cso2mob_monster_giant,1,2,1200000,1200,0,0,600,900,5000,200,0,158.4,0,350,300,70,80,1,80,3333.333334,1,0,0.1,0,
1101,roaming,District01_Stay_Zombie_M_Walk_01,models/npc/npc_a_zombie_normal_m/npc_a_zombie_normal_m_01.mdl,cso2mob_zombie_normal,0.6,2,6082.56,300,0,0,0,0,300,60,0,28.8,0,0,0,70,80,1,30,32.5,1,1,0.1,0,
1102,roaming,District01_Stay_Zombie_M_Walk_02,models/npc/npc_a_zombie_normal_m/npc_a_zombie_normal_m_02.mdl,cso2mob_zombie_normal,0.6,2,6082.56,300,0,0,0,0,300,60,0,28.8,0,0,0,70,80,1,30,32.5,1,1,0.1,0,
1103,roaming,District01_Stay_Zombie_M_Walk_03,models/npc/npc_a_zombie_normal_m/npc_a_zombie_normal_m_03.mdl,cso2mob_zombie_normal,0.6,2,6082.56,300,0,0,0,0,300,60,0,28.8,0,0,0,70,80,1,30,32.5,1,1,0.1,0,
1104,roaming,District01_Stay_Zombie_M_Walk_04,models/npc/npc_a_zombie_normal_m/npc_a_zombie_normal_m_04.mdl,cso2mob_zombie_normal,0.6,2,6082.56,300,0,0,0,0,300,60,0,28.8,0,0,0,70,80,1,30,32.5,1,1,0.1,0,
1105,roaming,District01_Stay_Zombie_M_Walk_05,models/npc/npc_a_zombie_normal_m/npc_a_zombie_normal_m_05.mdl,cso2mob_zombie_normal,0.6,2,6082.56,300,0,0,0,0,300,60,0,28.8,0,0,0,70,80,1,30,32.5,1,1,0.1,0,
1106,roaming,District01_Stay_Zombie_M_Walk_06,models/npc/npc_a_zombie_normal_m/npc_a_zombie_normal_m_06.mdl,cso2mob_zombie_normal,0.6,2,6082.56,300,0,0,0,0,300,60,0,28.8,0,0,0,70,80,1,30,32.5,1,1,0.1,0,
1107,roaming,District01_Stay_Zombie_M_Walk_07,models/npc/npc_a_zombie_normal_m/npc_a_zombie_normal_m_07.mdl,cso2mob_zombie_normal,0.6,2,6082.56,300,0,0,0,0,300,60,0,28.8,0,0,0,70,80,1,30,32.5,1,1,0.1,0,
1108,roaming,District01_Stay_Zombie_M_Walk_08,models/npc/npc_a_zombie_normal_m/npc_a_zombie_normal_m_08.mdl,cso2mob_zombie_normal,0.6,2,6082.56,300,0,0,0,0,300,60,0,28.8,0,0,0,70,80,1,30,32.5,1,1,0.1,0,
1109,roaming,District01_Stay_Zombie_M_Walk_09,models/npc/npc_a_zombie_normal_m/npc_a_zombie_normal_m_09.mdl,cso2mob_zombie_normal,0.6,2,6082.56,300,0,0,0,0,300,60,0,28.8,0,0,0,70,80,1,30,32.5,1,1,0.1,0,
1110,normal,District01_Zombie_M_Walk_01,models/npc/npc_a_zombie_normal_m/npc_a_zombie_normal_m_01.mdl,cso2mob_zombie_normal,0.6,2,10137.6,3000,0,0,0,0,3000,60,0,50.4,0,0,0,70,80,1,30,32.5,1,1,0.1,0,
1111,normal,District01_Zombie_M_Walk_02,models/npc/npc_a_zombie_normal_m/npc_a_zombie_normal_m_02.mdl,cso2mob_zombie_normal,0.6,2,10137.6,3000,0,0,0,0,3000,60,0,50.4,0,0,0,70,80,1,30,32.5,1,1,0.1,0,
1112,normal,District01_Zombie_M_Walk_03,models/npc/npc_a_zombie_normal_m/npc_a_zombie_normal_m_03.mdl,cso2mob_zombie_normal,0.6,2,10137.6,3000,0,0,0,0,3000,60,0,50.4,0,0,0,70,80,1,30,32.5,1,1,0.1,0,
1113,normal,District01_Zombie_M_Walk_04,models/npc/npc_a_zombie_normal_m/npc_a_zombie_normal_m_04.mdl,cso2mob_zombie_normal,0.6,2,10137.6,3000,0,0,0,0,3000,60,0,50.4,0,0,0,70,80,1,30,32.5,1,1,0.1,0,
1114,normal,District01_Zombie_M_Walk_05,models/npc/npc_a_zombie_normal_m/npc_a_zombie_normal_m_05.mdl,cso2mob_zombie_normal,0.6,2,10137.6,3000,0,0,0,0,3000,60,0,50.4,0,0,0,70,80,1,30,32.5,1,1,0.1,0,
1115,normal,District01_Zombie_M_Walk_06,models/npc/npc_a_zombie_normal_m/npc_a_zombie_normal_m_06.mdl,cso2mob_zombie_normal,0.6,2,10137.6,3000,0,0,0,0,3000,60,0,50.4,0,0,0,70,80,1,30,32.5,1,1,0.1,0,
1116,normal,District01_Zombie_M_Walk_07,models/npc/npc_a_zombie_normal_m/npc_a_zombie_normal_m_07.mdl,cso2mob_zombie_normal,0.6,2,10137.6,3000,0,0,0,0,3000,60,0,50.4,0,0,0,70,80,1,30,32.5,1,1,0.1,0,
1117,normal,District01_Zombie_M_Walk_08,models/npc/npc_a_zombie_normal_m/npc_a_zombie_normal_m_08.mdl,cso2mob_zombie_normal,0.6,2,10137.6,3000,0,0,0,0,3000,60,0,50.4,0,0,0,70,80,1,30,32.5,1,1,0.1,0,
1118,normal,District01_Zombie_M_Walk_09,models/npc/npc_a_zombie_normal_m/npc_a_zombie_normal_m_09.mdl,cso2mob_zombie_normal,0.6,2,10137.6,3000,0,0,0,0,3000,60,0,50.4,0,0,0,70,80,1,30,32.5,1,1,0.1,0,
1119,normal,District01_Zombie_F_Walk_01,models/npc/npc_a_zombie_normal_f/npc_a_zombie_normal_f_02.mdl,cso2mob_zombie_normal,0.6,2,10137.6,3000,0,0,0,0,3000,60,0,50.4,0,0,0,70,80,1,30,32.5,1,1,0.1,0,
1126,normal,District01_Zombie_Dog_01,models/npc/npc_a_zombie_dog/npc_a_zombie_dog_01.mdl,cso2mob_zombie_dog,0.6,2,3379.2,3000,0,0,0,0,3000,60,0,43.2,0,0,291,70,80,1,100,32.5,1,0.2,0.1,0,
1127,normal,District01_Zombie_Dog_Strong_01,models/npc/npc_a_zombie_dog/npc_a_zombie_dog_02.mdl,cso2mob_zombie_dog,0.6,2,3379.2,3000,0,0,0,0,3000,60,0,43.2,0,0,291,70,80,1,100,32.5,1,0.2,0.1,0,
1128,roaming,District01_02_Stay_Zombie_M_Walk_01,models/npc/npc_a_zombie_normal_m/npc_a_zombie_normal_m_01.mdl,cso2mob_zombie_normal,0.6,2,10137.6,300,0,0,0,0,300,60,0,43.2,0,0,0,70,80,1,30,32.5,1,1,0.1,0,
1129,roaming,District01_02_Stay_Zombie_M_Walk_02,models/npc/npc_a_zombie_normal_m/npc_a_zombie_normal_m_02.mdl,cso2mob_zombie_normal,0.6,2,10137.6,300,0,0,0,0,300,60,0,43.2,0,0,0,70,80,1,30,32.5,1,1,0.1,0,
1130,roaming,District01_02_Stay_Zombie_M_Walk_03,models/npc/npc_a_zombie_normal_m/npc_a_zombie_normal_m_03.mdl,cso2mob_zombie_normal,0.6,2,10137.6,300,0,0,0,0,300,60,0,43.2,0,0,0,70,80,1,30,32.5,1,1,0.1,0,
1131,roaming,District01_02_Stay_Zombie_M_Walk_04,models/npc/npc_a_zombie_normal_m/npc_a_zombie_normal_m_04.mdl,cso2mob_zombie_normal,0.6,2,10137.6,300,0,0,0,0,300,60,0,43.2,0,0,0,70,80,1,30,32.5,1,1,0.1,0,
1132,roaming,District01_02_Stay_Zombie_M_Walk_05,models/npc/npc_a_zombie_normal_m/npc_a_zombie_normal_m_05.mdl,cso2mob_zombie_normal,0.6,2,10137.6,300,0,0,0,0,300,60,0,43.2,0,0,0,70,80,1,30,32.5,1,1,0.1,0,
1133,roaming,District01_02_Stay_Zombie_M_Walk_06,models/npc/npc_a_zombie_normal_m/npc_a_zombie_normal_m_06.mdl,cso2mob_zombie_normal,0.6,2,10137.6,300,0,0,0,0,300,60,0,43.2,0,0,0,70,80,1,30,32.5,1,1,0.1,0,
1134,roaming,District01_02_Stay_Zombie_M_Walk_07,models/npc/npc_a_zombie_normal_m/npc_a_zombie_normal_m_07.mdl,cso2mob_zombie_normal,0.6,2,10137.6,300,0,0,0,0,300,60,0,43.2,0,0,0,70,80,1,30,32.5,1,1,0.1,0,
1135,roaming,District01_02_Stay_Zombie_M_Walk_08,models/npc/npc_a_zombie_normal_m/npc_a_zombie_normal_m_08.mdl,cso2mob_zombie_normal,0.6,2,10137.6,300,0,0,0,0,300,60,0,43.2,0,0,0,70,80,1,30,32.5,1,1,0.1,0,
1136,roaming,District01_02_Stay_Zombie_M_Walk_09,models/npc/npc_a_zombie_normal_m/npc_a_zombie_normal_m_09.mdl,cso2mob_zombie_normal,0.6,2,10137.6,300,0,0,0,0,300,60,0,43.2,0,0,0,70,80,1,30,32.5,1,1,0.1,0,
1137,roaming,District01_02_Stay_Zombie_F_Walk_01,models/npc/npc_a_zombie_normal_f/npc_a_zombie_normal_f_02.mdl,cso2mob_zombie_normal,0.6,2,10137.6,300,0,0,0,0,300,60,0,43.2,0,0,0,70,80,1,30,32.5,1,1,0.1,0,
2101,roaming,District02_Stay_Zombie_M_Walk_01,models/npc/npc_a_zombie_normal_m/npc_a_zombie_normal_m_01.mdl,cso2mob_zombie_normal,0.6,2,11151.36,300,0,0,0,0,300,60,0,50.4,0,0,0,70,80,1,30,40,1,1,0.1,0,
2102,roaming,District02_Stay_Zombie_M_Walk_02,models/npc/npc_a_zombie_normal_m/npc_a_zombie_normal_m_02.mdl,cso2mob_zombie_normal,0.6,2,11151.36,300,0,0,0,0,300,60,0,50.4,0,0,0,70,80,1,30,40,1,1,0.1,0,
2103,roaming,District02_Stay_Zombie_M_Walk_03,models/npc/npc_a_zombie_normal_m/npc_a_zombie_normal_m_03.mdl,cso2mob_zombie_normal,0.6,2,11151.36,300,0,0,0,0,300,60,0,50.4,0,0,0,70,80,1,30,40,1,1,0.1,0,
2104,roaming,District02_Stay_Zombie_M_Walk_04,models/npc/npc_a_zombie_normal_m/npc_a_zombie_normal_m_04.mdl,cso2mob_zombie_normal,0.6,2,11151.36,300,0,0,0,0,300,60,0,50.4,0,0,0,70,80,1,30,40,1,1,0.1,0,
2105,roaming,District02_Stay_Zombie_M_Walk_05,models/npc/npc_a_zombie_normal_m/npc_a_zombie_normal_m_05.mdl,cso2mob_zombie_normal,0.6,2,11151.36,300,0,0,0,0,300,60,0,50.4,0,0,0,70,80,1,30,40,1,1,0.1,0,
2106,roaming,District02_Stay_Zombie_M_Walk_06,models/npc/npc_a_zombie_normal_m/npc_a_zombie_normal_m_06.mdl,cso2mob_zombie_normal,0.6,2,11151.36,300,0,0,0,0,300,60,0,50.4,0,0,0,70,80,1,30,40,1,1,0.1,0,
2107,roaming,District02_Stay_Zombie_M_Walk_07,models/npc/npc_a_zombie_normal_m/npc_a_zombie_normal_m_07.mdl,cso2mob_zombie_normal,0.6,2,11151.36,300,0,0,0,0,300,60,0,50.4,0,0,0,70,80,1,30,40,1,1,0.1,0,
2108,roaming,District02_Stay_Zombie_M_Walk_08,models/npc/npc_a_zombie_normal_m/npc_a_zombie_normal_m_08.mdl,cso2mob_zombie_normal,0.6,2,11151.36,300,0,0,0,0,300,60,0,50.4,0,0,0,70,80,1,30,40,1,1,0.1,0,
2109,roaming,District02_Stay_Zombie_M_Walk_09,models/npc/npc_a_zombie_normal_m/npc_a_zombie_normal_m_09.mdl,cso2mob_zombie_normal,0.6,2,11151.36,300,0,0,0,0,300,60,0,50.4,0,0,0,70,80,1,30,40,1,1,0.1,0,
2110,roaming,District02_Stay_Zombie_F_Walk_01,models/npc/npc_a_zombie_normal_f/npc_a_zombie_normal_f_02.mdl,cso2mob_zombie_normal,0.6,2,11151.36,3000,0,0,0,0,3000,60,0,50.4,0,0,0,70,80,1,30,40,1,1,0.1,0,
2111,normal,District02_Zombie_M_Fast_01,models/npc/npc_a_zombie_normal_m/npc_a_zombie_normal_m_15.mdl,cso2mob_zombie_normal,0.6,2,13516.8,3000,0,0,0,0,3000,60,0,57.6,0,0,300,70,80,1,30,40,1,1,0.1,0,
2112,normal,District02_Zombie_M_Fast_02,models/npc/npc_a_zombie_normal_m/npc_a_zombie_normal_m_16.mdl,cso2mob_zombie_normal,0.6,2,13516.8,3000,0,0,0,0,3000,60,0,57.6,0,0,300,70,80,1,30,40,1,1,0.1,0,
2113,normal,District02_Zombie_M_Strong_01,models/npc/npc_a_zombie_normal_m/npc_a_zombie_normal_m_17_r.mdl,cso2mob_zombie_normal,0.6,2,16896,3000,0,0,0,0,3000,60,0,57.6,0,0,300,70,80,1,30,40,1,1,0.1,0,
2114,normal,District02_Zombie_M_Strong_02,models/npc/npc_a_zombie_normal_m/npc_a_zombie_normal_m_18_r.mdl,cso2mob_zombie_normal,0.6,2,16896,3000,0,0,0,0,3000,60,0,57.6,0,0,300,70,80,1,30,40,1,1,0.1,0,
2115,normal,District02_Zombie_M_Fast_01,models/npc/npc_a_zombie_normal_m/npc_a_zombie_normal_m_15.mdl,cso2mob_zombie_normal,0.6,2,13516.8,3000,0,0,0,0,3000,60,0,57.6,0,0,300,70,80,1,30,40,1,1,0.1,0,
2116,normal,District02_Zombie_M_Fast_02,models/npc/npc_a_zombie_normal_m/npc_a_zombie_normal_m_16.mdl,cso2mob_zombie_normal,0.6,2,13516.8,3000,0,0,0,0,3000,60,0,57.6,0,0,300,70,80,1,30,40,1,1,0.1,0,
2117,normal,District02_Zombie_Bomb_01,models/npc/npc_a_zombie_bomb/npc_a_zombie_bomb_01_r.mdl,cso2mob_zombie_bomb,0.6,2,32440.32,3000,0,0,0,300,300,108,0,115.2,0,400,350,70,80,1,80,40,1,0.2,0.1,0,
2118,normal,District02_Zombie_M_RUN_01,models/npc/npc_a_zombie_normal_m/npc_a_zombie_normal_m_10.mdl,cso2mob_zombie_normal,0.6,2,13516.8,3000,0,0,0,0,3000,60,0,50.4,0,0,210,70,80,1,30,40,1,1,0.1,0,
2119,normal,District02_Zombie_M_RUN_02,models/npc/npc_a_zombie_normal_m/npc_a_zombie_normal_m_11.mdl,cso2mob_zombie_normal,0.6,2,13516.8,3000,0,0,0,0,3000,60,0,50.4,0,0,210,70,80,1,30,40,1,1,0.1,0,
2120,normal,District02_Zombie_M_RUN_03,models/npc/npc_a_zombie_normal_m/npc_a_zombie_normal_m_12.mdl,cso2mob_zombie_normal,0.6,2,13516.8,3000,0,0,0,0,3000,60,0,50.4,0,0,210,70,80,1,30,40,1,1,0.1,0,
2121,normal,District02_Zombie_M_RUN_04,models/npc/npc_a_zombie_normal_m/npc_a_zombie_normal_m_13.mdl,cso2mob_zombie_normal,0.6,2,13516.8,3000,0,0,0,0,3000,60,0,50.4,0,0,210,70,80,1,30,40,1,1,0.1,0,
2122,normal,District02_Zombie_M_RUN_05,models/npc/npc_a_zombie_normal_m/npc_a_zombie_normal_m_14.mdl,cso2mob_zombie_normal,0.6,2,13516.8,3000,0,0,0,0,3000,60,0,50.4,0,0,210,70,80,1,30,40,1,1,0.1,0,
2123,normal,District02_Zombie_M_Fast_01,models/npc/npc_a_zombie_normal_m/npc_a_zombie_normal_m_15.mdl,cso2mob_zombie_normal,0.6,2,16896,3000,0,0,0,0,3000,60,0,57.6,0,0,300,70,80,1,30,40,1,1,0.1,0,
2124,normal,District02_Zombie_M_Fast_02,models/npc/npc_a_zombie_normal_m/npc_a_zombie_normal_m_16.mdl,cso2mob_zombie_normal,0.6,2,16896,3000,0,0,0,0,3000,60,0,57.6,0,0,300,70,80,1,30,40,1,1,0.1,0,
2125,normal,District02_Zombie_M_Strong_01,models/npc/npc_a_zombie_normal_m/npc_a_zombie_normal_m_17_r.mdl,cso2mob_zombie_normal,0.6,2,13516.8,3000,0,0,0,0,3000,60,0,57.6,0,0,300,70,80,1,30,40,1,1,0.1,0,
2126,normal,District02_Zombie_M_Strong_02,models/npc/npc_a_zombie_normal_m/npc_a_zombie_normal_m_18_r.mdl,cso2mob_zombie_normal,0.6,2,16896,3000,0,0,0,0,3000,60,0,57.6,0,0,300,70,80,1,30,40,1,1,0.1,0,
2127,normal,District02_Zombie_M_Fast_01,models/npc/npc_a_zombie_normal_m/npc_a_zombie_normal_m_15.mdl,cso2mob_zombie_normal,0.6,2,16896,3000,0,0,0,0,3000,60,0,57.6,0,0,300,70,80,1,30,40,1,1,0.1,0,
2128,normal,District02_Zombie_M_Fast_02,models/npc/npc_a_zombie_normal_m/npc_a_zombie_normal_m_16.mdl,cso2mob_zombie_normal,0.6,2,16896,3000,0,0,0,0,3000,60,0,57.6,0,0,300,70,80,1,30,40,1,1,0.1,0,
2129,normal,District02_Monster_Range_01,models/npc/npc_a_zombie_range/npc_a_zombie_range_r.mdl,cso2mob_zombie_range,0.6,2,16220.16,3000,0,0,1001,1100,3000,0,28.8,0,0,0,250,100,80,1,150,40,1,0.2,0.1,0,
3101,normal,Albert_Battle_Zombie_M_Walk_01,models/npc/npc_a_zombie_normal_m/npc_a_zombie_normal_m_01.mdl,cso2mob_zombie_normal,0.6,2,20275.2,3000,0,0,0,0,3000,60,0,64.8,0,0,0,70,80,1,30,45,1,2,0.1,0,
3102,normal,Albert_Battle_Zombie_M_Walk_02,models/npc/npc_a_zombie_normal_m/npc_a_zombie_normal_m_02.mdl,cso2mob_zombie_normal,0.6,2,20275.2,3000,0,0,0,0,3000,60,0,64.8,0,0,0,70,80,1,30,45,1,2,0.1,0,
3103,normal,Albert_Battle_Zombie_M_Walk_03,models/npc/npc_a_zombie_normal_m/npc_a_zombie_normal_m_03.mdl,cso2mob_zombie_normal,0.6,2,20275.2,3000,0,0,0,0,3000,60,0,64.8,0,0,0,70,80,1,30,45,1,2,0.1,0,
3104,normal,Albert_Battle_Zombie_M_Walk_04,models/npc/npc_a_zombie_normal_m/npc_a_zombie_normal_m_04.mdl,cso2mob_zombie_normal,0.6,2,20275.2,3000,0,0,0,0,3000,60,0,64.8,0,0,0,70,80,1,30,45,1,2,0.1,0,
3105,normal,Albert_Battle_Zombie_M_Walk_05,models/npc/npc_a_zombie_normal_m/npc_a_zombie_normal_m_05.mdl,cso2mob_zombie_normal,0.6,2,20275.2,3000,0,0,0,0,3000,60,0,64.8,0,0,0,70,80,1,30,45,1,2,0.1,0,
3106,normal,Albert_Battle_Zombie_M_Walk_06,models/npc/npc_a_zombie_normal_m/npc_a_zombie_normal_m_06.mdl,cso2mob_zombie_normal,0.6,2,20275.2,3000,0,0,0,0,3000,60,0,64.8,0,0,0,70,80,1,30,45,1,2,0.1,0,
3107,normal,Albert_Battle_Zombie_M_Walk_07,models/npc/npc_a_zombie_normal_m/npc_a_zombie_normal_m_07.mdl,cso2mob_zombie_normal,0.6,2,20275.2,3000,0,0,0,0,3000,60,0,64.8,0,0,0,70,80,1,30,45,1,2,0.1,0,
3108,normal,Albert_Battle_Zombie_M_Walk_08,models/npc/npc_a_zombie_normal_m/npc_a_zombie_normal_m_08.mdl,cso2mob_zombie_normal,0.6,2,20275.2,3000,0,0,0,0,3000,60,0,64.8,0,0,0,70,80,1,30,45,1,2,0.1,0,
3109,normal,Albert_Battle_Zombie_M_Walk_09,models/npc/npc_a_zombie_normal_m/npc_a_zombie_normal_m_09.mdl,cso2mob_zombie_normal,0.6,2,20275.2,3000,0,0,0,0,3000,60,0,64.8,0,0,0,70,80,1,30,45,1,2,0.1,0,
3110,normal,Albert_Battle_Zombie_M_RUN_01,models/npc/npc_a_zombie_normal_m/npc_a_zombie_normal_m_10.mdl,cso2mob_zombie_normal,0.6,2,23654.4,3000,0,0,0,0,3000,60,0,80.64,0,0,210,70,80,1,30,45,1,2,0.1,0,
3111,normal,Albert_Battle_Zombie_M_RUN_02,models/npc/npc_a_zombie_normal_m/npc_a_zombie_normal_m_11.mdl,cso2mob_zombie_normal,0.6,2,23654.4,3000,0,0,0,0,3000,60,0,80.64,0,0,210,70,80,1,30,45,1,2,0.1,0,
3112,normal,Albert_Battle_Zombie_M_RUN_03,models/npc/npc_a_zombie_normal_m/npc_a_zombie_normal_m_12.mdl,cso2mob_zombie_normal,0.6,2,23654.4,3000,0,0,0,0,3000,60,0,80.64,0,0,210,70,80,1,30,45,1,2,0.1,0,
3113,normal,Albert_Battle_Zombie_M_RUN_04,models/npc/npc_a_zombie_normal_m/npc_a_zombie_normal_m_13.mdl,cso2mob_zombie_normal,0.6,2,23654.4,3000,0,0,0,0,3000,60,0,80.64,0,0,210,70,80,1,30,45,1,2,0.1,0,
3114,normal,Albert_Battle_Zombie_M_RUN_05,models/npc/npc_a_zombie_normal_m/npc_a_zombie_normal_m_14.mdl,cso2mob_zombie_normal,0.6,2,23654.4,3000,0,0,0,0,3000,60,0,80.64,0,0,210,70,80,1,30,45,1,2,0.1,0,
3115,normal,Albert_Battle_Zombie_M_Fast_01,models/npc/npc_a_zombie_normal_m/npc_a_zombie_normal_m_15.mdl,cso2mob_zombie_normal,0.6,2,23654.4,3000,0,0,0,0,3000,60,0,80.64,0,0,300,70,80,1,30,45,1,2,0.1,0,
3116,normal,Albert_Battle_Zombie_M_Fast_02,models/npc/npc_a_zombie_normal_m/npc_a_zombie_normal_m_16.mdl,cso2mob_zombie_normal,0.6,2,23654.4,3000,0,0,0,0,3000,60,0,80.64,0,0,300,70,80,1,30,45,1,2,0.1,0,
3117,normal,Albert_Battle_Zombie_M_Strong_01,models/npc/npc_a_zombie_normal_m/npc_a_zombie_normal_m_17_r.mdl,cso2mob_zombie_normal,0.6,2,25344,3000,0,0,0,0,3000,60,0,90.72,0,0,300,70,80,1,30,45,1,2,0.1,0,
3118,normal,Albert_Battle_Zombie_M_Strong_02,models/npc/npc_a_zombie_normal_m/npc_a_zombie_normal_m_18_r.mdl,cso2mob_zombie_normal,0.6,2,25344,3000,0,0,0,0,3000,60,0,90.72,0,0,300,70,80,1,30,45,1,2,0.1,0,
3119,normal,Albert_Battle_Zombie_F_RUN_01,models/npc/npc_a_zombie_normal_f/npc_a_zombie_normal_f_01.mdl,cso2mob_zombie_normal,0.6,2,23654.4,3000,0,0,0,0,3000,60,0,77.76,0,0,210,70,80,1,30,45,1,2,0.1,0,
3120,normal,Albert_Battle_Zombie_F_Walk_01,models/npc/npc_a_zombie_normal_f/npc_a_zombie_normal_f_02.mdl,cso2mob_zombie_normal,0.6,2,20275.2,3000,0,0,0,0,3000,60,0,77.76,0,0,0,70,80,1,30,45,1,2,0.1,0,
3121,normal,Albert_Monster_Range_01,models/npc/npc_a_zombie_range/npc_a_zombie_range_r.mdl,cso2mob_zombie_range,0.6,2,30575.0016,3000,0,0,1001,1100,3000,0,72,0,0,0,250,100,80,1,150,45,1,2,0.1,0,
3122,normal,MIssion12_Monster_Giant_01,models/npc/npc_a_zombie_subboss/npc_a_zombie_subboss_01_r.mdl,cso2mob_zombie_giant,1,2,374169.6,3000,0,0,600,900,3000,200,0,174.24,0,600,350,180,80,1,1000,25,1,2,0.1,0,plague
3123,normal,MIssion12_Zombie_Bomb_01,models/npc/npc_a_zombie_bomb/npc_a_zombie_bomb_01_r.mdl,cso2mob_zombie_bomb,1,2,60825.6,3000,0,0,0,300,300,108,0,201.6,0,400,350,70,80,1,80,25,1,2,0.1,0,
3124,normal,MIssion12_Zombie_M_Walk_01,models/npc/npc_a_zombie_normal_m/npc_a_zombie_normal_m_01.mdl,cso2mob_zombie_normal,0.6,2,33792,300,0,0,0,0,5000,60,0,72,0,0,0,70,80,1,30,25,1,1,0.1,0,
3125,normal,MIssion12_Zombie_M_Walk_02,models/npc/npc_a_zombie_normal_m/npc_a_zombie_normal_m_02.mdl,cso2mob_zombie_normal,0.6,2,33792,300,0,0,0,0,5000,60,0,72,0,0,0,70,80,1,30,25,1,1,0.1,0,
3126,normal,MIssion12_Zombie_M_Walk_03,models/npc/npc_a_zombie_normal_m/npc_a_zombie_normal_m_03.mdl,cso2mob_zombie_normal,0.6,2,33792,300,0,0,0,0,5000,60,0,72,0,0,0,70,80,1,30,25,1,1,0.1,0,
3127,normal,MIssion12_Zombie_M_Walk_04,models/npc/npc_a_zombie_normal_m/npc_a_zombie_normal_m_04.mdl,cso2mob_zombie_normal,0.6,2,33792,300,0,0,0,0,5000,60,0,72,0,0,0,70,80,1,30,25,1,1,0.1,0,
3128,normal,MIssion12_Zombie_M_Walk_05,models/npc/npc_a_zombie_normal_m/npc_a_zombie_normal_m_05.mdl,cso2mob_zombie_normal,0.6,2,33792,300,0,0,0,0,5000,60,0,72,0,0,0,70,80,1,30,25,1,1,0.1,0,
3129,normal,MIssion12_Zombie_M_Walk_06,models/npc/npc_a_zombie_normal_m/npc_a_zombie_normal_m_06.mdl,cso2mob_zombie_normal,0.6,2,33792,300,0,0,0,0,5000,60,0,72,0,0,0,70,80,1,30,25,1,1,0.1,0,
3130,normal,MIssion12_Zombie_M_Walk_07,models/npc/npc_a_zombie_normal_m/npc_a_zombie_normal_m_07.mdl,cso2mob_zombie_normal,0.6,2,33792,300,0,0,0,0,5000,60,0,72,0,0,0,70,80,1,30,25,1,1,0.1,0,
3131,normal,MIssion12_Zombie_M_Walk_08,models/npc/npc_a_zombie_normal_m/npc_a_zombie_normal_m_08.mdl,cso2mob_zombie_normal,0.6,2,33792,300,0,0,0,0,5000,60,0,72,0,0,0,70,80,1,30,25,1,1,0.1,0,
3132,normal,MIssion12_Zombie_M_Walk_09,models/npc/npc_a_zombie_normal_m/npc_a_zombie_normal_m_09.mdl,cso2mob_zombie_normal,0.6,2,33792,300,0,0,0,0,5000,60,0,72,0,0,0,70,80,1,30,25,1,1,0.1,0,
3133,normal,MIssion12_Zombie_M_Walk_10,models/npc/npc_a_zombie_normal_m/npc_a_zombie_normal_m_10.mdl,cso2mob_zombie_normal,0.6,2,33792,300,0,0,0,0,5000,60,0,72,0,0,0,70,80,1,30,25,1,1,0.1,0,
3134,normal,MIssion12_Zombie_M_Walk_11,models/npc/npc_a_zombie_normal_m/npc_a_zombie_normal_m_11.mdl,cso2mob_zombie_normal,0.6,2,33792,300,0,0,0,0,5000,60,0,72,0,0,0,70,80,1,30,25,1,1,0.1,0,
3135,normal,MIssion12_Zombie_M_Walk_12,models/npc/npc_a_zombie_normal_m/npc_a_zombie_normal_m_12.mdl,cso2mob_zombie_normal,0.6,2,33792,300,0,0,0,0,5000,60,0,72,0,0,0,70,80,1,30,25,1,1,0.1,0,
3136,normal,MIssion12_Zombie_M_Walk_13,models/npc/npc_a_zombie_normal_m/npc_a_zombie_normal_m_13.mdl,cso2mob_zombie_normal,0.6,2,33792,300,0,0,0,0,5000,60,0,72,0,0,0,70,80,1,30,25,1,1,0.1,0,
3137,normal,MIssion12_Zombie_M_Walk_14,models/npc/npc_a_zombie_normal_m/npc_a_zombie_normal_m_14.mdl,cso2mob_zombie_normal,0.6,2,33792,300,0,0,0,0,5000,60,0,72,0,0,0,70,80,1,30,25,1,1,0.1,0,
3138,normal,MIssion12_Zombie_M_Walk_15,models/npc/npc_a_zombie_normal_f/npc_a_zombie_normal_f_01.mdl,cso2mob_zombie_normal,0.6,2,33792,300,0,0,0,0,5000,60,0,72,0,0,0,70,80,1,30,25,1,1,0.1,0,
3139,normal,MIssion12_Zombie_M_Walk_16,models/npc/npc_a_zombie_normal_f/npc_a_zombie_normal_f_02.mdl,cso2mob_zombie_normal,0.6,2,33792,300,0,0,0,0,5000,60,0,72,0,0,0,70,80,1,30,25,1,1,0.1,0,
5101,roaming,District01_Stay_Zombie_M_Walk_01,models/npc/npc_a_zombie_normal_m/npc_a_zombie_normal_m_01.mdl,cso2mob_zombie_normal,0.6,2,10137.6,300,0,0,0,0,300,60,0,43.2,0,0,0,70,80,1,30,32.5,1,1,0.1,0,
5102,roaming,District01_Stay_Zombie_M_Walk_02,models/npc/npc_a_zombie_normal_m/npc_a_zombie_normal_m_02.mdl,cso2mob_zombie_normal,0.6,2,10137.6,300,0,0,0,0,300,60,0,43.2,0,0,0,70,80,1,30,32.5,1,1,0.1,0,
5103,roaming,District01_Stay_Zombie_M_Walk_03,models/npc/npc_a_zombie_normal_m/npc_a_zombie_normal_m_03.mdl,cso2mob_zombie_normal,0.6,2,10137.6,300,0,0,0,0,300,60,0,43.2,0,0,0,70,80,1,30,32.5,1,1,0.1,0,
5104,roaming,District01_Stay_Zombie_M_Walk_04,models/npc/npc_a_zombie_normal_m/npc_a_zombie_normal_m_04.mdl,cso2mob_zombie_normal,0.6,2,10137.6,300,0,0,0,0,300,60,0,43.2,0,0,0,70,80,1,30,32.5,1,1,0.1,0,
5105,roaming,District01_Stay_Zombie_M_Walk_05,models/npc/npc_a_zombie_normal_m/npc_a_zombie_normal_m_05.mdl,cso2mob_zombie_normal,0.6,2,10137.6,300,0,0,0,0,300,60,0,43.2,0,0,0,70,80,1,30,32.5,1,1,0.1,0,
5106,roaming,District01_Stay_Zombie_M_Walk_06,models/npc/npc_a_zombie_normal_m/npc_a_zombie_normal_m_06.mdl,cso2mob_zombie_normal,0.6,2,10137.6,300,0,0,0,0,300,60,0,43.2,0,0,0,70,80,1,30,32.5,1,1,0.1,0,
5107,roaming,District01_Stay_Zombie_M_Walk_07,models/npc/npc_a_zombie_normal_m/npc_a_zombie_normal_m_07.mdl,cso2mob_zombie_normal,0.6,2,10137.6,300,0,0,0,0,300,60,0,43.2,0,0,0,70,80,1,30,32.5,1,1,0.1,0,
5108,roaming,District01_Stay_Zombie_M_Walk_08,models/npc/npc_a_zombie_normal_m/npc_a_zombie_normal_m_08.mdl,cso2mob_zombie_normal,0.6,2,10137.6,300,0,0,0,0,300,60,0,43.2,0,0,0,70,80,1,30,32.5,1,1,0.1,0,
5109,roaming,District01_Stay_Zombie_M_Walk_09,models/npc/npc_a_zombie_normal_m/npc_a_zombie_normal_m_09.mdl,cso2mob_zombie_normal,0.6,2,10137.6,300,0,0,0,0,300,60,0,43.2,0,0,0,70,80,1,30,32.5,1,1,0.1,0,
5110,roaming,District01_Stay_Zombie_M_Walk_10,models/npc/npc_a_zombie_normal_m/npc_a_zombie_normal_m_10.mdl,cso2mob_zombie_normal,0.6,2,10137.6,300,0,0,0,0,300,60,0,43.2,0,0,0,70,80,1,30,32.5,1,1,0.1,0,
5111,roaming,District01_Stay_Zombie_M_Walk_11,models/npc/npc_a_zombie_normal_m/npc_a_zombie_normal_m_11.mdl,cso2mob_zombie_normal,0.6,2,10137.6,300,0,0,0,0,300,60,0,43.2,0,0,0,70,80,1,30,32.5,1,1,0.1,0,
5112,roaming,District01_Stay_Zombie_M_Walk_12,models/npc/npc_a_zombie_normal_m/npc_a_zombie_normal_m_12.mdl,cso2mob_zombie_normal,0.6,2,10137.6,300,0,0,0,0,300,60,0,43.2,0,0,0,70,80,1,30,32.5,1,1,0.1,0,
5113,roaming,District01_Stay_Zombie_M_Walk_13,models/npc/npc_a_zombie_normal_m/npc_a_zombie_normal_m_13.mdl,cso2mob_zombie_normal,0.6,2,10137.6,300,0,0,0,0,300,60,0,43.2,0,0,0,70,80,1,30,32.5,1,1,0.1,0,
5114,roaming,District01_Stay_Zombie_M_Walk_14,models/npc/npc_a_zombie_normal_m/npc_a_zombie_normal_m_14.mdl,cso2mob_zombie_normal,0.6,2,10137.6,300,0,0,0,0,300,60,0,43.2,0,0,0,70,80,1,30,32.5,1,1,0.1,0,
5115,roaming,District01_Stay_Zombie_M_Walk_15,models/npc/npc_a_zombie_normal_f/npc_a_zombie_normal_f_01.mdl,cso2mob_zombie_normal,0.6,2,10137.6,300,0,0,0,0,300,60,0,43.2,0,0,0,70,80,1,30,32.5,1,1,0.1,0,
5116,roaming,District01_Stay_Zombie_M_Walk_16,models/npc/npc_a_zombie_normal_f/npc_a_zombie_normal_f_02.mdl,cso2mob_zombie_normal,0.6,2,10137.6,300,0,0,0,0,300,60,0,43.2,0,0,0,70,80,1,30,32.5,1,1,0.1,0,
5201,roaming,District02_Stay_Zombie_M_Walk_01,models/npc/npc_a_zombie_normal_m/npc_a_zombie_normal_m_01.mdl,cso2mob_zombie_normal,0.6,2,11151.36,300,0,0,0,0,300,60,0,50.4,0,0,0,70,80,1,30,40,1,1,0.1,0,
5202,roaming,District02_Stay_Zombie_M_Walk_02,models/npc/npc_a_zombie_normal_m/npc_a_zombie_normal_m_02.mdl,cso2mob_zombie_normal,0.6,2,11151.36,300,0,0,0,0,300,60,0,50.4,0,0,0,70,80,1,30,40,1,1,0.1,0,
5203,roaming,District02_Stay_Zombie_M_Walk_03,models/npc/npc_a_zombie_normal_m/npc_a_zombie_normal_m_03.mdl,cso2mob_zombie_normal,0.6,2,11151.36,300,0,0,0,0,300,60,0,50.4,0,0,0,70,80,1,30,40,1,1,0.1,0,
5204,roaming,District02_Stay_Zombie_M_Walk_04,models/npc/npc_a_zombie_normal_m/npc_a_zombie_normal_m_04.mdl,cso2mob_zombie_normal,0.6,2,11151.36,300,0,0,0,0,300,60,0,50.4,0,0,0,70,80,1,30,40,1,1,0.1,0,
5205,roaming,District02_Stay_Zombie_M_Walk_05,models/npc/npc_a_zombie_normal_m/npc_a_zombie_normal_m_05.mdl,cso2mob_zombie_normal,0.6,2,11151.36,300,0,0,0,0,300,60,0,50.4,0,0,0,70,80,1,30,40,1,1,0.1,0,
5206,roaming,District02_Stay_Zombie_M_Walk_06,models/npc/npc_a_zombie_normal_m/npc_a_zombie_normal_m_06.mdl,cso2mob_zombie_normal,0.6,2,11151.36,300,0,0,0,0,300,60,0,50.4,0,0,0,70,80,1,30,40,1,1,0.1,0,
5207,roaming,District02_Stay_Zombie_M_Walk_07,models/npc/npc_a_zombie_normal_m/npc_a_zombie_normal_m_07.mdl,cso2mob_zombie_normal,0.6,2,11151.36,300,0,0,0,0,300,60,0,50.4,0,0,0,70,80,1,30,40,1,1,0.1,0,
5208,roaming,District02_Stay_Zombie_M_Walk_08,models/npc/npc_a_zombie_normal_m/npc_a_zombie_normal_m_08.mdl,cso2mob_zombie_normal,0.6,2,11151.36,300,0,0,0,0,300,60,0,50.4,0,0,0,70,80,1,30,40,1,1,0.1,0,
5209,roaming,District02_Stay_Zombie_M_Walk_09,models/npc/npc_a_zombie_normal_m/npc_a_zombie_normal_m_09.mdl,cso2mob_zombie_normal,0.6,2,11151.36,300,0,0,0,0,300,60,0,50.4,0,0,0,70,80,1,30,40,1,1,0.1,0,
5210,roaming,District02_Stay_Zombie_M_Walk_10,models/npc/npc_a_zombie_normal_m/npc_a_zombie_normal_m_10.mdl,cso2mob_zombie_normal,0.6,2,11151.36,300,0,0,0,0,300,60,0,50.4,0,0,0,70,80,1,30,40,1,1,0.1,0,
5211,roaming,District02_Stay_Zombie_M_Walk_11,models/npc/npc_a_zombie_normal_m/npc_a_zombie_normal_m_11.mdl,cso2mob_zombie_normal,0.6,2,11151.36,300,0,0,0,0,300,60,0,50.4,0,0,0,70,80,1,30,40,1,1,0.1,0,
5212,roaming,District02_Stay_Zombie_M_Walk_12,models/npc/npc_a_zombie_normal_m/npc_a_zombie_normal_m_12.mdl,cso2mob_zombie_normal,0.6,2,11151.36,300,0,0,0,0,300,60,0,50.4,0,0,0,70,80,1,30,40,1,1,0.1,0,
5213,roaming,District02_Stay_Zombie_M_Walk_13,models/npc/npc_a_zombie_normal_m/npc_a_zombie_normal_m_13.mdl,cso2mob_zombie_normal,0.6,2,11151.36,300,0,0,0,0,300,60,0,50.4,0,0,0,70,80,1,30,40,1,1,0.1,0,
5214,roaming,District02_Stay_Zombie_M_Walk_14,models/npc/npc_a_zombie_normal_m/npc_a_zombie_normal_m_14.mdl,cso2mob_zombie_normal,0.6,2,11151.36,300,0,0,0,0,300,60,0,50.4,0,0,0,70,80,1,30,40,1,1,0.1,0,
5215,roaming,District02_Stay_Zombie_M_Walk_15,models/npc/npc_a_zombie_normal_f/npc_a_zombie_normal_f_01.mdl,cso2mob_zombie_normal,0.6,2,11151.36,300,0,0,0,0,300,60,0,50.4,0,0,0,70,80,1,30,40,1,1,0.1,0,
5216,roaming,District02_Stay_Zombie_M_Walk_16,models/npc/npc_a_zombie_normal_f/npc_a_zombie_normal_f_02.mdl,cso2mob_zombie_normal,0.6,2,11151.36,300,0,0,0,0,300,60,0,50.4,0,0,0,70,80,1,30,40,1,1,0.1,0,
5301,roaming,District03_Stay_Zombie_M_Walk_01,models/npc/npc_a_zombie_normal_m/npc_a_zombie_normal_m_01.mdl,cso2mob_zombie_normal,0.6,2,16896,300,0,0,0,0,300,60,0,72,0,0,0,70,80,1,30,45,1,1,0.1,0,
5302,roaming,District03_Stay_Zombie_M_Walk_02,models/npc/npc_a_zombie_normal_m/npc_a_zombie_normal_m_02.mdl,cso2mob_zombie_normal,0.6,2,16896,300,0,0,0,0,300,60,0,72,0,0,0,70,80,1,30,45,1,1,0.1,0,
5303,roaming,District03_Stay_Zombie_M_Walk_03,models/npc/npc_a_zombie_normal_m/npc_a_zombie_normal_m_03.mdl,cso2mob_zombie_normal,0.6,2,16896,300,0,0,0,0,300,60,0,72,0,0,0,70,80,1,30,45,1,1,0.1,0,
5304,roaming,District03_Stay_Zombie_M_Walk_04,models/npc/npc_a_zombie_normal_m/npc_a_zombie_normal_m_04.mdl,cso2mob_zombie_normal,0.6,2,16896,300,0,0,0,0,300,60,0,72,0,0,0,70,80,1,30,45,1,1,0.1,0,
5305,roaming,District03_Stay_Zombie_M_Walk_05,models/npc/npc_a_zombie_normal_m/npc_a_zombie_normal_m_05.mdl,cso2mob_zombie_normal,0.6,2,16896,300,0,0,0,0,300,60,0,72,0,0,0,70,80,1,30,45,1,1,0.1,0,
5306,roaming,District03_Stay_Zombie_M_Walk_06,models/npc/npc_a_zombie_normal_m/npc_a_zombie_normal_m_06.mdl,cso2mob_zombie_normal,0.6,2,16896,300,0,0,0,0,300,60,0,72,0,0,0,70,80,1,30,45,1,1,0.1,0,
5307,roaming,District03_Stay_Zombie_M_Walk_07,models/npc/npc_a_zombie_normal_m/npc_a_zombie_normal_m_07.mdl,cso2mob_zombie_normal,0.6,2,16896,300,0,0,0,0,300,60,0,72,0,0,0,70,80,1,30,45,1,1,0.1,0,
5308,roaming,District03_Stay_Zombie_M_Walk_08,models/npc/npc_a_zombie_normal_m/npc_a_zombie_normal_m_08.mdl,cso2mob_zombie_normal,0.6,2,16896,300,0,0,0,0,300,60,0,72,0,0,0,70,80,1,30,45,1,1,0.1,0,
5309,roaming,District03_Stay_Zombie_M_Walk_09,models/npc/npc_a_zombie_normal_m/npc_a_zombie_normal_m_09.mdl,cso2mob_zombie_normal,0.6,2,16896,300,0,0,0,0,300,60,0,72,0,0,0,70,80,1,30,45,1,1,0.1,0,
5310,roaming,District03_Stay_Zombie_M_Walk_10,models/npc/npc_a_zombie_normal_m/npc_a_zombie_normal_m_10.mdl,cso2mob_zombie_normal,0.6,2,16896,300,0,0,0,0,300,60,0,72,0,0,0,70,80,1,30,45,1,1,0.1,0,
5311,roaming,District03_Stay_Zombie_M_Walk_11,models/npc/npc_a_zombie_normal_m/npc_a_zombie_normal_m_11.mdl,cso2mob_zombie_normal,0.6,2,16896,300,0,0,0,0,300,60,0,72,0,0,0,70,80,1,30,45,1,1,0.1,0,
5312,roaming,District03_Stay_Zombie_M_Walk_12,models/npc/npc_a_zombie_normal_m/npc_a_zombie_normal_m_12.mdl,cso2mob_zombie_normal,0.6,2,16896,300,0,0,0,0,300,60,0,72,0,0,0,70,80,1,30,45,1,1,0.1,0,
5313,roaming,District03_Stay_Zombie_M_Walk_13,models/npc/npc_a_zombie_normal_m/npc_a_zombie_normal_m_13.mdl,cso2mob_zombie_normal,0.6,2,16896,300,0,0,0,0,300,60,0,72,0,0,0,70,80,1,30,45,1,1,0.1,0,
5314,roaming,District03_Stay_Zombie_M_Walk_14,models/npc/npc_a_zombie_normal_m/npc_a_zombie_normal_m_14.mdl,cso2mob_zombie_normal,0.6,2,16896,300,0,0,0,0,300,60,0,72,0,0,0,70,80,1,30,45,1,1,0.1,0,
5315,roaming,District03_Stay_Zombie_M_Walk_15,models/npc/npc_a_zombie_normal_f/npc_a_zombie_normal_f_01.mdl,cso2mob_zombie_normal,0.6,2,16896,300,0,0,0,0,300,60,0,72,0,0,0,70,80,1,30,45,1,1,0.1,0,
5316,roaming,District03_Stay_Zombie_M_Walk_16,models/npc/npc_a_zombie_normal_f/npc_a_zombie_normal_f_02.mdl,cso2mob_zombie_normal,0.6,2,16896,300,0,0,0,0,300,60,0,72,0,0,0,70,80,1,30,45,1,1,0.1,0,
5401,roaming,District04_Stay_Zombie_M_Walk_01,models/npc/npc_a_zombie_normal_m/npc_a_zombie_normal_m_01.mdl,cso2mob_zombie_normal,0.6,2,23654.4,300,0,0,0,0,300,60,0,86.4,0,0,0,70,80,1,30,75,1,1,0.1,0,
5402,roaming,District04_Stay_Zombie_M_Walk_02,models/npc/npc_a_zombie_normal_m/npc_a_zombie_normal_m_02.mdl,cso2mob_zombie_normal,0.6,2,23654.4,300,0,0,0,0,300,60,0,86.4,0,0,0,70,80,1,30,75,1,1,0.1,0,
5403,roaming,District04_Stay_Zombie_M_Walk_03,models/npc/npc_a_zombie_normal_m/npc_a_zombie_normal_m_03.mdl,cso2mob_zombie_normal,0.6,2,23654.4,300,0,0,0,0,300,60,0,86.4,0,0,0,70,80,1,30,75,1,1,0.1,0,
5404,roaming,District04_Stay_Zombie_M_Walk_04,models/npc/npc_a_zombie_normal_m/npc_a_zombie_normal_m_04.mdl,cso2mob_zombie_normal,0.6,2,23654.4,300,0,0,0,0,300,60,0,86.4,0,0,0,70,80,1,30,75,1,1,0.1,0,
5405,roaming,District04_Stay_Zombie_M_Walk_05,models/npc/npc_a_zombie_normal_m/npc_a_zombie_normal_m_05.mdl,cso2mob_zombie_normal,0.6,2,23654.4,300,0,0,0,0,300,60,0,86.4,0,0,0,70,80,1,30,75,1,1,0.1,0,
5406,roaming,District04_Stay_Zombie_M_Walk_06,models/npc/npc_a_zombie_normal_m/npc_a_zombie_normal_m_06.mdl,cso2mob_zombie_normal,0.6,2,23654.4,300,0,0,0,0,300,60,0,86.4,0,0,0,70,80,1,30,75,1,1,0.1,0,
5407,roaming,District04_Stay_Zombie_M_Walk_07,models/npc/npc_a_zombie_normal_m/npc_a_zombie_normal_m_07.mdl,cso2mob_zombie_normal,0.6,2,23654.4,300,0,0,0,0,300,60,0,86.4,0,0,0,70,80,1,30,75,1,1,0.1,0,
5408,roaming,District04_Stay_Zombie_M_Walk_08,models/npc/npc_a_zombie_normal_m/npc_a_zombie_normal_m_08.mdl,cso2mob_zombie_normal,0.6,2,23654.4,300,0,0,0,0,300,60,0,86.4,0,0,0,70,80,1,30,75,1,1,0.1,0,
5409,roaming,District04_Stay_Zombie_M_Walk_09,models/npc/npc_a_zombie_normal_m/npc_a_zombie_normal_m_09.mdl,cso2mob_zombie_normal,0.6,2,23654.4,300,0,0,0,0,300,60,0,86.4,0,0,0,70,80,1,30,75,1,1,0.1,0,
5410,roaming,District04_Stay_Zombie_M_Walk_10,models/npc/npc_a_zombie_normal_m/npc_a_zombie_normal_m_10.mdl,cso2mob_zombie_normal,0.6,2,23654.4,300,0,0,0,0,300,60,0,86.4,0,0,0,70,80,1,30,75,1,1,0.1,0,
5411,roaming,District04_Stay_Zombie_M_Walk_11,models/npc/npc_a_zombie_normal_m/npc_a_zombie_normal_m_11.mdl,cso2mob_zombie_normal,0.6,2,23654.4,300,0,0,0,0,300,60,0,86.4,0,0,0,70,80,1,30,75,1,1,0.1,0,
5412,roaming,District04_Stay_Zombie_M_Walk_12,models/npc/npc_a_zombie_normal_m/npc_a_zombie_normal_m_12.mdl,cso2mob_zombie_normal,0.6,2,23654.4,300,0,0,0,0,300,60,0,86.4,0,0,0,70,80,1,30,75,1,1,0.1,0,
5413,roaming,District04_Stay_Zombie_M_Walk_13,models/npc/npc_a_zombie_normal_m/npc_a_zombie_normal_m_13.mdl,cso2mob_zombie_normal,0.6,2,23654.4,300,0,0,0,0,300,60,0,86.4,0,0,0,70,80,1,30,75,1,1,0.1,0,
5414,roaming,District04_Stay_Zombie_M_Walk_14,models/npc/npc_a_zombie_normal_m/npc_a_zombie_normal_m_14.mdl,cso2mob_zombie_normal,0.6,2,23654.4,300,0,0,0,0,300,60,0,86.4,0,0,0,70,80,1,30,75,1,1,0.1,0,
5415,roaming,District04_Stay_Zombie_M_Walk_15,models/npc/npc_a_zombie_normal_f/npc_a_zombie_normal_f_01.mdl,cso2mob_zombie_normal,0.6,2,23654.4,300,0,0,0,0,300,60,0,86.4,0,0,0,70,80,1,30,75,1,1,0.1,0,
5416,roaming,District04_Stay_Zombie_M_Walk_16,models/npc/npc_a_zombie_normal_f/npc_a_zombie_normal_f_02.mdl,cso2mob_zombie_normal,0.6,2,23654.4,300,0,0,0,0,300,60,0,86.4,0,0,0,70,80,1,30,75,1,1,0.1,0,
9001,normal,Attack_Generator_Zombie_01,models/npc/npc_a_zombie_bomb/npc_a_zombie_bomb_01_r.mdl,cso2mob_zombie_bomb,1,2,10560,3000,0,0,0,300,300,108,0,300,0,400,350,70,80,1,80,25,1,2,0.1,0,
9002,normal,Attack_Generator_Zombie_M_RUN_01,models/npc/npc_a_zombie_normal_m/npc_a_zombie_normal_m_10.mdl,cso2mob_zombie_normal,0.6,2,8640,3000,0,0,0,0,3000,300,0,72,0,0,210,70,80,1,30,25,1,2,0.1,0,
9003,normal,Attack_Generator_Zombie_M_RUN_02,models/npc/npc_a_zombie_normal_m/npc_a_zombie_normal_m_11.mdl,cso2mob_zombie_normal,0.6,2,8640,3000,0,0,0,0,3000,300,0,72,0,0,210,70,80,1,30,25,1,2,0.1,0,
9004,normal,Attack_Generator_Zombie_M_RUN_03,models/npc/npc_a_zombie_normal_m/npc_a_zombie_normal_m_12.mdl,cso2mob_zombie_normal,0.6,2,8640,3000,0,0,0,0,3000,300,0,72,0,0,210,70,80,1,30,25,1,2,0.1,0,
9005,normal,Attack_Generator_Zombie_M_RUN_04,models/npc/npc_a_zombie_normal_m/npc_a_zombie_normal_m_13.mdl,cso2mob_zombie_normal,0.6,2,8640,3000,0,0,0,0,3000,300,0,72,0,0,210,70,80,1,30,25,1,2,0.1,0,
9006,normal,Attack_Generator_Zombie_M_RUN_05,models/npc/npc_a_zombie_normal_m/npc_a_zombie_normal_m_14.mdl,cso2mob_zombie_normal,0.6,2,8640,3000,0,0,0,0,3000,300,0,72,0,0,210,70,80,1,30,25,1,2,0.1,0,
9007,normal,Attack_Generator_Zombie_M_Fast_01,models/npc/npc_a_zombie_normal_m/npc_a_zombie_normal_m_15.mdl,cso2mob_zombie_normal,0.6,2,8640,3000,0,0,0,0,3000,300,0,72,0,0,300,70,80,1,30,25,1,2,0.1,0,
9008,normal,Attack_Generator_Zombie_M_Fast_02,models/npc/npc_a_zombie_normal_m/npc_a_zombie_normal_m_16.mdl,cso2mob_zombie_normal,0.6,2,8640,3000,0,0,0,0,3000,300,0,72,0,0,300,70,80,1,30,25,1,2,0.1,0,
9009,normal,Attack_Generator_Zombie_M_Strong_01,models/npc/npc_a_zombie_normal_m/npc_a_zombie_normal_m_17_r.mdl,cso2mob_zombie_normal,0.6,2,8640,3000,0,0,0,0,3000,300,0,72,0,0,300,70,80,1,30,25,1,2,0.1,0,
9010,normal,Attack_Generator_Zombie_M_Strong_02,models/npc/npc_a_zombie_normal_m/npc_a_zombie_normal_m_18_r.mdl,cso2mob_zombie_normal,0.6,2,8640,3000,0,0,0,0,3000,300,0,72,0,0,300,70,80,1,30,25,1,2,0.1,0,
9101,normal,Boss_Normal_Zombie_M_Walk_01,models/npc/npc_a_zombie_normal_m/npc_a_zombie_normal_m_01.mdl,cso2mob_zombie_normal,0.6,2,20275.2,3000,0,0,0,0,3000,80,0,122.4,0,0,0,70,80,1,30,16.5,1,2,0.1,0,
9102,normal,Boss_Normal_Zombie_M_Walk_02,models/npc/npc_a_zombie_normal_m/npc_a_zombie_normal_m_02.mdl,cso2mob_zombie_normal,0.6,2,20275.2,3000,0,0,0,0,3000,80,0,122.4,0,0,0,70,80,1,30,16.5,1,2,0.1,0,
9103,normal,Boss_Normal_Zombie_M_Walk_03,models/npc/npc_a_zombie_normal_m/npc_a_zombie_normal_m_03.mdl,cso2mob_zombie_normal,0.6,2,20275.2,3000,0,0,0,0,3000,80,0,122.4,0,0,0,70,80,1,30,16.5,1,2,0.1,0,
9104,normal,Boss_Normal_Zombie_M_Walk_04,models/npc/npc_a_zombie_normal_m/npc_a_zombie_normal_m_04.mdl,cso2mob_zombie_normal,0.6,2,20275.2,3000,0,0,0,0,3000,80,0,122.4,0,0,0,70,80,1,30,16.5,1,2,0.1,0,
9105,normal,Boss_Normal_Zombie_M_Walk_05,models/npc/npc_a_zombie_normal_m/npc_a_zombie_normal_m_05.mdl,cso2mob_zombie_normal,0.6,2,20275.2,3000,0,0,0,0,3000,80,0,122.4,0,0,0,70,80,1,30,16.5,1,2,0.1,0,
9106,normal,Boss_Normal_Zombie_M_Walk_06,models/npc/npc_a_zombie_normal_m/npc_a_zombie_normal_m_06.mdl,cso2mob_zombie_normal,0.6,2,20275.2,3000,0,0,0,0,3000,80,0,122.4,0,0,0,70,80,1,30,16.5,1,2,0.1,0,
9107,normal,Boss_Normal_Zombie_M_Walk_07,models/npc/npc_a_zombie_normal_m/npc_a_zombie_normal_m_07.mdl,cso2mob_zombie_normal,0.6,2,20275.2,3000,0,0,0,0,3000,80,0,122.4,0,0,0,70,80,1,30,16.5,1,2,0.1,0,
9108,normal,Boss_Normal_Zombie_M_Walk_08,models/npc/npc_a_zombie_normal_m/npc_a_zombie_normal_m_08.mdl,cso2mob_zombie_normal,0.6,2,20275.2,3000,0,0,0,0,3000,80,0,122.4,0,0,0,70,80,1,30,16.5,1,2,0.1,0,
9109,normal,Boss_Normal_Zombie_M_Walk_09,models/npc/npc_a_zombie_normal_m/npc_a_zombie_normal_m_09.mdl,cso2mob_zombie_normal,0.6,2,20275.2,3000,0,0,0,0,3000,80,0,122.4,0,0,0,70,80,1,30,16.5,1,2,0.1,0,
9110,normal,Boss_Normal_Zombie_M_RUN_01,models/npc/npc_a_zombie_normal_m/npc_a_zombie_normal_m_10.mdl,cso2mob_zombie_normal,0.6,2,20275.2,3000,0,0,0,0,3000,80,0,152.64,0,0,210,70,80,1,30,16.5,1,2,0.1,0,
9111,normal,Boss_Normal_Zombie_M_RUN_02,models/npc/npc_a_zombie_normal_m/npc_a_zombie_normal_m_11.mdl,cso2mob_zombie_normal,0.6,2,20275.2,3000,0,0,0,0,3000,80,0,152.64,0,0,210,70,80,1,30,16.5,1,2,0.1,0,
9112,normal,Boss_Normal_Zombie_M_RUN_03,models/npc/npc_a_zombie_normal_m/npc_a_zombie_normal_m_12.mdl,cso2mob_zombie_normal,0.6,2,20275.2,3000,0,0,0,0,3000,80,0,152.64,0,0,210,70,80,1,30,16.5,1,2,0.1,0,
9113,normal,Boss_Normal_Zombie_M_RUN_04,models/npc/npc_a_zombie_normal_m/npc_a_zombie_normal_m_13.mdl,cso2mob_zombie_normal,0.6,2,20275.2,3000,0,0,0,0,3000,80,0,152.64,0,0,210,70,80,1,30,16.5,1,2,0.1,0,
9114,normal,Boss_Normal_Zombie_M_RUN_05,models/npc/npc_a_zombie_normal_m/npc_a_zombie_normal_m_14.mdl,cso2mob_zombie_normal,0.6,2,20275.2,3000,0,0,0,0,3000,80,0,152.64,0,0,210,70,80,1,30,16.5,1,2,0.1,0,
9115,normal,Boss_Normal_Zombie_F_RUN_01,models/npc/npc_a_zombie_normal_f/npc_a_zombie_normal_f_01.mdl,cso2mob_zombie_normal,0.6,2,20275.2,3000,0,0,0,0,3000,80,0,146.88,0,0,210,70,80,1,30,16.5,1,2,0.1,0,
9116,normal,Boss_Normal_Zombie_F_Walk_01,models/npc/npc_a_zombie_normal_f/npc_a_zombie_normal_f_02.mdl,cso2mob_zombie_normal,0.6,2,20275.2,3000,0,0,0,0,3000,80,0,146.88,0,0,0,70,80,1,30,16.5,1,2,0.1,0,
9117,normal,Boss_Monster_Range_01,models/npc/npc_a_zombie_range/npc_a_zombie_range_r.mdl,cso2mob_zombie_range,1,2,57564.672,3000,0,0,1001,1100,3000,0,14.4,0,0,0,250,100,80,1,150,16.5,1,2,0.1,0,
9118,normal,Boss_Monster_Giant_01,models/npc/npc_a_zombie_subboss/npc_a_zombie_subboss_01_r.mdl,cso2mob_zombie_giant,1,2,437551.4112,3000,0,0,600,900,3000,200,0,478.08,0,600,350,180,80,1,1000,666.6666665,1,2,0.1,0,plague
9119,normal,Boss_Zombie_Bomb_01,models/npc/npc_a_zombie_bomb/npc_a_zombie_bomb_01_r.mdl,cso2mob_zombie_bomb,1,2,115129.344,3000,0,0,0,300,300,108,0,551.52,0,400,350,70,80,1,80,16.5,1,2,0.1,0,
9120,boss,monster_chief,models/npc/mabi_chieftain/npc_mabi_chieftain.mdl,cso2mob_monster_chief,1,2,3900000,2500,0,0,600,900,600,300,0,200,0,400,300,70,80,1,80,4000,0,0,0,0,
