SpawnInfoID,Name,Min,Max,YAngle,EntryPointGroup,MonsterName,Interval,ForceRespawn,AutoSpawn,MaxSpawnNumber,MaxSpawnCount
int,string,string,string,int,string,string,string,int,int,int,int
1,spawn_introgate,-3489:2367:-409,-3423:2785:-399,0,1,"Lv1_Stay_Zombie_M_Walk_01(11),Lv1_Stay_Zombie_M_Walk_02(11),Lv1_Stay_Zombie_M_Walk_03(11),Lv1_Stay_Zombie_M_Walk_04(11),Lv1_Stay_Zombie_M_Walk_05(11),Lv1_Stay_Zombie_M_Walk_06(11),Lv1_Stay_Zombie_M_Walk_07(11),Lv1_Stay_Zombie_M_Walk_08(11),Lv1_Stay_Zombie_M_Walk_09(12)",0,0,1,5,0
2,spawn_mission2,-3393:2207:-409,-2879:2881:-399,0,1,"Lv1_Stay_Zombie_M_Walk_01(11),Lv1_Stay_Zombie_M_Walk_02(11),Lv1_Stay_Zombie_M_Walk_03(11),Lv1_Stay_Zombie_M_Walk_04(11),Lv1_Stay_Zombie_M_Walk_05(11),Lv1_Stay_Zombie_M_Walk_06(11),Lv1_Stay_Zombie_M_Walk_07(11),Lv1_Stay_Zombie_M_Walk_08(11),Lv1_Stay_Zombie_M_Walk_09(12)",0,0,1,5,0
3,spawn_mission2_sub,-3393:1151:-409,-2879:2145:-399,0,1,"Lv1_Stay_Zombie_M_Walk_01(11),Lv1_Stay_Zombie_M_Walk_02(11),Lv1_Stay_Zombie_M_Walk_03(11),Lv1_Stay_Zombie_M_Walk_04(11),Lv1_Stay_Zombie_M_Walk_05(11),Lv1_Stay_Zombie_M_Walk_06(11),Lv1_Stay_Zombie_M_Walk_07(11),Lv1_Stay_Zombie_M_Walk_08(11),Lv1_Stay_Zombie_M_Walk_09(12)",0,0,1,20,0
4,spawn_mission2_alley,-4321:1375:-409,-3647:1457:-399,0,1,"Lv1_Stay_Zombie_M_Walk_01(11),Lv1_Stay_Zombie_M_Walk_02(11),Lv1_Stay_Zombie_M_Walk_03(11),Lv1_Stay_Zombie_M_Walk_04(11),Lv1_Stay_Zombie_M_Walk_05(11),Lv1_Stay_Zombie_M_Walk_06(11),Lv1_Stay_Zombie_M_Walk_07(11),Lv1_Stay_Zombie_M_Walk_08(11),Lv1_Stay_Zombie_M_Walk_09(12)",0,0,0,8,0
5,spawn_mission2_alleyb,-4545:959:-409,-4239:1377:-399,0,1,"Lv1_Stay_Zombie_M_Walk_01(11),Lv1_Stay_Zombie_M_Walk_02(11),Lv1_Stay_Zombie_M_Walk_03(11),Lv1_Stay_Zombie_M_Walk_04(11),Lv1_Stay_Zombie_M_Walk_05(11),Lv1_Stay_Zombie_M_Walk_06(11),Lv1_Stay_Zombie_M_Walk_07(11),Lv1_Stay_Zombie_M_Walk_08(11),Lv1_Stay_Zombie_M_Walk_09(12)",0,0,0,15,0
6,spawn_mission2_alleyc,-4609:639:-409,-4255:801:-399,0,1,"Lv1_Normal_Zombie_M_Walk_01(10),Lv1_Normal_Zombie_M_Walk_02(10),Lv1_Normal_Zombie_M_Walk_03(10),Lv1_Normal_Zombie_M_Walk_04(10),Lv1_Normal_Zombie_M_Walk_05(10),Lv1_Normal_Zombie_M_Walk_06(10),Lv1_Normal_Zombie_M_Walk_07(10),Lv1_Normal_Zombie_M_Walk_08(10),Lv1_Normal_Zombie_M_Walk_09(10),Lv1_Normal_Zombie_F_Walk_01(10)",0,0,0,20,0
7,spawn_mission2_alley_respawn,-4097:959:-409,-3903:1089:-399,0,1,"Lv1_Stay_Zombie_M_Walk_01(11),Lv1_Stay_Zombie_M_Walk_02(11),Lv1_Stay_Zombie_M_Walk_03(11),Lv1_Stay_Zombie_M_Walk_04(11),Lv1_Stay_Zombie_M_Walk_05(11),Lv1_Stay_Zombie_M_Walk_06(11),Lv1_Stay_Zombie_M_Walk_07(11),Lv1_Stay_Zombie_M_Walk_08(11),Lv1_Stay_Zombie_M_Walk_09(12)",0,0,0,0,0
8,spawn_mission2_alleyc_respawn,-4593:271:-409,-4175:529:-399,0,1,"Lv1_Stay_Zombie_M_Walk_01(11),Lv1_Stay_Zombie_M_Walk_02(11),Lv1_Stay_Zombie_M_Walk_03(11),Lv1_Stay_Zombie_M_Walk_04(11),Lv1_Stay_Zombie_M_Walk_05(11),Lv1_Stay_Zombie_M_Walk_06(11),Lv1_Stay_Zombie_M_Walk_07(11),Lv1_Stay_Zombie_M_Walk_08(11),Lv1_Stay_Zombie_M_Walk_09(12)",0,0,0,0,0
9,spawn_mission2_alleyb_respawn,-4129:1151:-425,-3871:1345:-415,0,1,"Lv1_Stay_Zombie_M_Walk_01(11),Lv1_Stay_Zombie_M_Walk_02(11),Lv1_Stay_Zombie_M_Walk_03(11),Lv1_Stay_Zombie_M_Walk_04(11),Lv1_Stay_Zombie_M_Walk_05(11),Lv1_Stay_Zombie_M_Walk_06(11),Lv1_Stay_Zombie_M_Walk_07(11),Lv1_Stay_Zombie_M_Walk_08(11),Lv1_Stay_Zombie_M_Walk_09(12)",0,0,0,0,0
12,spawn_mission3_ground,-5809:623:-409,-4703:1537:-399,0,1,"Lv1_Stay_Zombie_M_Walk_01(11),Lv1_Stay_Zombie_M_Walk_02(11),Lv1_Stay_Zombie_M_Walk_03(11),Lv1_Stay_Zombie_M_Walk_04(11),Lv1_Stay_Zombie_M_Walk_05(11),Lv1_Stay_Zombie_M_Walk_06(11),Lv1_Stay_Zombie_M_Walk_07(11),Lv1_Stay_Zombie_M_Walk_08(11),Lv1_Stay_Zombie_M_Walk_09(12)",0,0,0,15,0
13,spawn_mission4_rooftop,-6241:607:62,-5951:1441:65,0,1,"District01_Zombie_M_Walk_01(10),District01_Zombie_M_Walk_02(10),District01_Zombie_M_Walk_03(10),District01_Zombie_M_Walk_04(10),District01_Zombie_M_Walk_05(10),District01_Zombie_M_Walk_06(10),District01_Zombie_M_Walk_07(10),District01_Zombie_M_Walk_08(10),District01_Zombie_M_Walk_09(10),District01_Zombie_F_Walk_01(10)",0,1,0,10,1000
14,spawn_mission4_rooftop2,-6241:31:238,-5279:321:241,0,1,"District01_Zombie_M_Walk_01(10),District01_Zombie_M_Walk_02(10),District01_Zombie_M_Walk_03(10),District01_Zombie_M_Walk_04(10),District01_Zombie_M_Walk_05(10),District01_Zombie_M_Walk_06(10),District01_Zombie_M_Walk_07(10),District01_Zombie_M_Walk_08(10),District01_Zombie_M_Walk_09(10),District01_Zombie_F_Walk_01(10)",0,1,0,10,1000
15,spawn_mission4_rooftop3,-5377:1631:62,-4671:1761:65,0,1,"District01_Zombie_M_Walk_01(10),District01_Zombie_M_Walk_02(10),District01_Zombie_M_Walk_03(10),District01_Zombie_M_Walk_04(10),District01_Zombie_M_Walk_05(10),District01_Zombie_M_Walk_06(10),District01_Zombie_M_Walk_07(10),District01_Zombie_M_Walk_08(10),District01_Zombie_M_Walk_09(10),District01_Zombie_F_Walk_01(10)",0,1,0,10,1000
16,spawn_mission4_rooftop4,-6129:1231:-154,-5919:1449:-151,0,1,"District01_Zombie_M_Walk_01(10),District01_Zombie_M_Walk_02(10),District01_Zombie_M_Walk_03(10),District01_Zombie_M_Walk_04(10),District01_Zombie_M_Walk_05(10),District01_Zombie_M_Walk_06(10),District01_Zombie_M_Walk_07(10),District01_Zombie_M_Walk_08(10),District01_Zombie_M_Walk_09(10),District01_Zombie_F_Walk_01(10)",0,1,0,10,1000
17,spawn_mission4_rooftop5,-5217:31:47,-4671:321:50,0,1,"District01_Zombie_M_Walk_01(10),District01_Zombie_M_Walk_02(10),District01_Zombie_M_Walk_03(10),District01_Zombie_M_Walk_04(10),District01_Zombie_M_Walk_05(10),District01_Zombie_M_Walk_06(10),District01_Zombie_M_Walk_07(10),District01_Zombie_M_Walk_08(10),District01_Zombie_M_Walk_09(10),District01_Zombie_F_Walk_01(10)",0,1,0,10,1000
18,spawn_mission4_inside1,-5377:1599:-417,-4671:1825:-414,0,1,"District01_Zombie_M_Walk_01(10),District01_Zombie_M_Walk_02(10),District01_Zombie_M_Walk_03(10),District01_Zombie_M_Walk_04(10),District01_Zombie_M_Walk_05(10),District01_Zombie_M_Walk_06(10),District01_Zombie_M_Walk_07(10),District01_Zombie_M_Walk_08(10),District01_Zombie_M_Walk_09(10),District01_Zombie_F_Walk_01(10)",0,1,0,10,1000
19,spawn_mission4_inside2,-5217:367:-425,-4655:497:-422,0,1,"District01_Zombie_M_Walk_01(10),District01_Zombie_M_Walk_02(10),District01_Zombie_M_Walk_03(10),District01_Zombie_M_Walk_04(10),District01_Zombie_M_Walk_05(10),District01_Zombie_M_Walk_06(10),District01_Zombie_M_Walk_07(10),District01_Zombie_M_Walk_08(10),District01_Zombie_M_Walk_09(10),District01_Zombie_F_Walk_01(10)",0,1,0,10,1000
20,spawn_mission5_road,-3393:127:-409,-2879:2145:-399,0,1,"District01_Stay_Zombie_M_Walk_01(6),District01_Stay_Zombie_M_Walk_02(6),District01_Stay_Zombie_M_Walk_03(6),District01_Stay_Zombie_M_Walk_04(6),District01_Stay_Zombie_M_Walk_05(6),District01_Stay_Zombie_M_Walk_06(6),District01_Stay_Zombie_M_Walk_07(6),District01_Stay_Zombie_M_Walk_08(6),District01_Stay_Zombie_M_Walk_09(6),District01_Stay_Zombie_M_Walk_10(6),District01_Stay_Zombie_M_Walk_11(6),District01_Stay_Zombie_M_Walk_12(6),District01_Stay_Zombie_M_Walk_13(7),District01_Stay_Zombie_M_Walk_14(7),District01_Stay_Zombie_M_Walk_15(7),District01_Stay_Zombie_M_Walk_16(7)",0,0,0,30,0
21,spawn_mission5_gateopend1,-3825:927:-161,-3583:1329:-158,0,1,"District01_Zombie_M_Walk_01(17),District01_Zombie_M_Walk_02(17),District01_Zombie_M_Walk_03(17),District01_Zombie_M_Walk_04(17),District01_Zombie_M_Walk_01(16),District01_Zombie_F_Walk_01(16)",0,1,0,10,1000
22,spawn_mission5_gateopend2,-2609:127:-225,-2255:529:-222,0,1,"District01_Zombie_M_Walk_01(17),District01_Zombie_M_Walk_02(17),District01_Zombie_M_Walk_03(17),District01_Zombie_M_Walk_04(17),District01_Zombie_M_Walk_01(16),District01_Zombie_F_Walk_01(16)",0,1,0,10,1000
23,spawn_mission5_gateopend3,-3825:15:-153,-3567:529:-150,0,1,"District01_Zombie_M_Walk_01(17),District01_Zombie_M_Walk_02(17),District01_Zombie_M_Walk_03(17),District01_Zombie_M_Walk_04(17),District01_Zombie_M_Walk_01(16),District01_Zombie_F_Walk_01(16)",0,1,0,10,1000
24,spawn_mission5_gateopend4,-2705:1951:-225,-2495:2593:-222,0,1,"District01_Zombie_M_Walk_01(17),District01_Zombie_M_Walk_02(17),District01_Zombie_M_Walk_03(17),District01_Zombie_M_Walk_04(17),District01_Zombie_M_Walk_01(16),District01_Zombie_F_Walk_01(16)",0,1,0,10,1000
25,spawn_mission5_gateopend5_toggle,-3809:1375:-401,-3071:1457:-398,0,1,"District01_02_Stay_Zombie_M_Walk_01(10),District01_02_Stay_Zombie_M_Walk_02(10),District01_02_Stay_Zombie_M_Walk_03(10),District01_02_Stay_Zombie_M_Walk_04(10),District01_02_Stay_Zombie_M_Walk_05(10),District01_02_Stay_Zombie_M_Walk_06(10),District01_02_Stay_Zombie_M_Walk_07(10),District01_02_Stay_Zombie_M_Walk_08(10),District01_02_Stay_Zombie_M_Walk_09(10),District01_02_Stay_Zombie_F_Walk_01(10)",0,0,0,0,0
26,spawn_mission5_end_road,-2049:-641:-425,1:-127:-415,0,1,"District01_02_Stay_Zombie_M_Walk_01(10),District01_02_Stay_Zombie_M_Walk_02(10),District01_02_Stay_Zombie_M_Walk_03(10),District01_02_Stay_Zombie_M_Walk_04(10),District01_02_Stay_Zombie_M_Walk_05(10),District01_02_Stay_Zombie_M_Walk_06(10),District01_02_Stay_Zombie_M_Walk_07(10),District01_02_Stay_Zombie_M_Walk_08(10),District01_02_Stay_Zombie_M_Walk_09(10),District01_02_Stay_Zombie_F_Walk_01(10)",0,0,0,30,0
27,spawn_mission6_base,-3505:-2033:-417,-2527:-783:-414,0,1,"District02_Stay_Zombie_M_Walk_01(6),District02_Stay_Zombie_M_Walk_02(6),District02_Stay_Zombie_M_Walk_03(6),District02_Stay_Zombie_M_Walk_04(6),District02_Stay_Zombie_M_Walk_05(6),District02_Stay_Zombie_M_Walk_06(6),District02_Stay_Zombie_M_Walk_07(6),District02_Stay_Zombie_M_Walk_08(6),District02_Stay_Zombie_M_Walk_09(6),District02_Stay_Zombie_M_Walk_10(6),District02_Stay_Zombie_M_Walk_11(6),District02_Stay_Zombie_M_Walk_12(6),District02_Stay_Zombie_M_Walk_13(7),District02_Stay_Zombie_M_Walk_14(7),District02_Stay_Zombie_M_Walk_15(7),District02_Stay_Zombie_M_Walk_16(7)",0,0,0,30,0
28,spawn_mission6_rooftop,-3057:-1329:-162,-2831:-1103:-159,0,1,"District02_Zombie_M_Fast_01(25),District02_Zombie_M_Fast_02(25),District02_Zombie_M_Strong_01(25),District02_Zombie_M_Strong_02(25)","2,3",1,0,8,1000
29,spawn_mission6_inside,-3889:-1905:-417,-3535:-1551:-414,0,1,"District02_Zombie_M_Fast_01(25),District02_Zombie_M_Fast_02(25),District02_Zombie_M_Strong_01(25),District02_Zombie_M_Strong_02(25)","0,1",1,0,8,1000
30,spawn_mission6_vent3,-2929:-1585:-225,-2895:-1551:-222,0,1,"District02_Zombie_Bomb_01(80),District02_Zombie_M_Fast_01(10),District02_Zombie_M_Fast_02(10)","3, 8",1,0,5,1000
31,spawn_mission6_vent1,-3313:-1905:-225,-3279:-1871:-222,0,1,"District02_Zombie_Bomb_01(80),District02_Zombie_M_Fast_01(10),District02_Zombie_M_Fast_02(10)","3, 8",1,0,5,1000
32,spawn_mission6_vent2,-2929:-1905:-225,-2895:-1871:-222,0,1,"District02_Zombie_Bomb_01(80),District02_Zombie_M_Fast_01(10),District02_Zombie_M_Fast_02(10)","3, 8",1,0,5,1000
33,spawn_mission6_vent4,-3313:-1201:-225,-3279:-1167:-222,0,1,"District02_Zombie_Bomb_01(80),District02_Zombie_M_Fast_01(10),District02_Zombie_M_Fast_02(10)","3, 8",1,0,5,1000
34,spawn_mission6_vent5,-2641:-1169:-225,-2607:-1135:-222,0,1,"District02_Zombie_Bomb_01(80),District02_Zombie_M_Fast_01(10),District02_Zombie_M_Fast_02(10)","3, 8",1,0,5,1000
35,spawn_mission6_behinddoor,-3489:-977:-416,-3103:-783:-413,0,1,"District02_Zombie_M_RUN_01(9),District02_Zombie_M_RUN_02(9),District02_Zombie_M_RUN_03(9),District02_Zombie_M_RUN_04(9),District02_Zombie_M_RUN_05(9),District02_Zombie_M_Fast_01(9),District02_Zombie_M_Fast_02(9),District02_Zombie_M_Strong_01(9),District02_Zombie_M_Strong_02(9),District02_Zombie_M_Fast_01(9),District02_Zombie_M_Fast_02(10)","0,1",1,0,8,1000
36,spawn_mission6_inside2,-2481:-1809:-417,-2191:-1551:-414,0,1,"District02_Zombie_M_RUN_01(9),District02_Zombie_M_RUN_02(9),District02_Zombie_M_RUN_03(9),District02_Zombie_M_RUN_04(9),District02_Zombie_M_RUN_05(9),District02_Zombie_M_Fast_01(9),District02_Zombie_M_Fast_02(9),District02_Zombie_M_Strong_01(9),District02_Zombie_M_Strong_02(9),District02_Zombie_M_Fast_01(9),District02_Zombie_M_Fast_02(10)","0,1",1,0,8,1000
37,spawn_mission7_base,-2481:-1377:-409,-1535:-767:-406,0,1,"District02_Stay_Zombie_M_Walk_01(6),District02_Stay_Zombie_M_Walk_02(6),District02_Stay_Zombie_M_Walk_03(6),District02_Stay_Zombie_M_Walk_04(6),District02_Stay_Zombie_M_Walk_05(6),District02_Stay_Zombie_M_Walk_06(6),District02_Stay_Zombie_M_Walk_07(6),District02_Stay_Zombie_M_Walk_08(6),District02_Stay_Zombie_M_Walk_09(6),District02_Stay_Zombie_M_Walk_10(6),District02_Stay_Zombie_M_Walk_11(6),District02_Stay_Zombie_M_Walk_12(6),District02_Stay_Zombie_M_Walk_13(7),District02_Stay_Zombie_M_Walk_14(7),District02_Stay_Zombie_M_Walk_15(7),District02_Stay_Zombie_M_Walk_16(7)",0,0,0,30,0
38,spawn_mission7_inside1,-2145:-1857:-393,-2015:-1439:-390,0,5,"District02_Zombie_M_RUN_01(9),District02_Zombie_M_RUN_02(9),District02_Zombie_M_RUN_03(9),District02_Zombie_M_RUN_04(9),District02_Zombie_M_RUN_05(9),District02_Zombie_M_Fast_01(9),District02_Zombie_M_Fast_02(9),District02_Zombie_M_Strong_01(9),District02_Zombie_M_Strong_02(9),District02_Zombie_M_Fast_01(9),District02_Zombie_M_Fast_02(10)",0,1,0,14,1000
39,spawn_mission7_inside2,-1969:-1857:-393,-1855:-1439:-390,0,5,"District02_Stay_Zombie_M_Walk_01(10),District02_Stay_Zombie_M_Walk_02(10),District02_Stay_Zombie_M_Walk_03(10),District02_Stay_Zombie_M_Walk_04(10),District02_Stay_Zombie_M_Walk_05(10),District02_Stay_Zombie_M_Walk_06(10),District02_Stay_Zombie_M_Walk_07(10),District02_Stay_Zombie_M_Walk_08(10),District02_Stay_Zombie_M_Walk_09(10),District02_Stay_Zombie_F_Walk_01(10)",0,1,0,14,1000
40,spawn_mission7_vent1,-1777:-1265:-226,-1743:-1231:-223,0,1,"District02_Zombie_Bomb_01(80),District02_Zombie_M_Fast_01(10),District02_Zombie_M_Fast_02(10)","3, 8",1,0,5,1000
41,spawn_mission7_vent4,-2225:-1265:-226,-2191:-1231:-223,0,1,"District02_Zombie_Bomb_01(80),District02_Zombie_M_Fast_01(10),District02_Zombie_M_Fast_02(10)","3, 8",1,0,5,1000
42,spawn_mission7_vent3,-2225:-881:-226,-2191:-847:-223,0,1,"District02_Zombie_Bomb_01(80),District02_Zombie_M_Fast_01(10),District02_Zombie_M_Fast_02(10)","3, 8",1,0,5,1000
43,spawn_mission7_vent2,-1777:-881:-226,-1743:-847:-223,0,1,"District02_Zombie_Bomb_01(80),District02_Zombie_M_Fast_01(10),District02_Zombie_M_Fast_02(10)","3, 8",1,0,5,1000
44,spawn_mission8_base,31:-2433:-617,993:-1247:-614,0,1,"District02_Stay_Zombie_M_Walk_01(6),District02_Stay_Zombie_M_Walk_02(6),District02_Stay_Zombie_M_Walk_03(6),District02_Stay_Zombie_M_Walk_04(6),District02_Stay_Zombie_M_Walk_05(6),District02_Stay_Zombie_M_Walk_06(6),District02_Stay_Zombie_M_Walk_07(6),District02_Stay_Zombie_M_Walk_08(6),District02_Stay_Zombie_M_Walk_09(6),District02_Stay_Zombie_M_Walk_10(6),District02_Stay_Zombie_M_Walk_11(6),District02_Stay_Zombie_M_Walk_12(6),District02_Stay_Zombie_M_Walk_13(7),District02_Stay_Zombie_M_Walk_14(7),District02_Stay_Zombie_M_Walk_15(7),District02_Stay_Zombie_M_Walk_16(7)",0,0,0,30,0
45,spawn_mission8_base2,-161:-865:-417,449:-799:-414,0,1,"District02_Stay_Zombie_M_Walk_01(6),District02_Stay_Zombie_M_Walk_02(6),District02_Stay_Zombie_M_Walk_03(6),District02_Stay_Zombie_M_Walk_04(6),District02_Stay_Zombie_M_Walk_05(6),District02_Stay_Zombie_M_Walk_06(6),District02_Stay_Zombie_M_Walk_07(6),District02_Stay_Zombie_M_Walk_08(6),District02_Stay_Zombie_M_Walk_09(6),District02_Stay_Zombie_M_Walk_10(6),District02_Stay_Zombie_M_Walk_11(6),District02_Stay_Zombie_M_Walk_12(6),District02_Stay_Zombie_M_Walk_13(7),District02_Stay_Zombie_M_Walk_14(7),District02_Stay_Zombie_M_Walk_15(7),District02_Stay_Zombie_M_Walk_16(7)",0,0,0,10,0
46,spawn_mission8_base3,367:-1041:-465,449:-879:-462,0,1,"District02_Stay_Zombie_M_Walk_01(6),District02_Stay_Zombie_M_Walk_02(6),District02_Stay_Zombie_M_Walk_03(6),District02_Stay_Zombie_M_Walk_04(6),District02_Stay_Zombie_M_Walk_05(6),District02_Stay_Zombie_M_Walk_06(6),District02_Stay_Zombie_M_Walk_07(6),District02_Stay_Zombie_M_Walk_08(6),District02_Stay_Zombie_M_Walk_09(6),District02_Stay_Zombie_M_Walk_10(6),District02_Stay_Zombie_M_Walk_11(6),District02_Stay_Zombie_M_Walk_12(6),District02_Stay_Zombie_M_Walk_13(7),District02_Stay_Zombie_M_Walk_14(7),District02_Stay_Zombie_M_Walk_15(7),District02_Stay_Zombie_M_Walk_16(7)",0,0,0,10,0
47,spawn_mission8_secflr1,-169:-1393:-485,-15:-1239:-482,0,1,"District02_Zombie_M_RUN_01(9),District02_Zombie_M_RUN_02(9),District02_Zombie_M_RUN_03(9),District02_Zombie_M_RUN_04(9),District02_Zombie_M_RUN_05(9),District02_Zombie_M_Fast_01(9),District02_Zombie_M_Fast_02(9),District02_Zombie_M_Strong_01(9),District02_Zombie_M_Strong_02(9),District02_Zombie_M_Fast_01(9),District02_Zombie_M_Fast_02(10)","1,3",1,0,8,1000
48,spawn_mission8_secflr2,1047:-1793:-485,1265:-1543:-482,0,1,"District02_Zombie_M_RUN_01(9),District02_Zombie_M_RUN_02(9),District02_Zombie_M_RUN_03(9),District02_Zombie_M_RUN_04(9),District02_Zombie_M_RUN_05(9),District02_Zombie_M_Fast_01(9),District02_Zombie_M_Fast_02(9),District02_Zombie_M_Strong_01(9),District02_Zombie_M_Strong_02(9),District02_Zombie_M_Fast_01(9),District02_Zombie_M_Fast_02(10)","1,3",1,0,8,1000
49,spawn_mission8_secflr3,1047:-2105:-485,1265:-1855:-482,0,1,"District02_Zombie_M_RUN_01(9),District02_Zombie_M_RUN_02(9),District02_Zombie_M_RUN_03(9),District02_Zombie_M_RUN_04(9),District02_Zombie_M_RUN_05(9),District02_Zombie_M_Fast_01(9),District02_Zombie_M_Fast_02(9),District02_Zombie_M_Strong_01(9),District02_Zombie_M_Strong_02(9),District02_Zombie_M_Fast_01(9),District02_Zombie_M_Fast_02(10)","1,3",1,0,8,1000
50,spawn_mission8_inside1,-177:-1905:-625,-15:-1743:-622,0,1,"District02_Zombie_M_RUN_01(9),District02_Zombie_M_RUN_02(9),District02_Zombie_M_RUN_03(9),District02_Zombie_M_RUN_04(9),District02_Zombie_M_RUN_05(9),District02_Zombie_M_Fast_01(9),District02_Zombie_M_Fast_02(9),District02_Zombie_M_Strong_01(9),District02_Zombie_M_Strong_02(9),District02_Zombie_M_Fast_01(9),District02_Zombie_M_Fast_02(10)","1,3",1,0,8,1000
51,spawn_mission8_inside2,431:-2657:-625,593:-2495:-622,0,1,"District02_Zombie_M_RUN_01(9),District02_Zombie_M_RUN_02(9),District02_Zombie_M_RUN_03(9),District02_Zombie_M_RUN_04(9),District02_Zombie_M_RUN_05(9),District02_Zombie_M_Fast_01(9),District02_Zombie_M_Fast_02(9),District02_Zombie_M_Strong_01(9),District02_Zombie_M_Strong_02(9),District02_Zombie_M_Fast_01(9),District02_Zombie_M_Fast_02(10)","1,3",1,0,8,1000
52,spawn_mission8_inside3,1039:-1857:-625,1201:-1695:-622,0,1,"District02_Zombie_M_RUN_01(9),District02_Zombie_M_RUN_02(9),District02_Zombie_M_RUN_03(9),District02_Zombie_M_RUN_04(9),District02_Zombie_M_RUN_05(9),District02_Zombie_M_Fast_01(9),District02_Zombie_M_Fast_02(9),District02_Zombie_M_Strong_01(9),District02_Zombie_M_Strong_02(9),District02_Zombie_M_Fast_01(9),District02_Zombie_M_Fast_02(10)","1,3",1,0,8,1000
53,spawn_mission8_vent1,655:-1521:-354,689:-1487:-351,0,1,"District02_Zombie_Bomb_01(80),District02_Zombie_M_Fast_01(10),District02_Zombie_M_Fast_02(10)","3, 8",1,0,5,1000
54,spawn_mission8_vent2,335:-1649:-354,369:-1615:-351,0,1,"District02_Zombie_Bomb_01(80),District02_Zombie_M_Fast_01(10),District02_Zombie_M_Fast_02(10)","3, 8",1,0,5,1000
55,spawn_mission8_vent3,655:-1969:-354,689:-1935:-351,0,1,"District02_Zombie_Bomb_01(80),District02_Zombie_M_Fast_01(10),District02_Zombie_M_Fast_02(10)","3, 8",1,0,5,1000
56,spawn_mission8_vent5,335:-2353:-354,369:-2319:-351,0,1,"District02_Zombie_Bomb_01(80),District02_Zombie_M_Fast_01(10),District02_Zombie_M_Fast_02(10)","3, 8",1,0,5,1000
57,spawn_mission8_vent4,655:-2353:-354,689:-2319:-351,0,1,"District02_Zombie_Bomb_01(80),District02_Zombie_M_Fast_01(10),District02_Zombie_M_Fast_02(10)","3, 8",1,0,5,1000
58,DONOTUSETHIS,271:-849:-162,305:-815:-159,0,1,"District02_Zombie_Bomb_01(80),District02_Zombie_M_Fast_01(10),District02_Zombie_M_Fast_02(10)","3, 8",1,0,0,0
59,spawn_mission9_rooftop,-33:-1185:-97,225:-927:-94,0,1,"District02_Zombie_M_RUN_01(8),District02_Zombie_M_RUN_02(8),District02_Zombie_M_RUN_03(8),District02_Zombie_M_RUN_04(8),District02_Zombie_M_RUN_05(8),District02_Zombie_M_Fast_01(8),District02_Zombie_M_Fast_02(8),District02_Zombie_M_Strong_01(8),District02_Zombie_M_Strong_02(9),District02_Zombie_M_Fast_01(9),District02_Zombie_M_Fast_02(9),District02_Zombie_Bomb_01(9)",0,1,0,8,1000
60,spawn_mission9_inside,-65:415:-409,225:705:-406,0,1,"District02_Zombie_M_RUN_01(8),District02_Zombie_M_RUN_02(8),District02_Zombie_M_RUN_03(8),District02_Zombie_M_RUN_04(8),District02_Zombie_M_RUN_05(8),District02_Zombie_M_Fast_01(8),District02_Zombie_M_Fast_02(8),District02_Zombie_M_Strong_01(8),District02_Zombie_M_Strong_02(9),District02_Zombie_M_Fast_01(9),District02_Zombie_M_Fast_02(9),District02_Zombie_Bomb_01(9)",0,1,0,8,1000
61,spawn_mission9_rooftop2,-865:255:-217,-223:481:-214,0,1,"District02_Zombie_M_RUN_01(8),District02_Zombie_M_RUN_02(8),District02_Zombie_M_RUN_03(8),District02_Zombie_M_RUN_04(8),District02_Zombie_M_RUN_05(8),District02_Zombie_M_Fast_01(8),District02_Zombie_M_Fast_02(8),District02_Zombie_M_Strong_01(8),District02_Zombie_M_Strong_02(9),District02_Zombie_M_Fast_01(9),District02_Zombie_M_Fast_02(9),District02_Monster_Range_01(9)",0,1,0,8,1000
62,spawn_mission9_rooftop1,-2145:255:-217,-1439:481:-214,0,1,"District02_Zombie_M_RUN_01(8),District02_Zombie_M_RUN_02(8),District02_Zombie_M_RUN_03(8),District02_Zombie_M_RUN_04(8),District02_Zombie_M_RUN_05(8),District02_Zombie_M_Fast_01(8),District02_Zombie_M_Fast_02(8),District02_Zombie_M_Strong_01(8),District02_Zombie_M_Strong_02(9),District02_Zombie_M_Fast_01(9),District02_Zombie_M_Fast_02(9),District02_Monster_Range_01(9)",0,1,0,8,1000
63,spawn_mission10_top2,-1969:-1857:-393,-1855:-1439:-390,0,1,"Lv3_Normal_Zombie_M_RUN_01(16),Lv3_Normal_Zombie_M_RUN_02(16),Lv3_Normal_Zombie_M_RUN_03(17),Lv3_Normal_Zombie_M_RUN_04(17),Lv3_Normal_Zombie_M_RUN_05(17),Lv3_Normal_Zombie_F_RUN_01(17)","0,1",1,0,12,1000
64,spawn_mission10_top,-2145:-1857:-393,-2015:-1439:-390,0,1,"Lv3_Normal_Zombie_M_Fast_01(25),Lv3_Normal_Zombie_M_Fast_02(25),Lv3_Normal_Zombie_M_Strong_01(25),Lv3_Normal_Zombie_M_Strong_02(25)","0,1",1,0,12,1000
65,spawn_mission10_vent,-1137:-1361:3,-1103:-1327:6,0,1,"Lv3_Zombie_Bomb_01(80),Lv3_Normal_Zombie_M_Fast_01(10),Lv3_Normal_Zombie_M_Fast_02(10)","3, 8",1,0,5,1000
66,spawn_mission10_rooftop1,-1233:-1585:-49,-1143:-1519:-46,0,1,"Lv3_Normal_Zombie_M_RUN_01(16),Lv3_Normal_Zombie_M_RUN_02(16),Lv3_Normal_Zombie_M_RUN_03(17),Lv3_Normal_Zombie_M_RUN_04(17),Lv3_Normal_Zombie_M_RUN_05(17),Lv3_Normal_Zombie_F_RUN_01(17)","0,1",1,0,8,1000
67,spawn_mission11_vent2,-1905:-3249:-122,-1871:-3215:-119,0,1,"Lv3_Zombie_Bomb_01(80),Lv3_Normal_Zombie_M_Fast_01(10),Lv3_Normal_Zombie_M_Fast_02(10)","3, 8",1,0,5,1000
68,spawn_mission11_vent1,-1585:-2993:-122,-1551:-2959:-119,0,1,"Lv3_Zombie_Bomb_01(80),Lv3_Normal_Zombie_M_Fast_01(10),Lv3_Normal_Zombie_M_Fast_02(10)","3, 8",1,0,5,1000
69,spawn_mission11_vent3,-2225:-3569:-122,-2191:-3535:-119,0,1,"Lv3_Zombie_Bomb_01(80),Lv3_Normal_Zombie_M_Fast_01(10),Lv3_Normal_Zombie_M_Fast_02(10)","3, 8",1,0,5,1000
70,spawn_mission11_inside1,-1953:-4033:-409,-1695:-3743:-406,0,1,"Lv3_Normal_Zombie_M_RUN_01(16),Lv3_Normal_Zombie_M_RUN_02(16),Lv3_Normal_Zombie_M_RUN_03(17),Lv3_Normal_Zombie_M_RUN_04(17),Lv3_Normal_Zombie_M_RUN_05(17),Lv3_Normal_Zombie_F_RUN_01(17)","0,1",1,0,8,1000
71,spawn_mission11_inside2,-1601:-4033:-409,-1183:-3743:-406,0,1,"Lv3_Normal_Zombie_M_RUN_01(16),Lv3_Normal_Zombie_M_RUN_02(16),Lv3_Normal_Zombie_M_RUN_03(17),Lv3_Normal_Zombie_M_RUN_04(17),Lv3_Normal_Zombie_M_RUN_05(17),Lv3_Normal_Zombie_F_RUN_01(17)","0,1",1,0,8,1000
72,spawn_mission11_inside3,-2337:-2849:-409,-2047:-2719:-406,0,1,"Lv3_Normal_Zombie_M_RUN_01(16),Lv3_Normal_Zombie_M_RUN_02(16),Lv3_Normal_Zombie_M_RUN_03(17),Lv3_Normal_Zombie_M_RUN_04(17),Lv3_Normal_Zombie_M_RUN_05(17),Lv3_Normal_Zombie_F_RUN_01(17)","0,1",1,0,8,1000
73,spawn_mission11_inside4,-1985:-2849:-409,-1855:-2719:-406,0,1,"Lv3_Normal_Zombie_M_RUN_01(16),Lv3_Normal_Zombie_M_RUN_02(16),Lv3_Normal_Zombie_M_RUN_03(17),Lv3_Normal_Zombie_M_RUN_04(17),Lv3_Normal_Zombie_M_RUN_05(17),Lv3_Normal_Zombie_F_RUN_01(17)","0,1",1,0,8,1000
74,spawn_mission11_vent4,-1073:-3153:-154,-1039:-3119:-151,0,1,"Lv3_Zombie_Bomb_01(80),Lv3_Normal_Zombie_M_Fast_01(10),Lv3_Normal_Zombie_M_Fast_02(10)","3, 8",1,0,5,1000
75,spawn_mission12_top,1254:-3091:-100,1254:-3091:-100 ,0,1,"MIssion12_Monster_Giant_01(70),MIssion12_Zombie_Bomb_01(30)","1,4",1,0,3,1000
76,spawn_mission12_inside,1215:-2785:-429,1441:-2527:-426,0,1,"MIssion12_Zombie_M_Walk_07(10),MIssion12_Zombie_M_Walk_08(10),MIssion12_Zombie_M_Walk_09(10),MIssion12_Zombie_M_Walk_10(10),MIssion12_Zombie_M_Walk_11(10),MIssion12_Zombie_M_Walk_12(10),MIssion12_Zombie_M_Walk_13(10),MIssion12_Zombie_M_Walk_14(10),MIssion12_Zombie_M_Walk_15(10),MIssion12_Zombie_M_Walk_16(10)",0,1,0,25,1000
77,spawn_mission12_inside2,1823:-3265:-429,2081:-3039:-426,0,1,"MIssion12_Zombie_M_Walk_07(10),MIssion12_Zombie_M_Walk_08(10),MIssion12_Zombie_M_Walk_09(10),MIssion12_Zombie_M_Walk_10(10),MIssion12_Zombie_M_Walk_11(10),MIssion12_Zombie_M_Walk_12(10),MIssion12_Zombie_M_Walk_13(10),MIssion12_Zombie_M_Walk_14(10),MIssion12_Zombie_M_Walk_15(10),MIssion12_Zombie_M_Walk_16(10)",0,1,0,25,1000
78,spawn_mission12_base,-161:-3297:-429,1761:-2879:-426,0,1,"District03_Stay_Zombie_M_Walk_01(6),District03_Stay_Zombie_M_Walk_02(6),District03_Stay_Zombie_M_Walk_03(6),District03_Stay_Zombie_M_Walk_04(6),District03_Stay_Zombie_M_Walk_05(6),District03_Stay_Zombie_M_Walk_06(6),District03_Stay_Zombie_M_Walk_07(6),District03_Stay_Zombie_M_Walk_08(6),District03_Stay_Zombie_M_Walk_09(6),District03_Stay_Zombie_M_Walk_10(6),District03_Stay_Zombie_M_Walk_11(6),District03_Stay_Zombie_M_Walk_12(6),District03_Stay_Zombie_M_Walk_13(7),District03_Stay_Zombie_M_Walk_14(7),District03_Stay_Zombie_M_Walk_15(7),District03_Stay_Zombie_M_Walk_16(7)",0,0,0,20,0
79,spawn_mission11_base,-2337:-3681:-409,-1151:-2943:-406,0,1,"District03_Stay_Zombie_M_Walk_01(6),District03_Stay_Zombie_M_Walk_02(6),District03_Stay_Zombie_M_Walk_03(6),District03_Stay_Zombie_M_Walk_04(6),District03_Stay_Zombie_M_Walk_05(6),District03_Stay_Zombie_M_Walk_06(6),District03_Stay_Zombie_M_Walk_07(6),District03_Stay_Zombie_M_Walk_08(6),District03_Stay_Zombie_M_Walk_09(6),District03_Stay_Zombie_M_Walk_10(6),District03_Stay_Zombie_M_Walk_11(6),District03_Stay_Zombie_M_Walk_12(6),District03_Stay_Zombie_M_Walk_13(7),District03_Stay_Zombie_M_Walk_14(7),District03_Stay_Zombie_M_Walk_15(7),District03_Stay_Zombie_M_Walk_16(7)",0,0,0,30,0
80,spawn_mission11_base2,-1793:-2881:-409,-1487:-2719:-406,0,1,"District03_Stay_Zombie_M_Walk_01(6),District03_Stay_Zombie_M_Walk_02(6),District03_Stay_Zombie_M_Walk_03(6),District03_Stay_Zombie_M_Walk_04(6),District03_Stay_Zombie_M_Walk_05(6),District03_Stay_Zombie_M_Walk_06(6),District03_Stay_Zombie_M_Walk_07(6),District03_Stay_Zombie_M_Walk_08(6),District03_Stay_Zombie_M_Walk_09(6),District03_Stay_Zombie_M_Walk_10(6),District03_Stay_Zombie_M_Walk_11(6),District03_Stay_Zombie_M_Walk_12(6),District03_Stay_Zombie_M_Walk_13(7),District03_Stay_Zombie_M_Walk_14(7),District03_Stay_Zombie_M_Walk_15(7),District03_Stay_Zombie_M_Walk_16(7)",0,0,0,30,0
81,spawn_mission11_base3,-1089:-3425:-409,-991:-2335:-406,0,1,"District03_Stay_Zombie_M_Walk_01(6),District03_Stay_Zombie_M_Walk_02(6),District03_Stay_Zombie_M_Walk_03(6),District03_Stay_Zombie_M_Walk_04(6),District03_Stay_Zombie_M_Walk_05(6),District03_Stay_Zombie_M_Walk_06(6),District03_Stay_Zombie_M_Walk_07(6),District03_Stay_Zombie_M_Walk_08(6),District03_Stay_Zombie_M_Walk_09(6),District03_Stay_Zombie_M_Walk_10(6),District03_Stay_Zombie_M_Walk_11(6),District03_Stay_Zombie_M_Walk_12(6),District03_Stay_Zombie_M_Walk_13(7),District03_Stay_Zombie_M_Walk_14(7),District03_Stay_Zombie_M_Walk_15(7),District03_Stay_Zombie_M_Walk_16(7)",0,0,0,30,0
82,spawn_mission10_inside1,-1761:-2257:-621,-1503:-1967:-618,0,1,"Lv3_Normal_Zombie_M_RUN_01(16),Lv3_Normal_Zombie_M_RUN_02(16),Lv3_Normal_Zombie_M_RUN_03(17),Lv3_Normal_Zombie_M_RUN_04(17),Lv3_Normal_Zombie_M_RUN_05(17),Lv3_Normal_Zombie_F_RUN_01(7),Lv3_Zombie_Bomb_01(10)","0,1",1,0,8,1000
83,spawn_mission10_inside2,-2209:-1393:-621,-1951:-1103:-618,0,1,"Lv3_Normal_Zombie_M_RUN_01(16),Lv3_Normal_Zombie_M_RUN_02(16),Lv3_Normal_Zombie_M_RUN_03(17),Lv3_Normal_Zombie_M_RUN_04(17),Lv3_Normal_Zombie_M_RUN_05(17),Lv3_Normal_Zombie_F_RUN_01(7),Lv3_Zombie_Bomb_01(10)","0,1",1,0,8,1000
84,spawn_mission10_base1,-2273:-1921:-613,-1567:-1439:-610,0,1,"District02_Stay_Zombie_M_Walk_01(6),District02_Stay_Zombie_M_Walk_02(6),District02_Stay_Zombie_M_Walk_03(6),District02_Stay_Zombie_M_Walk_04(6),District02_Stay_Zombie_M_Walk_05(6),District02_Stay_Zombie_M_Walk_06(6),District02_Stay_Zombie_M_Walk_07(6),District02_Stay_Zombie_M_Walk_08(6),District02_Stay_Zombie_M_Walk_09(6),District02_Stay_Zombie_M_Walk_10(6),District02_Stay_Zombie_M_Walk_11(6),District02_Stay_Zombie_M_Walk_12(6),District02_Stay_Zombie_M_Walk_13(7),District02_Stay_Zombie_M_Walk_14(7),District02_Stay_Zombie_M_Walk_15(7),District02_Stay_Zombie_M_Walk_16(7)",0,0,0,30,0
85,spawn_mission10_base2,-1217:-1825:-413,-1103:-1311:-410,0,1,"District02_Stay_Zombie_M_Walk_01(6),District02_Stay_Zombie_M_Walk_02(6),District02_Stay_Zombie_M_Walk_03(6),District02_Stay_Zombie_M_Walk_04(6),District02_Stay_Zombie_M_Walk_05(6),District02_Stay_Zombie_M_Walk_06(6),District02_Stay_Zombie_M_Walk_07(6),District02_Stay_Zombie_M_Walk_08(6),District02_Stay_Zombie_M_Walk_09(6),District02_Stay_Zombie_M_Walk_10(6),District02_Stay_Zombie_M_Walk_11(6),District02_Stay_Zombie_M_Walk_12(6),District02_Stay_Zombie_M_Walk_13(7),District02_Stay_Zombie_M_Walk_14(7),District02_Stay_Zombie_M_Walk_15(7),District02_Stay_Zombie_M_Walk_16(7)",0,0,0,20,0
86,spawn_mission10_base3,-1345:-1825:-445,-1247:-1759:-442,0,1,"District02_Stay_Zombie_M_Walk_01(6),District02_Stay_Zombie_M_Walk_02(6),District02_Stay_Zombie_M_Walk_03(6),District02_Stay_Zombie_M_Walk_04(6),District02_Stay_Zombie_M_Walk_05(6),District02_Stay_Zombie_M_Walk_06(6),District02_Stay_Zombie_M_Walk_07(6),District02_Stay_Zombie_M_Walk_08(6),District02_Stay_Zombie_M_Walk_09(6),District02_Stay_Zombie_M_Walk_10(6),District02_Stay_Zombie_M_Walk_11(6),District02_Stay_Zombie_M_Walk_12(6),District02_Stay_Zombie_M_Walk_13(7),District02_Stay_Zombie_M_Walk_14(7),District02_Stay_Zombie_M_Walk_15(7),District02_Stay_Zombie_M_Walk_16(7)",0,0,0,10,0
87,DONOTUSETHIS,-769:223:-1997.8,-575:353:-1994.8,0,1,heavyarms,0,0,0,2,0
88,spawn_mission14_base,-3393:-641:-401,-2879:2945:-391,0,1,"District03_Stay_Zombie_M_Walk_01(6),District03_Stay_Zombie_M_Walk_02(6),District03_Stay_Zombie_M_Walk_03(6),District03_Stay_Zombie_M_Walk_04(6),District03_Stay_Zombie_M_Walk_05(6),District03_Stay_Zombie_M_Walk_06(6),District03_Stay_Zombie_M_Walk_07(6),District03_Stay_Zombie_M_Walk_08(6),District03_Stay_Zombie_M_Walk_09(6),District03_Stay_Zombie_M_Walk_10(6),District03_Stay_Zombie_M_Walk_11(6),District03_Stay_Zombie_M_Walk_12(6),District03_Stay_Zombie_M_Walk_13(7),District03_Stay_Zombie_M_Walk_14(7),District03_Stay_Zombie_M_Walk_15(7),District03_Stay_Zombie_M_Walk_16(7)",0,0,0,30,0
89,spawn_mission14_base2,-3457:-641:-401,-1151:-127:-391,0,1,"District03_Stay_Zombie_M_Walk_01(6),District03_Stay_Zombie_M_Walk_02(6),District03_Stay_Zombie_M_Walk_03(6),District03_Stay_Zombie_M_Walk_04(6),District03_Stay_Zombie_M_Walk_05(6),District03_Stay_Zombie_M_Walk_06(6),District03_Stay_Zombie_M_Walk_07(6),District03_Stay_Zombie_M_Walk_08(6),District03_Stay_Zombie_M_Walk_09(6),District03_Stay_Zombie_M_Walk_10(6),District03_Stay_Zombie_M_Walk_11(6),District03_Stay_Zombie_M_Walk_12(6),District03_Stay_Zombie_M_Walk_13(7),District03_Stay_Zombie_M_Walk_14(7),District03_Stay_Zombie_M_Walk_15(7),District03_Stay_Zombie_M_Walk_16(7)",0,0,0,30,0
90,spawn_mission15_attacker1,-449:2207:-316,-223:2593:-313,0,3,"Lv6_Normal_Zombie_M_RUN_01(16),Lv6_Normal_Zombie_M_RUN_02(16),Lv6_Normal_Zombie_M_RUN_03(17),Lv6_Normal_Zombie_M_RUN_04(17),Lv6_Normal_Zombie_M_RUN_05(17),Lv6_Normal_Zombie_F_RUN_01(17)",0,1,0,8,1000
91,spawn_mission15_attacker2,-2705:1951:-225,-2495:2593:-222,0,3,"Lv4_Normal_Zombie_M_RUN_01(14),Lv4_Normal_Zombie_M_RUN_02(14),Lv4_Normal_Zombie_M_RUN_03(14),Lv4_Normal_Zombie_M_RUN_04(14),Lv4_Normal_Zombie_M_RUN_05(14),Lv4_Normal_Zombie_F_RUN_01(15),Lv4_Zombie_Bomb_01(15)",0,1,0,8,1000
92,spawn_mission15_attacker3,-2705:1951:-225,-2495:2593:-222,0,3,"Lv4_Normal_Zombie_M_RUN_01(14),Lv4_Normal_Zombie_M_RUN_02(14),Lv4_Normal_Zombie_M_RUN_03(14),Lv4_Normal_Zombie_M_RUN_04(14),Lv4_Normal_Zombie_M_RUN_05(14),Lv4_Normal_Zombie_F_RUN_01(15),Lv4_Zombie_Bomb_01(15)",0,1,0,8,1000
93,spawn_mission15_attacker4,-5105:3327:-289,-4495:3601:-286,0,3,"Attack_Generator_Zombie_01(50),Attack_Generator_Zombie_M_RUN_01(10),Attack_Generator_Zombie_M_RUN_02(10),Attack_Generator_Zombie_M_RUN_03(10),Attack_Generator_Zombie_M_RUN_04(10),Attack_Generator_Zombie_M_RUN_05(10)",0,1,0,13,1000
94,spawn_mission15_attacker5,-5761:2367:-289,-5151:3025:-286,0,3,"Attack_Generator_Zombie_01(50),Attack_Generator_Zombie_M_RUN_01(10),Attack_Generator_Zombie_M_RUN_02(10),Attack_Generator_Zombie_M_RUN_03(10),Attack_Generator_Zombie_M_RUN_04(10),Attack_Generator_Zombie_M_RUN_05(10)",0,1,0,13,1000
95,spawn_mission15_attacker6,-5313:1855:-289,-5119:2305:-286,0,3,"Attack_Generator_Zombie_01(50),Attack_Generator_Zombie_M_RUN_01(10),Attack_Generator_Zombie_M_RUN_02(10),Attack_Generator_Zombie_M_RUN_03(10),Attack_Generator_Zombie_M_RUN_04(10),Attack_Generator_Zombie_M_RUN_05(10)",0,1,0,13,1000
96,spawn_mission16_vent1,-4145:5199:-217,-4111:5233:-214,0,1,"Lv5_Zombie_Bomb_01(80),Lv5_Normal_Zombie_M_Fast_01(10),Lv5_Normal_Zombie_M_Fast_02(10)","3, 8",1,0,5,1000
97,spawn_mission16_vent3,-4401:4495:-217,-4367:4529:-214,0,1,"Lv5_Zombie_Bomb_01(80),Lv5_Normal_Zombie_M_Fast_01(10),Lv5_Normal_Zombie_M_Fast_02(10)","3, 8",1,0,5,1000
98,spawn_mission16_vent2,-4081:4239:-217,-4047:4273:-214,0,1,"Lv5_Zombie_Bomb_01(80),Lv5_Normal_Zombie_M_Fast_01(10),Lv5_Normal_Zombie_M_Fast_02(10)","3, 8",1,0,5,1000
99,spawn_mission16_inside1,-4865:4367:-409.1,-4575:4625:-406.1,0,1,"Lv5_Normal_Zombie_M_Walk_01(10),Lv5_Normal_Zombie_M_Walk_02(10),Lv5_Normal_Zombie_M_Walk_03(10),Lv5_Normal_Zombie_M_Walk_04(10),Lv5_Normal_Zombie_M_Walk_05(10),Lv5_Normal_Zombie_M_Walk_06(10),Lv5_Normal_Zombie_M_Walk_07(10),Lv5_Normal_Zombie_M_Walk_08(10),Lv5_Normal_Zombie_M_Walk_09(10),Lv5_Normal_Zombie_F_Walk_01(10)","0,1",1,0,8,1000
100,spawn_mission16_inside2,-4321:5439:-409.1,-4063:5713:-406.1,0,1,"Lv5_Normal_Zombie_M_RUN_01(16),Lv5_Normal_Zombie_M_RUN_02(16),Lv5_Normal_Zombie_M_RUN_03(17),Lv5_Normal_Zombie_M_RUN_04(17),Lv5_Normal_Zombie_M_RUN_05(17),Lv5_Normal_Zombie_F_RUN_01(17)","0,1",1,0,8,1000
101,spawn_mission16_top1,-3729:4175:-213,-3551:4321:-210,0,1,"Lv5_Normal_Zombie_M_RUN_01(16),Lv5_Normal_Zombie_M_RUN_02(16),Lv5_Normal_Zombie_M_RUN_03(17),Lv5_Normal_Zombie_M_RUN_04(17),Lv5_Normal_Zombie_M_RUN_05(17),Lv5_Normal_Zombie_F_RUN_01(17)","0,1",1,0,8,1000
102,spawn_mission16_top2,-3729:4639:-213,-3551:4817:-210,0,1,"Lv5_Normal_Zombie_M_Fast_01(25),Lv5_Normal_Zombie_M_Fast_02(25),Lv5_Normal_Zombie_M_Strong_01(25),Lv5_Normal_Zombie_M_Strong_02(25)","0,1",1,0,8,1000
103,spawn_mission16_vent4,-3601:4879:-217,-3567:4913:-214,0,1,"Lv5_Zombie_Bomb_01(80),Lv5_Normal_Zombie_M_Fast_01(10),Lv5_Normal_Zombie_M_Fast_02(10)","3, 8",1,0,5,1000
104,spawn_mission16_inside3,-4257:3823:-409.1,-3999:4113:-406.1,0,1,"Lv5_Normal_Zombie_M_RUN_01(16),Lv5_Normal_Zombie_M_RUN_02(16),Lv5_Normal_Zombie_M_RUN_03(17),Lv5_Normal_Zombie_M_RUN_04(17),Lv5_Normal_Zombie_M_RUN_05(17),Lv5_Normal_Zombie_F_RUN_01(17)","0,1",1,0,8,1000
105,spawn_mission16_base,-4513:5023:-409.1,-3775:5361:-406.1,0,1,"District04_Stay_Zombie_M_Walk_01(6),District04_Stay_Zombie_M_Walk_02(6),District04_Stay_Zombie_M_Walk_03(6),District04_Stay_Zombie_M_Walk_04(6),District04_Stay_Zombie_M_Walk_05(6),District04_Stay_Zombie_M_Walk_06(6),District04_Stay_Zombie_M_Walk_07(6),District04_Stay_Zombie_M_Walk_08(6),District04_Stay_Zombie_M_Walk_09(6),District04_Stay_Zombie_M_Walk_10(6),District04_Stay_Zombie_M_Walk_11(6),District04_Stay_Zombie_M_Walk_12(6),District04_Stay_Zombie_M_Walk_13(7),District04_Stay_Zombie_M_Walk_14(7),District04_Stay_Zombie_M_Walk_15(7),District04_Stay_Zombie_M_Walk_16(7)",0,0,0,20,0
106,spawn_mission16_base2,-4513:4159:-409.1,-3551:4977:-406.1,0,1,"District04_Stay_Zombie_M_Walk_01(6),District04_Stay_Zombie_M_Walk_02(6),District04_Stay_Zombie_M_Walk_03(6),District04_Stay_Zombie_M_Walk_04(6),District04_Stay_Zombie_M_Walk_05(6),District04_Stay_Zombie_M_Walk_06(6),District04_Stay_Zombie_M_Walk_07(6),District04_Stay_Zombie_M_Walk_08(6),District04_Stay_Zombie_M_Walk_09(6),District04_Stay_Zombie_M_Walk_10(6),District04_Stay_Zombie_M_Walk_11(6),District04_Stay_Zombie_M_Walk_12(6),District04_Stay_Zombie_M_Walk_13(7),District04_Stay_Zombie_M_Walk_14(7),District04_Stay_Zombie_M_Walk_15(7),District04_Stay_Zombie_M_Walk_16(7)",0,0,0,20,0
107,spawn_mission16_base3,-3521:3919:-409.1,-3071:4065:-406.1,0,1,"District04_Stay_Zombie_M_Walk_01(6),District04_Stay_Zombie_M_Walk_02(6),District04_Stay_Zombie_M_Walk_03(6),District04_Stay_Zombie_M_Walk_04(6),District04_Stay_Zombie_M_Walk_05(6),District04_Stay_Zombie_M_Walk_06(6),District04_Stay_Zombie_M_Walk_07(6),District04_Stay_Zombie_M_Walk_08(6),District04_Stay_Zombie_M_Walk_09(6),District04_Stay_Zombie_M_Walk_10(6),District04_Stay_Zombie_M_Walk_11(6),District04_Stay_Zombie_M_Walk_12(6),District04_Stay_Zombie_M_Walk_13(7),District04_Stay_Zombie_M_Walk_14(7),District04_Stay_Zombie_M_Walk_15(7),District04_Stay_Zombie_M_Walk_16(7)",0,0,0,20,0
108,spawn_mission16_base4,-3777:3679:-409.1,-3551:4081:-406.1,0,1,"District04_Stay_Zombie_M_Walk_01(6),District04_Stay_Zombie_M_Walk_02(6),District04_Stay_Zombie_M_Walk_03(6),District04_Stay_Zombie_M_Walk_04(6),District04_Stay_Zombie_M_Walk_05(6),District04_Stay_Zombie_M_Walk_06(6),District04_Stay_Zombie_M_Walk_07(6),District04_Stay_Zombie_M_Walk_08(6),District04_Stay_Zombie_M_Walk_09(6),District04_Stay_Zombie_M_Walk_10(6),District04_Stay_Zombie_M_Walk_11(6),District04_Stay_Zombie_M_Walk_12(6),District04_Stay_Zombie_M_Walk_13(7),District04_Stay_Zombie_M_Walk_14(7),District04_Stay_Zombie_M_Walk_15(7),District04_Stay_Zombie_M_Walk_16(7)",0,0,0,20,0
109,spawn_mission17_base1,-2689:3871:-401,-2303:4161:-398,0,1,"District04_Stay_Zombie_M_Walk_01(6),District04_Stay_Zombie_M_Walk_02(6),District04_Stay_Zombie_M_Walk_03(6),District04_Stay_Zombie_M_Walk_04(6),District04_Stay_Zombie_M_Walk_05(6),District04_Stay_Zombie_M_Walk_06(6),District04_Stay_Zombie_M_Walk_07(6),District04_Stay_Zombie_M_Walk_08(6),District04_Stay_Zombie_M_Walk_09(6),District04_Stay_Zombie_M_Walk_10(6),District04_Stay_Zombie_M_Walk_11(6),District04_Stay_Zombie_M_Walk_12(6),District04_Stay_Zombie_M_Walk_13(7),District04_Stay_Zombie_M_Walk_14(7),District04_Stay_Zombie_M_Walk_15(7),District04_Stay_Zombie_M_Walk_16(7)",0,0,0,20,0
110,spawn_mission17_base2,-3233:4383:-401,-2303:5601:-398,0,1,"District04_Stay_Zombie_M_Walk_01(6),District04_Stay_Zombie_M_Walk_02(6),District04_Stay_Zombie_M_Walk_03(6),District04_Stay_Zombie_M_Walk_04(6),District04_Stay_Zombie_M_Walk_05(6),District04_Stay_Zombie_M_Walk_06(6),District04_Stay_Zombie_M_Walk_07(6),District04_Stay_Zombie_M_Walk_08(6),District04_Stay_Zombie_M_Walk_09(6),District04_Stay_Zombie_M_Walk_10(6),District04_Stay_Zombie_M_Walk_11(6),District04_Stay_Zombie_M_Walk_12(6),District04_Stay_Zombie_M_Walk_13(7),District04_Stay_Zombie_M_Walk_14(7),District04_Stay_Zombie_M_Walk_15(7),District04_Stay_Zombie_M_Walk_16(7)",0,0,0,20,0
111,spawn_mission17_rooftop1,-3969:4255:-105,-3583:5313:-102,0,1,"Lv5_Normal_Zombie_M_Walk_01(10),Lv5_Normal_Zombie_M_Walk_02(10),Lv5_Normal_Zombie_M_Walk_03(10),Lv5_Normal_Zombie_M_Walk_04(10),Lv5_Normal_Zombie_M_Walk_05(10),Lv5_Normal_Zombie_M_Walk_06(10),Lv5_Normal_Zombie_M_Walk_07(10),Lv5_Normal_Zombie_M_Walk_08(10),Lv5_Normal_Zombie_M_Walk_09(10),Lv5_Normal_Zombie_F_Walk_01(10)",0,1,0,16,1000
112,spawn_mission17_rooftop2,-2113:5119:-113,-1855:5761:-110,0,1,"Lv5_Normal_Zombie_M_RUN_01(16),Lv5_Normal_Zombie_M_RUN_02(16),Lv5_Normal_Zombie_M_RUN_03(17),Lv5_Normal_Zombie_M_RUN_04(17),Lv5_Normal_Zombie_M_RUN_05(17),Lv5_Normal_Zombie_F_RUN_01(17)",0,1,0,16,1000
113,spawn_mission17_fence2,-2881:5695:-385,-2303:5799.6:-382,0,1,"Lv5_Normal_Zombie_M_Fast_01(25),Lv5_Normal_Zombie_M_Fast_02(25),Lv5_Normal_Zombie_M_Strong_01(25),Lv5_Normal_Zombie_M_Strong_02(25)",0,1,0,10,1000
114,spawn_mission17_fence1,-3431.6:4415:-409,-3327:5601:-406,0,1,"Lv5_Normal_Zombie_M_Fast_01(25),Lv5_Normal_Zombie_M_Fast_02(25),Lv5_Normal_Zombie_M_Strong_01(25),Lv5_Normal_Zombie_M_Strong_02(25)",0,1,0,10,1000
115,DONOTUSETHIS,-2209:4543:79,-2063:5009:82,0,1,"Lv5_Normal_Zombie_M_RUN_01(16),Lv5_Normal_Zombie_M_RUN_02(16),Lv5_Normal_Zombie_M_RUN_03(17),Lv5_Normal_Zombie_M_RUN_04(17),Lv5_Normal_Zombie_M_RUN_05(17),Lv5_Normal_Zombie_F_RUN_01(17)",0,0,0,0,0
116,spawn_mission17_inside1,-2209:4543:-65,-2063:5009:-62,0,1,"Lv5_Normal_Zombie_M_Walk_01(10),Lv5_Normal_Zombie_M_Walk_02(10),Lv5_Normal_Zombie_M_Walk_03(10),Lv5_Normal_Zombie_M_Walk_04(10),Lv5_Normal_Zombie_M_Walk_05(10),Lv5_Normal_Zombie_M_Walk_06(10),Lv5_Normal_Zombie_M_Walk_07(10),Lv5_Normal_Zombie_M_Walk_08(10),Lv5_Normal_Zombie_M_Walk_09(10),Lv5_Normal_Zombie_F_Walk_01(10)",0,1,0,20,1000
117,spawn_mission18_base1,-2097:4255:-373,-1279:4897:-370,0,1,"District04_Stay_Zombie_M_Walk_01(6),District04_Stay_Zombie_M_Walk_02(6),District04_Stay_Zombie_M_Walk_03(6),District04_Stay_Zombie_M_Walk_04(6),District04_Stay_Zombie_M_Walk_05(6),District04_Stay_Zombie_M_Walk_06(6),District04_Stay_Zombie_M_Walk_07(6),District04_Stay_Zombie_M_Walk_08(6),District04_Stay_Zombie_M_Walk_09(6),District04_Stay_Zombie_M_Walk_10(6),District04_Stay_Zombie_M_Walk_11(6),District04_Stay_Zombie_M_Walk_12(6),District04_Stay_Zombie_M_Walk_13(7),District04_Stay_Zombie_M_Walk_14(7),District04_Stay_Zombie_M_Walk_15(7),District04_Stay_Zombie_M_Walk_16(7)",0,0,0,20,0
118,spawn_mission18_base2,-2097:4911:-373,-1471:5089:-370,0,1,"District04_Stay_Zombie_M_Walk_01(6),District04_Stay_Zombie_M_Walk_02(6),District04_Stay_Zombie_M_Walk_03(6),District04_Stay_Zombie_M_Walk_04(6),District04_Stay_Zombie_M_Walk_05(6),District04_Stay_Zombie_M_Walk_06(6),District04_Stay_Zombie_M_Walk_07(6),District04_Stay_Zombie_M_Walk_08(6),District04_Stay_Zombie_M_Walk_09(6),District04_Stay_Zombie_M_Walk_10(6),District04_Stay_Zombie_M_Walk_11(6),District04_Stay_Zombie_M_Walk_12(6),District04_Stay_Zombie_M_Walk_13(7),District04_Stay_Zombie_M_Walk_14(7),District04_Stay_Zombie_M_Walk_15(7),District04_Stay_Zombie_M_Walk_16(7)",0,0,0,20,0
119,spawn_mission18_elevator1,-2225:4767:-201,-2135:4873:-198,0,1,"Lv5_Normal_Zombie_M_Fast_01(25),Lv5_Normal_Zombie_M_Fast_02(25),Lv5_Normal_Zombie_M_Strong_01(25),Lv5_Normal_Zombie_M_Strong_02(25)","1,4",1,0,5,1000
120,spawn_mission18_elevator2,-2225:4503:-201,-2135:4609:-198,0,1,"Lv5_Normal_Zombie_M_RUN_01(16),Lv5_Normal_Zombie_M_RUN_02(16),Lv5_Normal_Zombie_M_RUN_03(17),Lv5_Normal_Zombie_M_RUN_04(17),Lv5_Normal_Zombie_M_RUN_05(17),Lv5_Normal_Zombie_F_RUN_01(17)","1,4",1,0,5,1000
121,spawn_mission18_vent1,-1361:4303:-113,-1327:4337:-110,0,1,"Lv5_Zombie_Bomb_01(80),Lv5_Normal_Zombie_M_Fast_01(10),Lv5_Normal_Zombie_M_Fast_02(10)","3, 8",1,0,5,1000
122,spawn_mission18_vent2,-1361:4495:-113,-1327:4529:-110,0,1,"Lv5_Zombie_Bomb_01(80),Lv5_Normal_Zombie_M_Fast_01(10),Lv5_Normal_Zombie_M_Fast_02(10)","3, 8",1,0,5,1000
123,spawn_mission18_vent3,-1361:4815:-113,-1327:4849:-110,0,1,"Lv5_Zombie_Bomb_01(80),Lv5_Normal_Zombie_M_Fast_01(10),Lv5_Normal_Zombie_M_Fast_02(10)","3, 8",1,0,5,1000
124,spawn_mission18_inside3,-1369:5359:-357,-1279:5465:-354,0,1,"Lv5_Normal_Zombie_M_Fast_01(25),Lv5_Normal_Zombie_M_Fast_02(25),Lv5_Normal_Zombie_M_Strong_01(25),Lv5_Normal_Zombie_M_Strong_02(25)",0,1,0,8,1000
125,spawn_mission18_inside1,-1777:5135:-381,-1471:5457:-378,0,1,"Lv5_Normal_Zombie_M_Fast_01(25),Lv5_Normal_Zombie_M_Fast_02(25),Lv5_Normal_Zombie_M_Strong_01(25),Lv5_Normal_Zombie_M_Strong_02(25)",0,1,0,8,1000
126,spawn_mission18_inside2,-2081:5135:-381,-1775:5457:-378,0,1,"Lv5_Normal_Zombie_M_Walk_01(10),Lv5_Normal_Zombie_M_Walk_02(10),Lv5_Normal_Zombie_M_Walk_03(10),Lv5_Normal_Zombie_M_Walk_04(10),Lv5_Normal_Zombie_M_Walk_05(10),Lv5_Normal_Zombie_M_Walk_06(10),Lv5_Normal_Zombie_M_Walk_07(10),Lv5_Normal_Zombie_M_Walk_08(10),Lv5_Normal_Zombie_M_Walk_09(10),Lv5_Normal_Zombie_F_Walk_01(10)",0,1,0,8,1000
127,spawn_mission19_base,-1185:3871:-409,289:4833:-406,0,1,"District04_Stay_Zombie_M_Walk_01(6),District04_Stay_Zombie_M_Walk_02(6),District04_Stay_Zombie_M_Walk_03(6),District04_Stay_Zombie_M_Walk_04(6),District04_Stay_Zombie_M_Walk_05(6),District04_Stay_Zombie_M_Walk_06(6),District04_Stay_Zombie_M_Walk_07(6),District04_Stay_Zombie_M_Walk_08(6),District04_Stay_Zombie_M_Walk_09(6),District04_Stay_Zombie_M_Walk_10(6),District04_Stay_Zombie_M_Walk_11(6),District04_Stay_Zombie_M_Walk_12(6),District04_Stay_Zombie_M_Walk_13(7),District04_Stay_Zombie_M_Walk_14(7),District04_Stay_Zombie_M_Walk_15(7),District04_Stay_Zombie_M_Walk_16(7)",0,0,0,20,0
128,spawn_mission19_inside1,-1185:4895:-409,-543:5057:-406,0,1,"Lv5_Normal_Zombie_M_RUN_01(16),Lv5_Normal_Zombie_M_RUN_02(16),Lv5_Normal_Zombie_M_RUN_03(17),Lv5_Normal_Zombie_M_RUN_04(17),Lv5_Normal_Zombie_M_RUN_05(17),Lv5_Normal_Zombie_F_RUN_01(17)",0,1,0,8,1000
129,spawn_mission19_inside2,-385:4895:-409,513:5057:-406,0,1,"Lv5_Normal_Zombie_M_RUN_01(16),Lv5_Normal_Zombie_M_RUN_02(16),Lv5_Normal_Zombie_M_RUN_03(17),Lv5_Normal_Zombie_M_RUN_04(17),Lv5_Normal_Zombie_M_RUN_05(17),Lv5_Normal_Zombie_F_RUN_01(17)",0,1,0,8,1000
130,spawn_mission19_inside3,351:4415:-409,513:5057:-406,0,1,"Lv5_Normal_Zombie_M_RUN_01(16),Lv5_Normal_Zombie_M_RUN_02(16),Lv5_Normal_Zombie_M_RUN_03(17),Lv5_Normal_Zombie_M_RUN_04(17),Lv5_Normal_Zombie_M_RUN_05(17),Lv5_Normal_Zombie_F_RUN_01(17)",0,1,0,8,1000
131,spawn_mission19_inside4,-1121:3903:-409,257:4065:-406,0,1,"Lv5_Normal_Zombie_M_RUN_01(16),Lv5_Normal_Zombie_M_RUN_02(16),Lv5_Normal_Zombie_M_RUN_03(17),Lv5_Normal_Zombie_M_RUN_04(17),Lv5_Normal_Zombie_M_RUN_05(17),Lv5_Normal_Zombie_F_RUN_01(17)",0,1,0,8,1000
132,spawn_mission20_base1,-2689:1535:-385,-255:2049:-382,0,1,"District04_Stay_Zombie_M_Walk_01(6),District04_Stay_Zombie_M_Walk_02(6),District04_Stay_Zombie_M_Walk_03(6),District04_Stay_Zombie_M_Walk_04(6),District04_Stay_Zombie_M_Walk_05(6),District04_Stay_Zombie_M_Walk_06(6),District04_Stay_Zombie_M_Walk_07(6),District04_Stay_Zombie_M_Walk_08(6),District04_Stay_Zombie_M_Walk_09(6),District04_Stay_Zombie_M_Walk_10(6),District04_Stay_Zombie_M_Walk_11(6),District04_Stay_Zombie_M_Walk_12(6),District04_Stay_Zombie_M_Walk_13(7),District04_Stay_Zombie_M_Walk_14(7),District04_Stay_Zombie_M_Walk_15(7),District04_Stay_Zombie_M_Walk_16(7)",0,0,0,30,0
133,spawn_mission20_base3,-2049:127:-385,-255:769:-382,0,1,"District04_Stay_Zombie_M_Walk_01(6),District04_Stay_Zombie_M_Walk_02(6),District04_Stay_Zombie_M_Walk_03(6),District04_Stay_Zombie_M_Walk_04(6),District04_Stay_Zombie_M_Walk_05(6),District04_Stay_Zombie_M_Walk_06(6),District04_Stay_Zombie_M_Walk_07(6),District04_Stay_Zombie_M_Walk_08(6),District04_Stay_Zombie_M_Walk_09(6),District04_Stay_Zombie_M_Walk_10(6),District04_Stay_Zombie_M_Walk_11(6),District04_Stay_Zombie_M_Walk_12(6),District04_Stay_Zombie_M_Walk_13(7),District04_Stay_Zombie_M_Walk_14(7),District04_Stay_Zombie_M_Walk_15(7),District04_Stay_Zombie_M_Walk_16(7)",0,0,0,30,0
134,spawn_mission20_base2,-2689:831:-385,65:1473:-382,0,1,"District04_Stay_Zombie_M_Walk_01(6),District04_Stay_Zombie_M_Walk_02(6),District04_Stay_Zombie_M_Walk_03(6),District04_Stay_Zombie_M_Walk_04(6),District04_Stay_Zombie_M_Walk_05(6),District04_Stay_Zombie_M_Walk_06(6),District04_Stay_Zombie_M_Walk_07(6),District04_Stay_Zombie_M_Walk_08(6),District04_Stay_Zombie_M_Walk_09(6),District04_Stay_Zombie_M_Walk_10(6),District04_Stay_Zombie_M_Walk_11(6),District04_Stay_Zombie_M_Walk_12(6),District04_Stay_Zombie_M_Walk_13(7),District04_Stay_Zombie_M_Walk_14(7),District04_Stay_Zombie_M_Walk_15(7),District04_Stay_Zombie_M_Walk_16(7)",0,0,0,30,0
135,spawn_mission20_bush,-2369:895:-385,-2271:1185:-382,0,1,"Lv6_Normal_Zombie_M_RUN_01(16),Lv6_Normal_Zombie_M_RUN_02(16),Lv6_Normal_Zombie_M_RUN_03(17),Lv6_Normal_Zombie_M_RUN_04(17),Lv6_Normal_Zombie_M_RUN_05(17),Lv6_Normal_Zombie_F_RUN_01(17)",0,1,0,4,1000
136,spawn_mission20_bush,-1857:415:-385,-1663:513:-382,0,1,"Lv6_Normal_Zombie_M_RUN_01(16),Lv6_Normal_Zombie_M_RUN_02(16),Lv6_Normal_Zombie_M_RUN_03(17),Lv6_Normal_Zombie_M_RUN_04(17),Lv6_Normal_Zombie_M_RUN_05(17),Lv6_Normal_Zombie_F_RUN_01(17)",0,1,0,4,1000
137,spawn_mission20_bush,-641:383:-385,-447:481:-382,0,1,"Lv6_Normal_Zombie_M_RUN_01(16),Lv6_Normal_Zombie_M_RUN_02(16),Lv6_Normal_Zombie_M_RUN_03(17),Lv6_Normal_Zombie_M_RUN_04(17),Lv6_Normal_Zombie_M_RUN_05(17),Lv6_Normal_Zombie_F_RUN_01(17)",0,1,0,4,1000
138,spawn_mission20_bush,-769:1471:-385,-543:1729:-382,0,1,"Lv6_Normal_Zombie_M_Fast_01(25),Lv6_Normal_Zombie_M_Fast_02(25),Lv6_Normal_Zombie_M_Strong_01(25),Lv6_Normal_Zombie_M_Strong_02(25)",0,1,0,4,1000
139,spawn_mission20_bush,-769:1471:-385,-543:1729:-382,0,1,"Lv6_Normal_Zombie_M_Fast_01(25),Lv6_Normal_Zombie_M_Fast_02(25),Lv6_Normal_Zombie_M_Strong_01(25),Lv6_Normal_Zombie_M_Strong_02(25)",0,1,0,4,1000
140,spawn_mission20_bush,-769:1471:-385,-543:1729:-382,0,1,Lv6_Zombie_Dog_01,0,1,0,4,1000
141,spawn_mission20_bush,-769:1471:-385,-543:1729:-382,0,1,Lv6_Monster_Giant_01,0,1,0,2,1000
142,spawn_mission20_inside,-1481:2559:-405,-1343:2705:-402,0,1,"Lv6_Stay_Zombie_M_Walk_01(11),Lv6_Stay_Zombie_M_Walk_02(11),Lv6_Stay_Zombie_M_Walk_03(11),Lv6_Stay_Zombie_M_Walk_04(11),Lv6_Stay_Zombie_M_Walk_05(11),Lv6_Stay_Zombie_M_Walk_06(11),Lv6_Stay_Zombie_M_Walk_07(11),Lv6_Stay_Zombie_M_Walk_08(11),Lv6_Stay_Zombie_M_Walk_09(12)",0,1,0,4,1000
143,spawn_mission22_vent1,1487:3695:-169,1521:3729:-166,0,1,"Lv6_Zombie_Bomb_01(80),Lv6_Normal_Zombie_M_Fast_01(10),Lv6_Normal_Zombie_M_Fast_02(10)","3, 8",1,0,5,1000
144,spawn_mission22_vent4,1487:3087:-169,1521:3121:-166,0,1,"Lv6_Zombie_Bomb_01(80),Lv6_Normal_Zombie_M_Fast_01(10),Lv6_Normal_Zombie_M_Fast_02(10)","3, 8",1,0,5,1000
145,spawn_mission22_vent3,2063:3087:-169,2097:3121:-166,0,1,"Lv6_Zombie_Bomb_01(80),Lv6_Normal_Zombie_M_Fast_01(10),Lv6_Normal_Zombie_M_Fast_02(10)","3, 8",1,0,5,1000
146,spawn_mission22_vent2,2063:3471:-169,2097:3505:-166,0,1,"Lv6_Zombie_Bomb_01(80),Lv6_Normal_Zombie_M_Fast_01(10),Lv6_Normal_Zombie_M_Fast_02(10)","3, 8",1,0,5,1000
147,spawn_mission22_inside1,2399:3215:-409,2545:3441:-406,0,1,"Lv6_Normal_Zombie_M_RUN_01(16),Lv6_Normal_Zombie_M_RUN_02(16),Lv6_Normal_Zombie_M_RUN_03(17),Lv6_Normal_Zombie_M_RUN_04(17),Lv6_Normal_Zombie_M_RUN_05(17),Lv6_Normal_Zombie_F_RUN_01(17)",0,1,0,8,1000
148,spawn_mission22_inside3,1999:3871:-409,2353:4081:-406,0,1,"Lv6_Normal_Zombie_M_RUN_01(16),Lv6_Normal_Zombie_M_RUN_02(16),Lv6_Normal_Zombie_M_RUN_03(17),Lv6_Normal_Zombie_M_RUN_04(17),Lv6_Normal_Zombie_M_RUN_05(17),Lv6_Normal_Zombie_F_RUN_01(17)",0,1,0,8,1000
149,spawn_mission22_inside2,1551:3871:-409,1905:4081:-406,0,1,"Lv6_Normal_Zombie_M_RUN_01(16),Lv6_Normal_Zombie_M_RUN_02(16),Lv6_Normal_Zombie_M_RUN_03(17),Lv6_Normal_Zombie_M_RUN_04(17),Lv6_Normal_Zombie_M_RUN_05(17),Lv6_Normal_Zombie_F_RUN_01(17)",0,1,0,8,1000
150,DONOTUSETHIS,-705:-193:-1997.8,-639:-127:-1994.8,0,1,max,0,0,0,1,0
151,spawn_mission23_base1,447:63:-425,897:2817:-415,0,1,"District04_Stay_Zombie_M_Walk_01(6),District04_Stay_Zombie_M_Walk_02(6),District04_Stay_Zombie_M_Walk_03(6),District04_Stay_Zombie_M_Walk_04(6),District04_Stay_Zombie_M_Walk_05(6),District04_Stay_Zombie_M_Walk_06(6),District04_Stay_Zombie_M_Walk_07(6),District04_Stay_Zombie_M_Walk_08(6),District04_Stay_Zombie_M_Walk_09(6),District04_Stay_Zombie_M_Walk_10(6),District04_Stay_Zombie_M_Walk_11(6),District04_Stay_Zombie_M_Walk_12(6),District04_Stay_Zombie_M_Walk_13(7),District04_Stay_Zombie_M_Walk_14(7),District04_Stay_Zombie_M_Walk_15(7),District04_Stay_Zombie_M_Walk_16(7)",0,0,0,20,0
152,spawn_mission23_base2,447:3263:-425,897:3649:-415,0,1,"District04_Stay_Zombie_M_Walk_01(6),District04_Stay_Zombie_M_Walk_02(6),District04_Stay_Zombie_M_Walk_03(6),District04_Stay_Zombie_M_Walk_04(6),District04_Stay_Zombie_M_Walk_05(6),District04_Stay_Zombie_M_Walk_06(6),District04_Stay_Zombie_M_Walk_07(6),District04_Stay_Zombie_M_Walk_08(6),District04_Stay_Zombie_M_Walk_09(6),District04_Stay_Zombie_M_Walk_10(6),District04_Stay_Zombie_M_Walk_11(6),District04_Stay_Zombie_M_Walk_12(6),District04_Stay_Zombie_M_Walk_13(7),District04_Stay_Zombie_M_Walk_14(7),District04_Stay_Zombie_M_Walk_15(7),District04_Stay_Zombie_M_Walk_16(7)",0,0,0,20,0
153,spawn_mission24_building1,3119:975:-480.9,3377:1233:-477.9,0,1,"Boss_Monster_Giant_01(50),Boss_Zombie_Bomb_01(50)","30,31",1,0,5,1000
154,spawn_mission24_building1,2751:79:-480.9,3009:337:-477.9,0,1,"Boss_Normal_Zombie_M_Walk_01(6),Boss_Normal_Zombie_M_Walk_02(6),Boss_Normal_Zombie_M_Walk_03(6),Boss_Normal_Zombie_M_Walk_04(6),Boss_Normal_Zombie_M_Walk_05(6),Boss_Normal_Zombie_M_Walk_06(6),Boss_Normal_Zombie_M_Walk_07(6),Boss_Normal_Zombie_M_Walk_08(6),Boss_Normal_Zombie_M_Walk_09(6),Boss_Normal_Zombie_M_RUN_01(6),Boss_Normal_Zombie_M_RUN_02(6),Boss_Normal_Zombie_M_RUN_03(6),Boss_Normal_Zombie_M_RUN_04(7),Boss_Normal_Zombie_M_RUN_05(7),Boss_Normal_Zombie_F_RUN_01(7),Boss_Normal_Zombie_F_Walk_01(7)",0,1,0,23,1000
155,spawn_mission24_side1,1759:-865:-255,4321:-767:-252,0,1,"Boss_Normal_Zombie_M_Walk_01(6),Boss_Normal_Zombie_M_Walk_02(6),Boss_Normal_Zombie_M_Walk_03(6),Boss_Normal_Zombie_M_Walk_04(6),Boss_Normal_Zombie_M_Walk_05(6),Boss_Normal_Zombie_M_Walk_06(6),Boss_Normal_Zombie_M_Walk_07(6),Boss_Normal_Zombie_M_Walk_08(6),Boss_Normal_Zombie_M_Walk_09(6),Boss_Normal_Zombie_M_RUN_01(6),Boss_Normal_Zombie_M_RUN_02(6),Boss_Normal_Zombie_M_RUN_03(6),Boss_Normal_Zombie_M_RUN_04(7),Boss_Normal_Zombie_M_RUN_05(7),Boss_Normal_Zombie_F_RUN_01(7),Boss_Normal_Zombie_F_Walk_01(7)",0,1,0,30,1000
156,spawn_mission24_side2,1759:2207:-255,4321:2337:-252,0,1,"Boss_Normal_Zombie_M_Walk_01(6),Boss_Normal_Zombie_M_Walk_02(6),Boss_Normal_Zombie_M_Walk_03(6),Boss_Normal_Zombie_M_Walk_04(6),Boss_Normal_Zombie_M_Walk_05(6),Boss_Normal_Zombie_M_Walk_06(6),Boss_Normal_Zombie_M_Walk_07(6),Boss_Normal_Zombie_M_Walk_08(6),Boss_Normal_Zombie_M_Walk_09(6),Boss_Normal_Zombie_M_RUN_01(6),Boss_Normal_Zombie_M_RUN_02(6),Boss_Normal_Zombie_M_RUN_03(6),Boss_Normal_Zombie_M_RUN_04(7),Boss_Normal_Zombie_M_RUN_05(7),Boss_Normal_Zombie_F_RUN_01(7),Boss_Normal_Zombie_F_Walk_01(7)",0,1,0,30,1000
157,spawn_mission21_base1,447:63:-425,897:2817:-415,0,1,"District04_Stay_Zombie_M_Walk_01(6),District04_Stay_Zombie_M_Walk_02(6),District04_Stay_Zombie_M_Walk_03(6),District04_Stay_Zombie_M_Walk_04(6),District04_Stay_Zombie_M_Walk_05(6),District04_Stay_Zombie_M_Walk_06(6),District04_Stay_Zombie_M_Walk_07(6),District04_Stay_Zombie_M_Walk_08(6),District04_Stay_Zombie_M_Walk_09(6),District04_Stay_Zombie_M_Walk_10(6),District04_Stay_Zombie_M_Walk_11(6),District04_Stay_Zombie_M_Walk_12(6),District04_Stay_Zombie_M_Walk_13(7),District04_Stay_Zombie_M_Walk_14(7),District04_Stay_Zombie_M_Walk_15(7),District04_Stay_Zombie_M_Walk_16(7)",0,0,0,20,0
158,spawn_mission13_rooftop,-1249:-2209:-161,-1023:-1951:-158,0,1,"Albert_Battle_Zombie_M_Walk_01(10),Albert_Battle_Zombie_M_Walk_02(10),Albert_Battle_Zombie_M_Walk_03(10),Albert_Battle_Zombie_M_Walk_04(10),Albert_Battle_Zombie_M_Walk_05(10),Albert_Battle_Zombie_M_Walk_06(10),Albert_Battle_Zombie_M_Walk_07(10),Albert_Battle_Zombie_M_Walk_08(10),Albert_Battle_Zombie_M_Walk_09(10),Albert_Battle_Zombie_F_Walk_01(10)",0,1,0,8,1000
159,spawn_mission13_rooftop2,-1201:-3777:-129,-975:-3519:-126,0,1,"Albert_Battle_Zombie_M_Walk_01(10),Albert_Battle_Zombie_M_Walk_02(10),Albert_Battle_Zombie_M_Walk_03(10),Albert_Battle_Zombie_M_Walk_04(10),Albert_Battle_Zombie_M_Walk_05(10),Albert_Battle_Zombie_M_Walk_06(10),Albert_Battle_Zombie_M_Walk_07(10),Albert_Battle_Zombie_M_Walk_08(10),Albert_Monster_Range_01(20)",0,1,0,8,1000
160,spawn_mission13_rooftop3,-145:-2769:-169,33:-2511:-166,0,1,"Albert_Battle_Zombie_M_Walk_01(10),Albert_Battle_Zombie_M_Walk_02(10),Albert_Battle_Zombie_M_Walk_03(10),Albert_Battle_Zombie_M_Walk_04(10),Albert_Battle_Zombie_M_Walk_05(10),Albert_Battle_Zombie_M_Walk_06(10),Albert_Battle_Zombie_M_Walk_07(10),Albert_Battle_Zombie_M_Walk_08(10),Albert_Battle_Zombie_M_Walk_09(10),Albert_Battle_Zombie_F_Walk_01(10)",0,1,0,8,1000
161,spawn_mission13_rooftop4,-33:-3265:-197,193:-2975:-194,0,1,"Albert_Battle_Zombie_M_Walk_01(10),Albert_Battle_Zombie_M_Walk_02(10),Albert_Battle_Zombie_M_Walk_03(10),Albert_Battle_Zombie_M_Walk_04(10),Albert_Battle_Zombie_M_Walk_05(10),Albert_Battle_Zombie_M_Walk_06(10),Albert_Battle_Zombie_M_Walk_07(10),Albert_Battle_Zombie_M_Walk_08(10),Albert_Battle_Zombie_M_Walk_09(10),Albert_Battle_Zombie_F_Walk_01(10)",0,1,0,8,1000
162,spawn_mission19_vent1,-913:4751:-113,-879:4785:-110,0,1,"Lv5_Zombie_Bomb_01(80),Lv5_Normal_Zombie_M_Fast_01(10),Lv5_Normal_Zombie_M_Fast_02(10)","0,1",1,0,8,1000
163,spawn_mission19_vent2,-625:4239:-113,-591:4273:-110,0,1,"Lv5_Zombie_Bomb_01(80),Lv5_Normal_Zombie_M_Fast_01(10),Lv5_Normal_Zombie_M_Fast_02(10)","0,1",1,0,8,1000
164,spawn_mission19_vent3,-305:4559:-113,-271:4593:-110,0,1,"Lv5_Normal_Zombie_M_RUN_01(16),Lv5_Normal_Zombie_M_RUN_02(16),Lv5_Normal_Zombie_M_RUN_03(17),Lv5_Normal_Zombie_M_RUN_04(17),Lv5_Normal_Zombie_M_RUN_05(17),Lv5_Normal_Zombie_F_RUN_01(17)","0,1",1,0,8,1000
165,spawn_mission19_vent4,79:4367:-113,113:4401:-110,0,1,"Lv5_Normal_Zombie_M_RUN_01(16),Lv5_Normal_Zombie_M_RUN_02(16),Lv5_Normal_Zombie_M_RUN_03(17),Lv5_Normal_Zombie_M_RUN_04(17),Lv5_Normal_Zombie_M_RUN_05(17),Lv5_Normal_Zombie_F_RUN_01(17)","0,1",1,0,8,1000
166,spawn_general1,-2721:2863:-409,-2463:3041:-399,0,1,Lv1_Stay_Zombie_M_Walk_01,0,0,0,0,0
167,spawn_general2,335:3871:-17,545:4145:-14,0,1,Lv1_Stay_Zombie_M_Walk_01,0,0,0,0,0
168,spawn_general3,-177:-2657:-401,33:-2511:-391,0,1,Lv1_Stay_Zombie_M_Walk_01,0,0,0,0,0
169,spawn_general4,-17:439:-408,241:617:-398,0,1,Lv1_Stay_Zombie_M_Walk_01,0,0,0,0,0
170,spawn_general5,-1249:-2241:-160,-1087:-1967:-157,0,1,Lv1_Stay_Zombie_M_Walk_01,0,0,0,0,0
171,spawn_general6,-3745:1055:-159,-3583:1329:-156,0,1,Lv1_Stay_Zombie_M_Walk_01,0,0,0,0,0
172,spawn_general7,-3809:63:-152,-3679:481:-149,0,1,Lv1_Stay_Zombie_M_Walk_01,0,0,0,0,0
173,spawn_general8,1151:2079:-161,1377:2737:-158,0,1,Lv1_Stay_Zombie_M_Walk_01,0,0,0,0,0
174,spawn_mission21_base_infinite1,-3329:-641:-425,897:-127:-415,0,1,Lv1_Stay_Zombie_M_Walk_01,0,0,0,0,0
175,spawn_mission21_base_infinite2,511:-641:-425,897:3713:-415,0,1,Lv1_Stay_Zombie_M_Walk_01,0,0,0,0,0
176,spawn_mission21_base_infinite3,-3329:-641:-425,-2943:3713:-415,0,1,Lv1_Stay_Zombie_M_Walk_01,0,0,0,0,0
177,spawn_mission21_base_infinite4,-3329:3327:-425,897:3713:-415,0,1,Lv1_Stay_Zombie_M_Walk_01,0,0,0,0,0
178,spawnboss_max,768:256:-1760,768:256:-1760,0,1,max,0,0,1,1,1000
179,spawnboss_heavyarms2,703:-833:-1793,833:-703:-1727,0,4,monster_chief,0,0,1,1,0
180,spawnboss_heavyarms1,703:-321:-1793,833:-191:-1727,0,4,heavyarms2,0,0,1,2,1000
181,spawn_mission24_building3,3289:1085:-454,3289:1085:-454,0,1,"Boss_Normal_Zombie_M_RUN_01(16),Boss_Normal_Zombie_M_RUN_02(16),Boss_Normal_Zombie_M_RUN_03(17),Boss_Normal_Zombie_M_RUN_04(17),Boss_Normal_Zombie_M_RUN_05(17),Boss_Normal_Zombie_F_RUN_01(17)",0,1,0,23,1000
182,spawn_mission24_building4,2915:-1:-580,3173:257:-575,0,1,"Boss_Normal_Zombie_M_Walk_01(6),Boss_Normal_Zombie_M_Walk_02(6),Boss_Normal_Zombie_M_Walk_03(6),Boss_Normal_Zombie_M_Walk_04(6),Boss_Normal_Zombie_M_Walk_05(6),Boss_Normal_Zombie_M_Walk_06(6),Boss_Normal_Zombie_M_Walk_07(6),Boss_Normal_Zombie_M_Walk_08(6),Boss_Normal_Zombie_M_Walk_09(6),Boss_Normal_Zombie_M_RUN_01(6),Boss_Normal_Zombie_M_RUN_02(6),Boss_Normal_Zombie_M_RUN_03(6),Boss_Normal_Zombie_M_RUN_04(7),Boss_Normal_Zombie_M_RUN_05(7),Boss_Normal_Zombie_F_RUN_01(7),Boss_Normal_Zombie_F_Walk_01(7)",0,1,0,25,1000
183,spawn_mission7_inside1,-2145:-1857:-393,-2015:-1439:-390,0,5,"District02_Zombie_M_RUN_01(9),District02_Zombie_M_RUN_02(9),District02_Zombie_M_RUN_03(9),District02_Zombie_M_RUN_04(9),District02_Zombie_M_RUN_05(9),District02_Zombie_M_Fast_01(9),District02_Zombie_M_Fast_02(9),District02_Zombie_M_Strong_01(9),District02_Zombie_M_Strong_02(9),District02_Zombie_M_Fast_01(9),District02_Zombie_M_Fast_02(10)","0,1",1,0,14,1000
184,spawn_mission7_inside2,-1969:-1857:-393,-1855:-1439:-390,0,5,"District02_Stay_Zombie_M_Walk_01(10),District02_Stay_Zombie_M_Walk_02(10),District02_Stay_Zombie_M_Walk_03(10),District02_Stay_Zombie_M_Walk_04(10),District02_Stay_Zombie_M_Walk_05(10),District02_Stay_Zombie_M_Walk_06(10),District02_Stay_Zombie_M_Walk_07(10),District02_Stay_Zombie_M_Walk_08(10),District02_Stay_Zombie_M_Walk_09(10),District02_Stay_Zombie_F_Walk_01(10)","0,1",1,0,14,1000
185,spawn_mission7_vent1,-1777:-1265:-226,-1743:-1231:-223,0,1,"District02_Zombie_Bomb_01(80),District02_Zombie_M_Fast_01(10),District02_Zombie_M_Fast_02(10)","3, 8",1,0,5,1000
186,spawn_mission7_vent4,-2225:-1265:-226,-2191:-1231:-223,0,1,"District02_Zombie_Bomb_01(80),District02_Zombie_M_Fast_01(10),District02_Zombie_M_Fast_02(10)","3, 8",1,0,5,1000
187,spawn_mission7_vent3,-2225:-881:-226,-2191:-847:-223,0,1,"District02_Zombie_Bomb_01(80),District02_Zombie_M_Fast_01(10),District02_Zombie_M_Fast_02(10)","3, 8",1,0,5,1000
188,spawn_mission7_vent2,-1777:-881:-226,-1743:-847:-223,0,1,"District02_Zombie_Bomb_01(80),District02_Zombie_M_Fast_01(10),District02_Zombie_M_Fast_02(10)","3, 8",1,0,5,1000
189,spawn_mission10_top2,-1969:-1857:-393,-1855:-1439:-390,0,1,"Lv3_Normal_Zombie_M_RUN_01(16),Lv3_Normal_Zombie_M_RUN_02(16),Lv3_Normal_Zombie_M_RUN_03(17),Lv3_Normal_Zombie_M_RUN_04(17),Lv3_Normal_Zombie_M_RUN_05(17),Lv3_Normal_Zombie_F_RUN_01(17)","0,1",1,0,12,1000
190,spawn_mission10_top,-2145:-1857:-393,-2015:-1439:-390,0,1,"Lv3_Normal_Zombie_M_Fast_01(25),Lv3_Normal_Zombie_M_Fast_02(25),Lv3_Normal_Zombie_M_Strong_01(25),Lv3_Normal_Zombie_M_Strong_02(25)","0,1",1,0,12,1000
191,spawn_mission10_vent,-1137:-1361:3,-1103:-1327:6,0,1,"Lv3_Zombie_Bomb_01(80),Lv3_Normal_Zombie_M_Fast_01(10),Lv3_Normal_Zombie_M_Fast_02(10)","3, 8",1,0,5,1000
192,spawn_mission10_inside1,-1761:-2257:-621,-1503:-1967:-618,0,1,"Lv3_Normal_Zombie_M_RUN_01(16),Lv3_Normal_Zombie_M_RUN_02(16),Lv3_Normal_Zombie_M_RUN_03(17),Lv3_Normal_Zombie_M_RUN_04(17),Lv3_Normal_Zombie_M_RUN_05(17),Lv3_Normal_Zombie_F_RUN_01(7),Lv3_Zombie_Bomb_01(10)","0,1",1,0,8,1000
193,spawn_mission10_inside2,-2209:-1393:-621,-1951:-1103:-618,0,1,"Lv3_Normal_Zombie_M_RUN_01(16),Lv3_Normal_Zombie_M_RUN_02(16),Lv3_Normal_Zombie_M_RUN_03(17),Lv3_Normal_Zombie_M_RUN_04(17),Lv3_Normal_Zombie_M_RUN_05(17),Lv3_Normal_Zombie_F_RUN_01(7),Lv3_Zombie_Bomb_01(10)","0,1",1,0,8,1000
194,max_backup,3923:792:592,3923:792:592,0,1,max,0,0,0,1,1000
