SpawnInfoID,Name,Min,Max,YAngle,EntryPointGroup,MonsterName,Interval,ForceRespawn,AutoSpawn,EnableFalldown,MaxSpawnNumber,MaxSpawnCount
int,string,string,string,int,string,string,string,int,int,int,int,int
1,spawn_tesla,114:3064:490,114:3064:490,180,1,tesla,0,0,0,0,1,1
//,// MISSION 2 GENERAL,,,,,,,,,,,
10,spawn_mission2_watt,71.9:-1706.1:321,97.9:-1680.1:324,0,1,WattWlk_Lv1_Pwr0_Itm0_VarNone,"2,4",1,0,0,1,1000
11,spawn_mission2_watt,163.7:-3015.8:-52,189.7:-2989.8:-49,0,1,WattWlk_Lv1_Pwr0_Itm0_VarNone,"2,4",1,0,0,1,1000
12,spawn_mission2_watt_adv,163.7:-3015.8:-52,189.7:-2989.8:-49,0,1,WattRun_Lv5_Pwr0_Itm0_VarNone,"2,4",1,0,0,2,1000
13,spawn_mission2_watt_adv,71.9:-1706.1:321,97.9:-1680.1:324,0,1,WattRun_Lv5_Pwr0_Itm0_VarNone,"2,4",1,0,0,2,1000
//,// MISSION 2 WAVE 1,,,,,,,,,,,
20,spawn_mission2_center,127:-2385:350,225:-2175:353,0,1,"Wlk_Lv1_Pwr0_Itm0_VarTie(3),Wlk_Lv1_Pwr0_Itm0_VarOld(4),Wlk_Lv1_Pwr0_Itm0_VarBald(4),Wlk_Lv1_Pwr0_Itm0_VarHoodBlu(4),Wlk_Lv1_Pwr0_Itm1_VarSci(3),Wlk_Lv1_Pwr0_Itm0_VarSci2(3),Wlk_Lv1_Pwr0_Itm2_VarSoldier(3),Wlk_Lv1_Pwr0_Itm2_VarSoldier2(3),Wlk_Lv1_Pwr0_Itm2_VarPolice(3),Wlk_Lv1_Pwr0_Itm0_VarWorker(40),Wlk_Lv1_Pwr0_Itm0_VarHoodGrn(4),Wlk_Lv1_Pwr0_Itm0_VarShirt1(4),Wlk_Lv1_Pwr0_Itm0_VarShirt2(4),Wlk_Lv1_Pwr0_Itm0_VarShirt3(4),Wlk_Lv1_Pwr0_Itm0_VarShirt4(4),Wlk_Lv1_Pwr0_Itm0_VarHoodBlu2(4),Run_Lv1_Pwr0_Itm3_VarMuscle(3),Run_Lv1_Pwr0_Itm3_VarWarboy(3)",1,1,0,0,20,1000
21,spawn_mission2_center,143:-2401:318,225:-2175:321,0,1,"Wlk_Lv2_Pwr0_Itm0_VarTie(2),Wlk_Lv2_Pwr0_Itm0_VarOld(2),Wlk_Lv2_Pwr0_Itm0_VarBald(2),Wlk_Lv2_Pwr0_Itm0_VarHoodBlu(2),Wlk_Lv2_Pwr0_Itm1_VarSci(4),Wlk_Lv2_Pwr0_Itm0_VarSci2(2),Wlk_Lv2_Pwr0_Itm2_VarSoldier(5),Wlk_Lv2_Pwr0_Itm2_VarSoldier2(5),Wlk_Lv2_Pwr0_Itm2_VarPolice(5),Wlk_Lv2_Pwr0_Itm0_VarWorker(40),Wlk_Lv2_Pwr0_Itm0_VarHoodGrn(2),Wlk_Lv2_Pwr0_Itm0_VarShirt1(2),Wlk_Lv2_Pwr0_Itm0_VarShirt2(2),Wlk_Lv2_Pwr0_Itm0_VarShirt3(2),Wlk_Lv2_Pwr0_Itm0_VarShirt4(2),Wlk_Lv2_Pwr0_Itm0_VarHoodBlu2(2),Run_Lv2_Pwr0_Itm3_VarMuscle(2),Run_Lv2_Pwr0_Itm3_VarWarboy(2),Wlk_Lv2_Pwr0_Itm0_VarCitizen1F(2),Wlk_Lv2_Pwr0_Itm0_VarCitizen2F(2),Wlk_Lv2_Pwr0_Itm2_VarPoliceF(5),Wlk_Lv2_Pwr0_Itm0_VarCitizen3F(2),Wlk_Lv2_Pwr0_Itm0_VarCitizen4F(2),Wlk_Lv2_Pwr0_Itm0_VarCitizen5F(2)",1,1,0,0,9,1000
22,spawn_mission2_container,-801:-2753:-34,-751:-2703:-31,0,1,"Bmb_Lv1_Pwr0_Itm0_VarNone(30),Wlk_Lv2_Pwr0_Itm0_VarOld(4),Wlk_Lv2_Pwr0_Itm0_VarBald(3),Wlk_Lv2_Pwr0_Itm0_VarHoodBlu(3),Wlk_Lv2_Pwr0_Itm1_VarSci(3),Wlk_Lv2_Pwr0_Itm0_VarSci2(3),Wlk_Lv2_Pwr0_Itm2_VarSoldier(3),Wlk_Lv2_Pwr0_Itm2_VarSoldier2(3),Wlk_Lv2_Pwr0_Itm2_VarPolice(3),Wlk_Lv2_Pwr0_Itm0_VarWorker(3),Wlk_Lv2_Pwr0_Itm0_VarHoodGrn(3),Wlk_Lv2_Pwr0_Itm0_VarShirt1(3),Wlk_Lv2_Pwr0_Itm0_VarShirt2(3),Wlk_Lv2_Pwr0_Itm0_VarShirt3(3),Wlk_Lv2_Pwr0_Itm0_VarShirt4(3),Wlk_Lv2_Pwr0_Itm0_VarHoodBlu2(3),Wlk_Lv2_Pwr0_Itm3_VarMuscle(3),Wlk_Lv2_Pwr0_Itm3_VarWarboy(3),Wlk_Lv2_Pwr0_Itm0_VarCitizen1F(3),Wlk_Lv2_Pwr0_Itm0_VarCitizen2F(3),Wlk_Lv2_Pwr0_Itm2_VarPoliceF(3),Wlk_Lv2_Pwr0_Itm0_VarCitizen3F(3),Wlk_Lv2_Pwr0_Itm0_VarCitizen4F(3),Wlk_Lv2_Pwr0_Itm0_VarCitizen5F(3)",1,1,0,0,4,1000
23,spawn_mission2_insdie_suicide,114.1:-1890.4:53,164.1:-1840.4:56,0,1,Bmb_Lv1_Pwr0_Itm0_VarNone,5,1,0,0,4,1000
24,spawn_mission2_inside,111:-2043:52,289:-1689:55,0,1,"Wlk_Lv2_Pwr0_Itm0_VarTie(2),Wlk_Lv2_Pwr0_Itm0_VarOld(2),Wlk_Lv2_Pwr0_Itm0_VarBald(2),Wlk_Lv2_Pwr0_Itm0_VarHoodBlu(2),Wlk_Lv2_Pwr0_Itm1_VarSci(4),Wlk_Lv2_Pwr0_Itm0_VarSci2(2),Wlk_Lv2_Pwr0_Itm2_VarSoldier(5),Wlk_Lv2_Pwr0_Itm2_VarSoldier2(5),Wlk_Lv2_Pwr0_Itm2_VarPolice(5),Wlk_Lv2_Pwr0_Itm0_VarWorker(40),Wlk_Lv2_Pwr0_Itm0_VarHoodGrn(2),Wlk_Lv2_Pwr0_Itm0_VarShirt1(2),Wlk_Lv2_Pwr0_Itm0_VarShirt2(2),Wlk_Lv2_Pwr0_Itm0_VarShirt3(2),Wlk_Lv2_Pwr0_Itm0_VarShirt4(2),Wlk_Lv2_Pwr0_Itm0_VarHoodBlu2(2),Run_Lv2_Pwr0_Itm3_VarMuscle(2),Run_Lv2_Pwr0_Itm3_VarWarboy(2),Wlk_Lv2_Pwr0_Itm0_VarCitizen1F(2),Wlk_Lv2_Pwr0_Itm0_VarCitizen2F(2),Wlk_Lv2_Pwr0_Itm2_VarPoliceF(5),Wlk_Lv2_Pwr0_Itm0_VarCitizen3F(2),Wlk_Lv2_Pwr0_Itm0_VarCitizen4F(2),Wlk_Lv2_Pwr0_Itm0_VarCitizen5F(2)",1,1,0,0,10,1000
25,spawn_mission2_left,-225:-2097:318.3,49:-1551:321.3,0,1,"Wlk_Lv2_Pwr0_Itm0_VarTie(2),Wlk_Lv2_Pwr0_Itm0_VarOld(2),Wlk_Lv2_Pwr0_Itm0_VarBald(2),Wlk_Lv2_Pwr0_Itm0_VarHoodBlu(2),Wlk_Lv2_Pwr0_Itm1_VarSci(4),Wlk_Lv2_Pwr0_Itm0_VarSci2(2),Wlk_Lv2_Pwr0_Itm2_VarSoldier(5),Wlk_Lv2_Pwr0_Itm2_VarSoldier2(5),Wlk_Lv2_Pwr0_Itm2_VarPolice(5),Wlk_Lv2_Pwr0_Itm0_VarWorker(40),Wlk_Lv2_Pwr0_Itm0_VarHoodGrn(2),Wlk_Lv2_Pwr0_Itm0_VarShirt1(2),Wlk_Lv2_Pwr0_Itm0_VarShirt2(2),Wlk_Lv2_Pwr0_Itm0_VarShirt3(2),Wlk_Lv2_Pwr0_Itm0_VarShirt4(2),Wlk_Lv2_Pwr0_Itm0_VarHoodBlu2(2),Run_Lv2_Pwr0_Itm3_VarMuscle(2),Run_Lv2_Pwr0_Itm3_VarWarboy(2),Wlk_Lv2_Pwr0_Itm0_VarCitizen1F(2),Wlk_Lv2_Pwr0_Itm0_VarCitizen2F(2),Wlk_Lv2_Pwr0_Itm2_VarPoliceF(5),Wlk_Lv2_Pwr0_Itm0_VarCitizen3F(2),Wlk_Lv2_Pwr0_Itm0_VarCitizen4F(2),Wlk_Lv2_Pwr0_Itm0_VarCitizen5F(2)","0,2",1,0,0,1,1000
26,spawn_mission2_left2,-225:-2097:318.3,40.5:-1563.8:321.3,0,1,"Wlk_Lv2_Pwr0_Itm0_VarTie(2),Wlk_Lv2_Pwr0_Itm0_VarOld(2),Wlk_Lv2_Pwr0_Itm0_VarBald(2),Wlk_Lv2_Pwr0_Itm0_VarHoodBlu(2),Wlk_Lv2_Pwr0_Itm1_VarSci(4),Wlk_Lv2_Pwr0_Itm0_VarSci2(2),Wlk_Lv2_Pwr0_Itm2_VarSoldier(5),Wlk_Lv2_Pwr0_Itm2_VarSoldier2(5),Wlk_Lv2_Pwr0_Itm2_VarPolice(5),Wlk_Lv2_Pwr0_Itm0_VarWorker(40),Wlk_Lv2_Pwr0_Itm0_VarHoodGrn(2),Wlk_Lv2_Pwr0_Itm0_VarShirt1(2),Wlk_Lv2_Pwr0_Itm0_VarShirt2(2),Wlk_Lv2_Pwr0_Itm0_VarShirt3(2),Wlk_Lv2_Pwr0_Itm0_VarShirt4(2),Wlk_Lv2_Pwr0_Itm0_VarHoodBlu2(2),Run_Lv2_Pwr0_Itm3_VarMuscle(2),Run_Lv2_Pwr0_Itm3_VarWarboy(2),Wlk_Lv2_Pwr0_Itm0_VarCitizen1F(2),Wlk_Lv2_Pwr0_Itm0_VarCitizen2F(2),Wlk_Lv2_Pwr0_Itm2_VarPoliceF(5),Wlk_Lv2_Pwr0_Itm0_VarCitizen3F(2),Wlk_Lv2_Pwr0_Itm0_VarCitizen4F(2),Wlk_Lv2_Pwr0_Itm0_VarCitizen5F(2)","0,2",1,0,0,9,1000
27,spawn_mission2_right,271:-3153:12,321:-2879:15,0,1,"Wlk_Lv2_Pwr0_Itm0_VarTie(2),Wlk_Lv2_Pwr0_Itm0_VarOld(2),Wlk_Lv2_Pwr0_Itm0_VarBald(2),Wlk_Lv2_Pwr0_Itm0_VarHoodBlu(2),Wlk_Lv2_Pwr0_Itm1_VarSci(4),Wlk_Lv2_Pwr0_Itm0_VarSci2(2),Wlk_Lv2_Pwr0_Itm2_VarSoldier(5),Wlk_Lv2_Pwr0_Itm2_VarSoldier2(5),Wlk_Lv2_Pwr0_Itm2_VarPolice(5),Wlk_Lv2_Pwr0_Itm0_VarWorker(40),Wlk_Lv2_Pwr0_Itm0_VarHoodGrn(2),Wlk_Lv2_Pwr0_Itm0_VarShirt1(2),Wlk_Lv2_Pwr0_Itm0_VarShirt2(2),Wlk_Lv2_Pwr0_Itm0_VarShirt3(2),Wlk_Lv2_Pwr0_Itm0_VarShirt4(2),Wlk_Lv2_Pwr0_Itm0_VarHoodBlu2(2),Run_Lv2_Pwr0_Itm3_VarMuscle(2),Run_Lv2_Pwr0_Itm3_VarWarboy(2),Wlk_Lv2_Pwr0_Itm0_VarCitizen1F(2),Wlk_Lv2_Pwr0_Itm0_VarCitizen2F(2),Wlk_Lv2_Pwr0_Itm2_VarPoliceF(5),Wlk_Lv2_Pwr0_Itm0_VarCitizen3F(2),Wlk_Lv2_Pwr0_Itm0_VarCitizen4F(2),Wlk_Lv2_Pwr0_Itm0_VarCitizen5F(2)","0,1",1,0,0,8,1000
//,// MISSION 2 WAVE 2,,,,,,,,,,,
30,spawn_mission2_center_adv,127:-2385:350,225:-2175:353,0,1,"Wlk_Lv3_Pwr0_Itm0_VarTie(3),Wlk_Lv3_Pwr0_Itm0_VarOld(3),Wlk_Lv3_Pwr0_Itm0_VarBald(3),Wlk_Lv3_Pwr0_Itm0_VarHoodBlu(3),Wlk_Lv3_Pwr0_Itm1_VarSci(3),Wlk_Lv3_Pwr0_Itm0_VarSci2(3),Wlk_Lv3_Pwr0_Itm2_VarSoldier(17),Wlk_Lv3_Pwr0_Itm2_VarSoldier2(17),Wlk_Lv3_Pwr0_Itm2_VarPolice(3),Wlk_Lv3_Pwr0_Itm0_VarWorker(3),Wlk_Lv3_Pwr0_Itm0_VarHoodGrn(3),Wlk_Lv3_Pwr0_Itm0_VarShirt1(3),Wlk_Lv3_Pwr0_Itm0_VarShirt2(3),Wlk_Lv3_Pwr0_Itm0_VarShirt3(3),Wlk_Lv3_Pwr0_Itm0_VarShirt4(3),Wlk_Lv3_Pwr0_Itm0_VarHoodBlu2(3),Wlk_Lv3_Pwr0_Itm0_VarMuscle(3),Wlk_Lv3_Pwr0_Itm0_VarWarboy(3),Wlk_Lv3_Pwr0_Itm0_VarCitizen1F(3),Wlk_Lv3_Pwr0_Itm0_VarCitizen2F(3),Wlk_Lv3_Pwr0_Itm2_VarPoliceF(3),Wlk_Lv3_Pwr0_Itm0_VarCitizen3F(3),Wlk_Lv3_Pwr0_Itm0_VarCitizen4F(3),Wlk_Lv3_Pwr0_Itm0_VarCitizen5F(3)","0,3",1,0,0,6,1000
31,spawn_mission2_center_adv,143:-2401:318,225:-2175:321,0,1,"Run_Lv3_Pwr0_Itm0_VarTie(3),Run_Lv3_Pwr0_Itm0_VarOld(3),Run_Lv3_Pwr0_Itm0_VarBald(3),Run_Lv3_Pwr0_Itm0_VarHoodBlu(3),Run_Lv3_Pwr0_Itm1_VarSci(3),Run_Lv3_Pwr0_Itm0_VarSci2(3),Run_Lv3_Pwr0_Itm2_VarSoldier(17),Run_Lv3_Pwr0_Itm2_VarSoldier2(17),Run_Lv3_Pwr0_Itm2_VarPolice(3),Run_Lv3_Pwr0_Itm0_VarWorker(3),Run_Lv3_Pwr0_Itm0_VarHoodGrn(3),Run_Lv3_Pwr0_Itm0_VarShirt1(3),Run_Lv3_Pwr0_Itm0_VarShirt2(3),Run_Lv3_Pwr0_Itm0_VarShirt3(3),Run_Lv3_Pwr0_Itm0_VarShirt4(3),Run_Lv3_Pwr0_Itm0_VarHoodBlu2(3),Run_Lv3_Pwr0_Itm0_VarMuscle(3),Run_Lv3_Pwr0_Itm0_VarWarboy(3),Run_Lv3_Pwr0_Itm0_VarCitizen1F(3),Run_Lv3_Pwr0_Itm0_VarCitizen2F(3),Run_Lv3_Pwr0_Itm2_VarPoliceF(3),Run_Lv3_Pwr0_Itm0_VarCitizen3F(3),Run_Lv3_Pwr0_Itm0_VarCitizen4F(3),Run_Lv3_Pwr0_Itm0_VarCitizen5F(3)","1,2",1,0,0,3,1000
32,spawn_mission2_container_adv,-801:-2753:-34,-751:-2703:-31,0,1,"Bmb_Lv3_Pwr0_Itm0_VarNone(30),Run_Lv3_Pwr0_Itm0_VarOld(4),Run_Lv3_Pwr0_Itm0_VarBald(3),Run_Lv3_Pwr0_Itm0_VarHoodBlu(3),Run_Lv3_Pwr0_Itm1_VarSci(3),Run_Lv3_Pwr0_Itm0_VarSci2(3),Run_Lv3_Pwr0_Itm2_VarSoldier(3),Run_Lv3_Pwr0_Itm2_VarSoldier2(3),Run_Lv3_Pwr0_Itm2_VarPolice(3),Run_Lv3_Pwr0_Itm0_VarWorker(3),Run_Lv3_Pwr0_Itm0_VarHoodGrn(3),Run_Lv3_Pwr0_Itm0_VarShirt1(3),Run_Lv3_Pwr0_Itm0_VarShirt2(3),Run_Lv3_Pwr0_Itm0_VarShirt3(3),Run_Lv3_Pwr0_Itm0_VarShirt4(3),Run_Lv3_Pwr0_Itm0_VarHoodBlu2(3),Run_Lv3_Pwr0_Itm3_VarMuscle(3),Run_Lv3_Pwr0_Itm3_VarWarboy(3),Run_Lv3_Pwr0_Itm0_VarCitizen1F(3),Run_Lv3_Pwr0_Itm0_VarCitizen2F(3),Run_Lv3_Pwr0_Itm2_VarPoliceF(3),Run_Lv3_Pwr0_Itm0_VarCitizen3F(3),Run_Lv3_Pwr0_Itm0_VarCitizen4F(3),Run_Lv3_Pwr0_Itm0_VarCitizen5F(3)","0,3",1,0,0,4,1000
33,spawn_mission2_insdie_suicide_adv,114.1:-1890.4:53,164.1:-1840.4:56,0,1,"Bmb_Lv3_Pwr0_Itm0_VarNone(30),Run_Lv3_Pwr0_Itm0_VarOld(4),Run_Lv3_Pwr0_Itm0_VarBald(3),Run_Lv3_Pwr0_Itm0_VarHoodBlu(3),Run_Lv3_Pwr0_Itm1_VarSci(3),Run_Lv3_Pwr0_Itm0_VarSci2(3),Run_Lv3_Pwr0_Itm2_VarSoldier(3),Run_Lv3_Pwr0_Itm2_VarSoldier2(3),Run_Lv3_Pwr0_Itm2_VarPolice(3),Run_Lv3_Pwr0_Itm0_VarWorker(3),Run_Lv3_Pwr0_Itm0_VarHoodGrn(3),Run_Lv3_Pwr0_Itm0_VarShirt1(3),Run_Lv3_Pwr0_Itm0_VarShirt2(3),Run_Lv3_Pwr0_Itm0_VarShirt3(3),Run_Lv3_Pwr0_Itm0_VarShirt4(3),Run_Lv3_Pwr0_Itm0_VarHoodBlu2(3),Run_Lv3_Pwr0_Itm3_VarMuscle(3),Run_Lv3_Pwr0_Itm3_VarWarboy(3),Run_Lv3_Pwr0_Itm0_VarCitizen1F(3),Run_Lv3_Pwr0_Itm0_VarCitizen2F(3),Run_Lv3_Pwr0_Itm2_VarPoliceF(3),Run_Lv3_Pwr0_Itm0_VarCitizen3F(3),Run_Lv3_Pwr0_Itm0_VarCitizen4F(3),Run_Lv3_Pwr0_Itm0_VarCitizen5F(3)","0,3",1,0,0,4,1000
34,spawn_mission2_inside_adv,111:-2043:52,289:-1689:55,0,1,"Wlk_Lv3_Pwr0_Itm0_VarTie(3),Wlk_Lv3_Pwr0_Itm0_VarOld(3),Wlk_Lv3_Pwr0_Itm0_VarBald(3),Wlk_Lv3_Pwr0_Itm0_VarHoodBlu(3),Wlk_Lv3_Pwr0_Itm1_VarSci(3),Wlk_Lv3_Pwr0_Itm0_VarSci2(3),Wlk_Lv3_Pwr0_Itm2_VarSoldier(17),Wlk_Lv3_Pwr0_Itm2_VarSoldier2(17),Wlk_Lv3_Pwr0_Itm2_VarPolice(3),Wlk_Lv3_Pwr0_Itm0_VarWorker(3),Wlk_Lv3_Pwr0_Itm0_VarHoodGrn(3),Wlk_Lv3_Pwr0_Itm0_VarShirt1(3),Wlk_Lv3_Pwr0_Itm0_VarShirt2(3),Wlk_Lv3_Pwr0_Itm0_VarShirt3(3),Wlk_Lv3_Pwr0_Itm0_VarShirt4(3),Wlk_Lv3_Pwr0_Itm0_VarHoodBlu2(3),Wlk_Lv3_Pwr0_Itm0_VarMuscle(3),Wlk_Lv3_Pwr0_Itm0_VarWarboy(3),Wlk_Lv3_Pwr0_Itm0_VarCitizen1F(3),Wlk_Lv3_Pwr0_Itm0_VarCitizen2F(3),Wlk_Lv3_Pwr0_Itm2_VarPoliceF(3),Wlk_Lv3_Pwr0_Itm0_VarCitizen3F(3),Wlk_Lv3_Pwr0_Itm0_VarCitizen4F(3),Wlk_Lv3_Pwr0_Itm0_VarCitizen5F(3)","1,2",1,0,0,10,1000
35,spawn_mission2_left_adv,-225:-2097:318.3,49:-1551:321.3,0,1,"Wlk_Lv3_Pwr0_Itm0_VarTie(3),Wlk_Lv3_Pwr0_Itm0_VarOld(3),Wlk_Lv3_Pwr0_Itm0_VarBald(3),Wlk_Lv3_Pwr0_Itm0_VarHoodBlu(3),Wlk_Lv3_Pwr0_Itm1_VarSci(3),Wlk_Lv3_Pwr0_Itm0_VarSci2(3),Wlk_Lv3_Pwr0_Itm2_VarSoldier(17),Wlk_Lv3_Pwr0_Itm2_VarSoldier2(17),Wlk_Lv3_Pwr0_Itm2_VarPolice(3),Wlk_Lv3_Pwr0_Itm0_VarWorker(3),Wlk_Lv3_Pwr0_Itm0_VarHoodGrn(3),Wlk_Lv3_Pwr0_Itm0_VarShirt1(3),Wlk_Lv3_Pwr0_Itm0_VarShirt2(3),Wlk_Lv3_Pwr0_Itm0_VarShirt3(3),Wlk_Lv3_Pwr0_Itm0_VarShirt4(3),Wlk_Lv3_Pwr0_Itm0_VarHoodBlu2(3),Wlk_Lv3_Pwr0_Itm0_VarMuscle(3),Wlk_Lv3_Pwr0_Itm0_VarWarboy(3),Wlk_Lv3_Pwr0_Itm0_VarCitizen1F(3),Wlk_Lv3_Pwr0_Itm0_VarCitizen2F(3),Wlk_Lv3_Pwr0_Itm2_VarPoliceF(3),Wlk_Lv3_Pwr0_Itm0_VarCitizen3F(3),Wlk_Lv3_Pwr0_Itm0_VarCitizen4F(3),Wlk_Lv3_Pwr0_Itm0_VarCitizen5F(3)","0,3",1,0,0,10,1000
36,spawn_mission2_left2_adv,-225:-2097:318.3,40.5:-1563.8:321.3,0,1,"Run_Lv3_Pwr0_Itm0_VarTie(3),Run_Lv3_Pwr0_Itm0_VarOld(3),Run_Lv3_Pwr0_Itm0_VarBald(3),Run_Lv3_Pwr0_Itm0_VarHoodBlu(3),Run_Lv3_Pwr0_Itm1_VarSci(3),Run_Lv3_Pwr0_Itm0_VarSci2(3),Run_Lv3_Pwr0_Itm2_VarSoldier(17),Run_Lv3_Pwr0_Itm2_VarSoldier2(17),Run_Lv3_Pwr0_Itm2_VarPolice(3),Run_Lv3_Pwr0_Itm0_VarWorker(3),Run_Lv3_Pwr0_Itm0_VarHoodGrn(3),Run_Lv3_Pwr0_Itm0_VarShirt1(3),Run_Lv3_Pwr0_Itm0_VarShirt2(3),Run_Lv3_Pwr0_Itm0_VarShirt3(3),Run_Lv3_Pwr0_Itm0_VarShirt4(3),Run_Lv3_Pwr0_Itm0_VarHoodBlu2(3),Run_Lv3_Pwr0_Itm0_VarMuscle(3),Run_Lv3_Pwr0_Itm0_VarWarboy(3),Run_Lv3_Pwr0_Itm0_VarCitizen1F(3),Run_Lv3_Pwr0_Itm0_VarCitizen2F(3),Run_Lv3_Pwr0_Itm2_VarPoliceF(3),Run_Lv3_Pwr0_Itm0_VarCitizen3F(3),Run_Lv3_Pwr0_Itm0_VarCitizen4F(3),Run_Lv3_Pwr0_Itm0_VarCitizen5F(3)","1,2",1,0,0,3,1000
37,spawn_mission2_right_adv,271:-3153:12,321:-2879:15,0,1,"Wlk_Lv3_Pwr0_Itm0_VarTie(3),Wlk_Lv3_Pwr0_Itm0_VarOld(3),Wlk_Lv3_Pwr0_Itm0_VarBald(3),Wlk_Lv3_Pwr0_Itm0_VarHoodBlu(3),Wlk_Lv3_Pwr0_Itm1_VarSci(3),Wlk_Lv3_Pwr0_Itm0_VarSci2(3),Wlk_Lv3_Pwr0_Itm2_VarSoldier(17),Wlk_Lv3_Pwr0_Itm2_VarSoldier2(17),Wlk_Lv3_Pwr0_Itm2_VarPolice(3),Wlk_Lv3_Pwr0_Itm0_VarWorker(3),Wlk_Lv3_Pwr0_Itm0_VarHoodGrn(3),Wlk_Lv3_Pwr0_Itm0_VarShirt1(3),Wlk_Lv3_Pwr0_Itm0_VarShirt2(3),Wlk_Lv3_Pwr0_Itm0_VarShirt3(3),Wlk_Lv3_Pwr0_Itm0_VarShirt4(3),Wlk_Lv3_Pwr0_Itm0_VarHoodBlu2(3),Wlk_Lv3_Pwr0_Itm0_VarMuscle(3),Wlk_Lv3_Pwr0_Itm0_VarWarboy(3),Wlk_Lv3_Pwr0_Itm0_VarCitizen1F(3),Wlk_Lv3_Pwr0_Itm0_VarCitizen2F(3),Wlk_Lv3_Pwr0_Itm2_VarPoliceF(3),Wlk_Lv3_Pwr0_Itm0_VarCitizen3F(3),Wlk_Lv3_Pwr0_Itm0_VarCitizen4F(3),Wlk_Lv3_Pwr0_Itm0_VarCitizen5F(3)","1,2",1,0,0,5,1000
//,// MISSION 2 WAVE 3,,,,,,,,,,,
40,spawn_mission2_center_adv,127:-2385:350,225:-2175:353,0,1,"Wlk_Lv5_Pwr0_Itm0_VarTie(3),Wlk_Lv5_Pwr0_Itm0_VarOld(3),Wlk_Lv5_Pwr0_Itm0_VarBald(3),Wlk_Lv5_Pwr0_Itm0_VarHoodBlu(3),Wlk_Lv5_Pwr0_Itm1_VarSci(3),Wlk_Lv5_Pwr0_Itm0_VarSci2(3),Wlk_Lv5_Pwr0_Itm2_VarSoldier(3),Wlk_Lv5_Pwr0_Itm2_VarSoldier2(3),Wlk_Lv5_Pwr0_Itm2_VarPolice(15),Wlk_Lv5_Pwr0_Itm0_VarWorker(3),Wlk_Lv5_Pwr0_Itm0_VarHoodGrn(3),Wlk_Lv5_Pwr0_Itm0_VarShirt1(3),Wlk_Lv5_Pwr0_Itm0_VarShirt2(3),Wlk_Lv5_Pwr0_Itm0_VarShirt3(3),Wlk_Lv5_Pwr0_Itm0_VarShirt4(3),Wlk_Lv5_Pwr0_Itm0_VarHoodBlu2(3),Wlk_Lv5_Pwr0_Itm0_VarMuscle(5),Wlk_Lv5_Pwr0_Itm0_VarWarboy(5),Wlk_Lv5_Pwr0_Itm0_VarCitizen1F(3),Wlk_Lv5_Pwr0_Itm0_VarCitizen2F(3),Wlk_Lv5_Pwr0_Itm2_VarPoliceF(15),Wlk_Lv5_Pwr0_Itm0_VarCitizen3F(3),Wlk_Lv5_Pwr0_Itm0_VarCitizen4F(3),Wlk_Lv5_Pwr0_Itm0_VarCitizen5F(3)","0,1",1,0,0,15,1000
41,spawn_mission2_center_adv,143:-2401:318,225:-2175:321,0,1,"Run_Lv4_Pwr0_Itm0_VarTie(3),Run_Lv4_Pwr0_Itm0_VarOld(3),Run_Lv4_Pwr0_Itm0_VarBald(3),Run_Lv4_Pwr0_Itm0_VarHoodBlu(3),Run_Lv4_Pwr0_Itm1_VarSci(3),Run_Lv4_Pwr0_Itm0_VarSci2(3),Run_Lv4_Pwr0_Itm2_VarSoldier(3),Run_Lv4_Pwr0_Itm2_VarSoldier2(3),Run_Lv4_Pwr0_Itm2_VarPolice(15),Run_Lv4_Pwr0_Itm0_VarWorker(3),Run_Lv4_Pwr0_Itm0_VarHoodGrn(3),Run_Lv4_Pwr0_Itm0_VarShirt1(3),Run_Lv4_Pwr0_Itm0_VarShirt2(3),Run_Lv4_Pwr0_Itm0_VarShirt3(3),Run_Lv4_Pwr0_Itm0_VarShirt4(3),Run_Lv4_Pwr0_Itm0_VarHoodBlu2(3),Run_Lv4_Pwr0_Itm0_VarMuscle(5),Run_Lv4_Pwr0_Itm0_VarWarboy(5),Run_Lv4_Pwr0_Itm0_VarCitizen1F(3),Run_Lv4_Pwr0_Itm0_VarCitizen2F(3),Run_Lv4_Pwr0_Itm2_VarPoliceF(15),Run_Lv4_Pwr0_Itm0_VarCitizen3F(3),Run_Lv4_Pwr0_Itm0_VarCitizen4F(3),Run_Lv4_Pwr0_Itm0_VarCitizen5F(3)","0,1",1,0,0,6,1000
42,spawn_mission2_container_adv,-801:-2753:-34,-751:-2703:-31,0,1,"Bmb_Lv5_Pwr0_Itm0_VarNone(30),Run_Lv4_Pwr0_Itm0_VarOld(4),Run_Lv4_Pwr0_Itm0_VarBald(3),Run_Lv4_Pwr0_Itm0_VarHoodBlu(3),Run_Lv4_Pwr0_Itm1_VarSci(3),Run_Lv4_Pwr0_Itm0_VarSci2(3),Run_Lv4_Pwr0_Itm2_VarSoldier(3),Run_Lv4_Pwr0_Itm2_VarSoldier2(3),Run_Lv4_Pwr0_Itm2_VarPolice(3),Run_Lv4_Pwr0_Itm0_VarWorker(3),Run_Lv4_Pwr0_Itm0_VarHoodGrn(3),Run_Lv4_Pwr0_Itm0_VarShirt1(3),Run_Lv4_Pwr0_Itm0_VarShirt2(3),Run_Lv4_Pwr0_Itm0_VarShirt3(3),Run_Lv4_Pwr0_Itm0_VarShirt4(3),Run_Lv4_Pwr0_Itm0_VarHoodBlu2(3),Run_Lv4_Pwr0_Itm3_VarMuscle(3),Run_Lv4_Pwr0_Itm3_VarWarboy(3),Run_Lv4_Pwr0_Itm0_VarCitizen1F(3),Run_Lv4_Pwr0_Itm0_VarCitizen2F(3),Run_Lv4_Pwr0_Itm2_VarPoliceF(3),Run_Lv4_Pwr0_Itm0_VarCitizen3F(3),Run_Lv4_Pwr0_Itm0_VarCitizen4F(3),Run_Lv4_Pwr0_Itm0_VarCitizen5F(3)","0,2",1,0,0,3,1000
43,spawn_mission2_insdie_suicide_adv,114.1:-1890.4:53,164.1:-1840.4:56,0,1,"Bmb_Lv5_Pwr0_Itm0_VarNone(30),Run_Lv4_Pwr0_Itm0_VarOld(4),Run_Lv4_Pwr0_Itm0_VarBald(3),Run_Lv4_Pwr0_Itm0_VarHoodBlu(3),Run_Lv4_Pwr0_Itm1_VarSci(3),Run_Lv4_Pwr0_Itm0_VarSci2(3),Run_Lv4_Pwr0_Itm2_VarSoldier(3),Run_Lv4_Pwr0_Itm2_VarSoldier2(3),Run_Lv4_Pwr0_Itm2_VarPolice(3),Run_Lv4_Pwr0_Itm0_VarWorker(3),Run_Lv4_Pwr0_Itm0_VarHoodGrn(3),Run_Lv4_Pwr0_Itm0_VarShirt1(3),Run_Lv4_Pwr0_Itm0_VarShirt2(3),Run_Lv4_Pwr0_Itm0_VarShirt3(3),Run_Lv4_Pwr0_Itm0_VarShirt4(3),Run_Lv4_Pwr0_Itm0_VarHoodBlu2(3),Run_Lv4_Pwr0_Itm3_VarMuscle(3),Run_Lv4_Pwr0_Itm3_VarWarboy(3),Run_Lv4_Pwr0_Itm0_VarCitizen1F(3),Run_Lv4_Pwr0_Itm0_VarCitizen2F(3),Run_Lv4_Pwr0_Itm2_VarPoliceF(3),Run_Lv4_Pwr0_Itm0_VarCitizen3F(3),Run_Lv4_Pwr0_Itm0_VarCitizen4F(3),Run_Lv4_Pwr0_Itm0_VarCitizen5F(3)","0,2",1,0,0,3,1000
44,spawn_mission2_inside_adv,111:-2043:52,289:-1689:55,0,1,"Run_Lv4_Pwr0_Itm0_VarTie(3),Run_Lv4_Pwr0_Itm0_VarOld(3),Run_Lv4_Pwr0_Itm0_VarBald(3),Run_Lv4_Pwr0_Itm0_VarHoodBlu(3),Run_Lv4_Pwr0_Itm1_VarSci(3),Run_Lv4_Pwr0_Itm0_VarSci2(3),Run_Lv4_Pwr0_Itm2_VarSoldier(3),Run_Lv4_Pwr0_Itm2_VarSoldier2(3),Run_Lv4_Pwr0_Itm2_VarPolice(15),Run_Lv4_Pwr0_Itm0_VarWorker(3),Run_Lv4_Pwr0_Itm0_VarHoodGrn(3),Run_Lv4_Pwr0_Itm0_VarShirt1(3),Run_Lv4_Pwr0_Itm0_VarShirt2(3),Run_Lv4_Pwr0_Itm0_VarShirt3(3),Run_Lv4_Pwr0_Itm0_VarShirt4(3),Run_Lv4_Pwr0_Itm0_VarHoodBlu2(3),Run_Lv4_Pwr0_Itm0_VarMuscle(5),Run_Lv4_Pwr0_Itm0_VarWarboy(5),Run_Lv4_Pwr0_Itm0_VarCitizen1F(3),Run_Lv4_Pwr0_Itm0_VarCitizen2F(3),Run_Lv4_Pwr0_Itm2_VarPoliceF(15),Run_Lv4_Pwr0_Itm0_VarCitizen3F(3),Run_Lv4_Pwr0_Itm0_VarCitizen4F(3),Run_Lv4_Pwr0_Itm0_VarCitizen5F(3)","1,2",1,0,0,7,1000
45,spawn_mission2_left_adv,-225:-2097:318.3,49:-1551:321.3,0,1,"Wlk_Lv4_Pwr0_Itm0_VarTie(3),Wlk_Lv4_Pwr0_Itm0_VarOld(3),Wlk_Lv4_Pwr0_Itm0_VarBald(3),Wlk_Lv4_Pwr0_Itm0_VarHoodBlu(3),Wlk_Lv4_Pwr0_Itm1_VarSci(3),Wlk_Lv4_Pwr0_Itm0_VarSci2(3),Wlk_Lv4_Pwr0_Itm2_VarSoldier(3),Wlk_Lv4_Pwr0_Itm2_VarSoldier2(3),Wlk_Lv4_Pwr0_Itm2_VarPolice(15),Wlk_Lv4_Pwr0_Itm0_VarWorker(3),Wlk_Lv4_Pwr0_Itm0_VarHoodGrn(3),Wlk_Lv4_Pwr0_Itm0_VarShirt1(3),Wlk_Lv4_Pwr0_Itm0_VarShirt2(3),Wlk_Lv4_Pwr0_Itm0_VarShirt3(3),Wlk_Lv4_Pwr0_Itm0_VarShirt4(3),Wlk_Lv4_Pwr0_Itm0_VarHoodBlu2(3),Wlk_Lv4_Pwr0_Itm0_VarMuscle(5),Wlk_Lv4_Pwr0_Itm0_VarWarboy(5),Wlk_Lv4_Pwr0_Itm0_VarCitizen1F(3),Wlk_Lv4_Pwr0_Itm0_VarCitizen2F(3),Wlk_Lv4_Pwr0_Itm2_VarPoliceF(15),Wlk_Lv4_Pwr0_Itm0_VarCitizen3F(3),Wlk_Lv4_Pwr0_Itm0_VarCitizen4F(3),Wlk_Lv4_Pwr0_Itm0_VarCitizen5F(3)","0,2",1,0,0,4,1000
46,spawn_mission2_left2_adv,-225:-2097:318.3,40.5:-1563.8:321.3,0,1,"Run_Lv4_Pwr0_Itm0_VarTie(3),Run_Lv4_Pwr0_Itm0_VarOld(3),Run_Lv4_Pwr0_Itm0_VarBald(3),Run_Lv4_Pwr0_Itm0_VarHoodBlu(3),Run_Lv4_Pwr0_Itm1_VarSci(3),Run_Lv4_Pwr0_Itm0_VarSci2(3),Run_Lv4_Pwr0_Itm2_VarSoldier(3),Run_Lv4_Pwr0_Itm2_VarSoldier2(3),Run_Lv4_Pwr0_Itm2_VarPolice(15),Run_Lv4_Pwr0_Itm0_VarWorker(3),Run_Lv4_Pwr0_Itm0_VarHoodGrn(3),Run_Lv4_Pwr0_Itm0_VarShirt1(3),Run_Lv4_Pwr0_Itm0_VarShirt2(3),Run_Lv4_Pwr0_Itm0_VarShirt3(3),Run_Lv4_Pwr0_Itm0_VarShirt4(3),Run_Lv4_Pwr0_Itm0_VarHoodBlu2(3),Run_Lv4_Pwr0_Itm0_VarMuscle(5),Run_Lv4_Pwr0_Itm0_VarWarboy(5),Run_Lv4_Pwr0_Itm0_VarCitizen1F(3),Run_Lv4_Pwr0_Itm0_VarCitizen2F(3),Run_Lv4_Pwr0_Itm2_VarPoliceF(15),Run_Lv4_Pwr0_Itm0_VarCitizen3F(3),Run_Lv4_Pwr0_Itm0_VarCitizen4F(3),Run_Lv4_Pwr0_Itm0_VarCitizen5F(3)","1,2",1,0,0,6,1000
47,spawn_mission2_right_adv,271:-3153:12,321:-2879:15,0,1,"Run_Lv4_Pwr0_Itm0_VarTie(3),Run_Lv4_Pwr0_Itm0_VarOld(3),Run_Lv4_Pwr0_Itm0_VarBald(3),Run_Lv4_Pwr0_Itm0_VarHoodBlu(3),Run_Lv4_Pwr0_Itm1_VarSci(3),Run_Lv4_Pwr0_Itm0_VarSci2(3),Run_Lv4_Pwr0_Itm2_VarSoldier(3),Run_Lv4_Pwr0_Itm2_VarSoldier2(3),Run_Lv4_Pwr0_Itm2_VarPolice(15),Run_Lv4_Pwr0_Itm0_VarWorker(3),Run_Lv4_Pwr0_Itm0_VarHoodGrn(3),Run_Lv4_Pwr0_Itm0_VarShirt1(3),Run_Lv4_Pwr0_Itm0_VarShirt2(3),Run_Lv4_Pwr0_Itm0_VarShirt3(3),Run_Lv4_Pwr0_Itm0_VarShirt4(3),Run_Lv4_Pwr0_Itm0_VarHoodBlu2(3),Run_Lv4_Pwr0_Itm0_VarMuscle(5),Run_Lv4_Pwr0_Itm0_VarWarboy(5),Run_Lv4_Pwr0_Itm0_VarCitizen1F(3),Run_Lv4_Pwr0_Itm0_VarCitizen2F(3),Run_Lv4_Pwr0_Itm2_VarPoliceF(15),Run_Lv4_Pwr0_Itm0_VarCitizen3F(3),Run_Lv4_Pwr0_Itm0_VarCitizen4F(3),Run_Lv4_Pwr0_Itm0_VarCitizen5F(3)","1,2",1,0,0,6,1000
//,// MISSION 2 WAVE 4,,,,,,,,,,,
50,spawn_mission2_center_adv,127:-2385:350,225:-2175:353,0,1,"Run_Lv5_Pwr0_Itm0_VarTie(3),Run_Lv5_Pwr0_Itm0_VarOld(3),Run_Lv5_Pwr0_Itm0_VarBald(3),Run_Lv5_Pwr0_Itm0_VarHoodBlu(3),Run_Lv5_Pwr0_Itm1_VarSci(25),Run_Lv5_Pwr0_Itm0_VarSci2(25),Run_Lv5_Pwr0_Itm2_VarSoldier(2),Run_Lv5_Pwr0_Itm2_VarSoldier2(2),Run_Lv5_Pwr0_Itm2_VarPolice(2),Run_Lv5_Pwr0_Itm0_VarWorker(2),Run_Lv5_Pwr0_Itm0_VarHoodGrn(2),Run_Lv5_Pwr0_Itm0_VarShirt1(2),Run_Lv5_Pwr0_Itm0_VarShirt2(2),Run_Lv5_Pwr0_Itm0_VarShirt3(2),Run_Lv5_Pwr0_Itm0_VarShirt4(2),Run_Lv5_Pwr0_Itm0_VarHoodBlu2(2),Run_Lv5_Pwr0_Itm0_VarMuscle(2),Run_Lv5_Pwr0_Itm0_VarWarboy(2),Run_Lv5_Pwr0_Itm0_VarCitizen1F(2),Run_Lv5_Pwr0_Itm0_VarCitizen2F(2),Run_Lv5_Pwr0_Itm2_VarPoliceF(2),Run_Lv5_Pwr0_Itm0_VarCitizen3F(2),Run_Lv5_Pwr0_Itm0_VarCitizen4F(3),Run_Lv5_Pwr0_Itm0_VarCitizen5F(3)","0,1",1,0,0,15,1000
51,spawn_mission2_center_adv,143:-2401:318,225:-2175:321,0,1,"Run_Lv5_Pwr0_Itm0_VarTie(3),Run_Lv5_Pwr0_Itm0_VarOld(3),Run_Lv5_Pwr0_Itm0_VarBald(3),Run_Lv5_Pwr0_Itm0_VarHoodBlu(3),Run_Lv5_Pwr0_Itm1_VarSci(25),Run_Lv5_Pwr0_Itm0_VarSci2(25),Run_Lv5_Pwr0_Itm2_VarSoldier(2),Run_Lv5_Pwr0_Itm2_VarSoldier2(2),Run_Lv5_Pwr0_Itm2_VarPolice(2),Run_Lv5_Pwr0_Itm0_VarWorker(2),Run_Lv5_Pwr0_Itm0_VarHoodGrn(2),Run_Lv5_Pwr0_Itm0_VarShirt1(2),Run_Lv5_Pwr0_Itm0_VarShirt2(2),Run_Lv5_Pwr0_Itm0_VarShirt3(2),Run_Lv5_Pwr0_Itm0_VarShirt4(2),Run_Lv5_Pwr0_Itm0_VarHoodBlu2(2),Run_Lv5_Pwr0_Itm0_VarMuscle(2),Run_Lv5_Pwr0_Itm0_VarWarboy(2),Run_Lv5_Pwr0_Itm0_VarCitizen1F(2),Run_Lv5_Pwr0_Itm0_VarCitizen2F(2),Run_Lv5_Pwr0_Itm2_VarPoliceF(2),Run_Lv5_Pwr0_Itm0_VarCitizen3F(2),Run_Lv5_Pwr0_Itm0_VarCitizen4F(3),Run_Lv5_Pwr0_Itm0_VarCitizen5F(3)","0,1",1,0,0,9,1000
52,spawn_mission2_container_adv,-801:-2753:-34,-751:-2703:-31,0,1,"Bmb_Lv5_Pwr0_Itm0_VarNone(30),Run_Lv5_Pwr0_Itm0_VarOld(4),Run_Lv5_Pwr0_Itm0_VarBald(3),Run_Lv5_Pwr0_Itm0_VarHoodBlu(3),Run_Lv5_Pwr0_Itm1_VarSci(3),Run_Lv5_Pwr0_Itm0_VarSci2(3),Run_Lv5_Pwr0_Itm2_VarSoldier(3),Run_Lv5_Pwr0_Itm2_VarSoldier2(3),Run_Lv5_Pwr0_Itm2_VarPolice(3),Run_Lv5_Pwr0_Itm0_VarWorker(3),Run_Lv5_Pwr0_Itm0_VarHoodGrn(3),Run_Lv5_Pwr0_Itm0_VarShirt1(3),Run_Lv5_Pwr0_Itm0_VarShirt2(3),Run_Lv5_Pwr0_Itm0_VarShirt3(3),Run_Lv5_Pwr0_Itm0_VarShirt4(3),Run_Lv5_Pwr0_Itm0_VarHoodBlu2(3),Run_Lv5_Pwr0_Itm3_VarMuscle(3),Run_Lv5_Pwr0_Itm3_VarWarboy(3),Run_Lv5_Pwr0_Itm0_VarCitizen1F(3),Run_Lv5_Pwr0_Itm0_VarCitizen2F(3),Run_Lv5_Pwr0_Itm2_VarPoliceF(3),Run_Lv5_Pwr0_Itm0_VarCitizen3F(3),Run_Lv5_Pwr0_Itm0_VarCitizen4F(3),Run_Lv5_Pwr0_Itm0_VarCitizen5F(3)","0,2",1,0,0,4,1000
53,spawn_mission2_insdie_suicide_adv,114.1:-1890.4:53,164.1:-1840.4:56,0,1,"Bmb_Lv5_Pwr0_Itm0_VarNone(30),Run_Lv5_Pwr0_Itm0_VarOld(4),Run_Lv5_Pwr0_Itm0_VarBald(3),Run_Lv5_Pwr0_Itm0_VarHoodBlu(3),Run_Lv5_Pwr0_Itm1_VarSci(3),Run_Lv5_Pwr0_Itm0_VarSci2(3),Run_Lv5_Pwr0_Itm2_VarSoldier(3),Run_Lv5_Pwr0_Itm2_VarSoldier2(3),Run_Lv5_Pwr0_Itm2_VarPolice(3),Run_Lv5_Pwr0_Itm0_VarWorker(3),Run_Lv5_Pwr0_Itm0_VarHoodGrn(3),Run_Lv5_Pwr0_Itm0_VarShirt1(3),Run_Lv5_Pwr0_Itm0_VarShirt2(3),Run_Lv5_Pwr0_Itm0_VarShirt3(3),Run_Lv5_Pwr0_Itm0_VarShirt4(3),Run_Lv5_Pwr0_Itm0_VarHoodBlu2(3),Run_Lv5_Pwr0_Itm3_VarMuscle(3),Run_Lv5_Pwr0_Itm3_VarWarboy(3),Run_Lv5_Pwr0_Itm0_VarCitizen1F(3),Run_Lv5_Pwr0_Itm0_VarCitizen2F(3),Run_Lv5_Pwr0_Itm2_VarPoliceF(3),Run_Lv5_Pwr0_Itm0_VarCitizen3F(3),Run_Lv5_Pwr0_Itm0_VarCitizen4F(3),Run_Lv5_Pwr0_Itm0_VarCitizen5F(3)","0,2",1,0,0,4,1000
54,spawn_mission2_inside_adv,111:-2043:52,289:-1689:55,0,1,"Run_Lv5_Pwr0_Itm0_VarTie(3),Run_Lv5_Pwr0_Itm0_VarOld(3),Run_Lv5_Pwr0_Itm0_VarBald(3),Run_Lv5_Pwr0_Itm0_VarHoodBlu(3),Run_Lv5_Pwr0_Itm1_VarSci(25),Run_Lv5_Pwr0_Itm0_VarSci2(25),Run_Lv5_Pwr0_Itm2_VarSoldier(2),Run_Lv5_Pwr0_Itm2_VarSoldier2(2),Run_Lv5_Pwr0_Itm2_VarPolice(2),Run_Lv5_Pwr0_Itm0_VarWorker(2),Run_Lv5_Pwr0_Itm0_VarHoodGrn(2),Run_Lv5_Pwr0_Itm0_VarShirt1(2),Run_Lv5_Pwr0_Itm0_VarShirt2(2),Run_Lv5_Pwr0_Itm0_VarShirt3(2),Run_Lv5_Pwr0_Itm0_VarShirt4(2),Run_Lv5_Pwr0_Itm0_VarHoodBlu2(2),Run_Lv5_Pwr0_Itm0_VarMuscle(2),Run_Lv5_Pwr0_Itm0_VarWarboy(2),Run_Lv5_Pwr0_Itm0_VarCitizen1F(2),Run_Lv5_Pwr0_Itm0_VarCitizen2F(2),Run_Lv5_Pwr0_Itm2_VarPoliceF(2),Run_Lv5_Pwr0_Itm0_VarCitizen3F(2),Run_Lv5_Pwr0_Itm0_VarCitizen4F(3),Run_Lv5_Pwr0_Itm0_VarCitizen5F(3)","1,2",1,0,0,10,1000
55,spawn_mission2_left_adv,-225:-2097:318.3,49:-1551:321.3,0,1,"Run_Lv5_Pwr0_Itm0_VarTie(3),Run_Lv5_Pwr0_Itm0_VarOld(3),Run_Lv5_Pwr0_Itm0_VarBald(3),Run_Lv5_Pwr0_Itm0_VarHoodBlu(3),Run_Lv5_Pwr0_Itm1_VarSci(25),Run_Lv5_Pwr0_Itm0_VarSci2(25),Run_Lv5_Pwr0_Itm2_VarSoldier(2),Run_Lv5_Pwr0_Itm2_VarSoldier2(2),Run_Lv5_Pwr0_Itm2_VarPolice(2),Run_Lv5_Pwr0_Itm0_VarWorker(2),Run_Lv5_Pwr0_Itm0_VarHoodGrn(2),Run_Lv5_Pwr0_Itm0_VarShirt1(2),Run_Lv5_Pwr0_Itm0_VarShirt2(2),Run_Lv5_Pwr0_Itm0_VarShirt3(2),Run_Lv5_Pwr0_Itm0_VarShirt4(2),Run_Lv5_Pwr0_Itm0_VarHoodBlu2(2),Run_Lv5_Pwr0_Itm0_VarMuscle(2),Run_Lv5_Pwr0_Itm0_VarWarboy(2),Run_Lv5_Pwr0_Itm0_VarCitizen1F(2),Run_Lv5_Pwr0_Itm0_VarCitizen2F(2),Run_Lv5_Pwr0_Itm2_VarPoliceF(2),Run_Lv5_Pwr0_Itm0_VarCitizen3F(2),Run_Lv5_Pwr0_Itm0_VarCitizen4F(3),Run_Lv5_Pwr0_Itm0_VarCitizen5F(3)","0,2",1,0,0,1,1000
56,spawn_mission2_left2_adv,-225:-2097:318.3,40.5:-1563.8:321.3,0,1,"Run_Lv5_Pwr0_Itm0_VarTie(3),Run_Lv5_Pwr0_Itm0_VarOld(3),Run_Lv5_Pwr0_Itm0_VarBald(3),Run_Lv5_Pwr0_Itm0_VarHoodBlu(3),Run_Lv5_Pwr0_Itm1_VarSci(25),Run_Lv5_Pwr0_Itm0_VarSci2(25),Run_Lv5_Pwr0_Itm2_VarSoldier(2),Run_Lv5_Pwr0_Itm2_VarSoldier2(2),Run_Lv5_Pwr0_Itm2_VarPolice(2),Run_Lv5_Pwr0_Itm0_VarWorker(2),Run_Lv5_Pwr0_Itm0_VarHoodGrn(2),Run_Lv5_Pwr0_Itm0_VarShirt1(2),Run_Lv5_Pwr0_Itm0_VarShirt2(2),Run_Lv5_Pwr0_Itm0_VarShirt3(2),Run_Lv5_Pwr0_Itm0_VarShirt4(2),Run_Lv5_Pwr0_Itm0_VarHoodBlu2(2),Run_Lv5_Pwr0_Itm0_VarMuscle(2),Run_Lv5_Pwr0_Itm0_VarWarboy(2),Run_Lv5_Pwr0_Itm0_VarCitizen1F(2),Run_Lv5_Pwr0_Itm0_VarCitizen2F(2),Run_Lv5_Pwr0_Itm2_VarPoliceF(2),Run_Lv5_Pwr0_Itm0_VarCitizen3F(2),Run_Lv5_Pwr0_Itm0_VarCitizen4F(3),Run_Lv5_Pwr0_Itm0_VarCitizen5F(3)","1,2",1,0,0,9,1000
57,spawn_mission2_right_adv,271:-3153:12,321:-2879:15,0,1,"Run_Lv5_Pwr0_Itm0_VarTie(3),Run_Lv5_Pwr0_Itm0_VarOld(3),Run_Lv5_Pwr0_Itm0_VarBald(3),Run_Lv5_Pwr0_Itm0_VarHoodBlu(3),Run_Lv5_Pwr0_Itm1_VarSci(25),Run_Lv5_Pwr0_Itm0_VarSci2(25),Run_Lv5_Pwr0_Itm2_VarSoldier(2),Run_Lv5_Pwr0_Itm2_VarSoldier2(2),Run_Lv5_Pwr0_Itm2_VarPolice(2),Run_Lv5_Pwr0_Itm0_VarWorker(2),Run_Lv5_Pwr0_Itm0_VarHoodGrn(2),Run_Lv5_Pwr0_Itm0_VarShirt1(2),Run_Lv5_Pwr0_Itm0_VarShirt2(2),Run_Lv5_Pwr0_Itm0_VarShirt3(2),Run_Lv5_Pwr0_Itm0_VarShirt4(2),Run_Lv5_Pwr0_Itm0_VarHoodBlu2(2),Run_Lv5_Pwr0_Itm0_VarMuscle(2),Run_Lv5_Pwr0_Itm0_VarWarboy(2),Run_Lv5_Pwr0_Itm0_VarCitizen1F(2),Run_Lv5_Pwr0_Itm0_VarCitizen2F(2),Run_Lv5_Pwr0_Itm2_VarPoliceF(2),Run_Lv5_Pwr0_Itm0_VarCitizen3F(2),Run_Lv5_Pwr0_Itm0_VarCitizen4F(3),Run_Lv5_Pwr0_Itm0_VarCitizen5F(3)","1,2",1,0,0,8,1000
//,// MISSION 3,,,,,,,,,,,
60,spawn_mission3_center,127:-2385:350,225:-2175:353,0,1,"Run_Lv8_Pwr0_Itm0_VarTie(4),Run_Lv8_Pwr0_Itm0_VarOld(4),Run_Lv8_Pwr0_Itm0_VarBald(4),Run_Lv8_Pwr0_Itm0_VarHoodBlu(4),Run_Lv8_Pwr0_Itm1_VarSci(5),Run_Lv8_Pwr0_Itm1_VarSci2(4),Run_Lv8_Pwr0_Itm2_VarSoldier(4),Run_Lv8_Pwr0_Itm2_VarSoldier2(4),Run_Lv8_Pwr0_Itm0_VarPolice(4),Run_Lv8_Pwr0_Itm3_VarWorker(5),Run_Lv8_Pwr0_Itm0_VarHoodGrn(4),Run_Lv8_Pwr0_Itm0_VarShirt1(4),Run_Lv8_Pwr0_Itm0_VarShirt2(4),Run_Lv8_Pwr0_Itm0_VarShirt3(4),Run_Lv8_Pwr0_Itm0_VarShirt4(4),Run_Lv8_Pwr0_Itm0_VarHoodBlu2(5),Run_Lv8_Pwr0_Itm0_VarMuscle(5),Run_Lv8_Pwr0_Itm0_VarWarboy(4),Run_Lv8_Pwr0_Itm0_VarCitizen1F(4),Run_Lv8_Pwr0_Itm0_VarCitizen2F(4),Run_Lv8_Pwr0_Itm0_VarPoliceF(4),Run_Lv8_Pwr0_Itm0_VarCitizen3F(4),Run_Lv8_Pwr0_Itm0_VarCitizen4F(4),Run_Lv8_Pwr0_Itm0_VarCitizen5F(4)",1,1,0,0,30,1000
61,spawn_mission3_gate,-225:-2017:-146,-95:-1695:-143,180,1,"Bmb_ScriptedSurprise(80),Bmb_Lv8_Pwr0_Itm0_VarNone(20)",0,0,0,0,10,10
62,spawn_mission3_inside,-161:-2017:-130,257:-1663:-127,180,1,"Bmb_ScriptedSurprise(80),Bmb_Lv8_Pwr0_Itm0_VarNone(20)",0,0,0,0,10,10
63,spawn_mission3_inside_a,-89:-1847:84,-63:-1821:87,0,1,Bmb_Lv8_Pwr0_Itm0_VarNone,"2,4",1,0,0,1,1000
64,spawn_mission3_inside_b,359:-1975:84,385:-1949:87,180,1,Bmb_Lv8_Pwr0_Itm0_VarNone,"2,4",1,0,0,1,1000
65,spawn_mission3_left,-225:-2097:318.3,49:-1567:321.3,0,1,"Run_Lv8_Pwr0_Itm0_VarTie(4),Run_Lv8_Pwr0_Itm0_VarOld(4),Run_Lv8_Pwr0_Itm0_VarBald(4),Run_Lv8_Pwr0_Itm0_VarHoodBlu(4),Run_Lv8_Pwr0_Itm1_VarSci(5),Run_Lv8_Pwr0_Itm1_VarSci2(4),Run_Lv8_Pwr0_Itm2_VarSoldier(4),Run_Lv8_Pwr0_Itm2_VarSoldier2(4),Run_Lv8_Pwr0_Itm0_VarPolice(4),Run_Lv8_Pwr0_Itm3_VarWorker(5),Run_Lv8_Pwr0_Itm0_VarHoodGrn(4),Run_Lv8_Pwr0_Itm0_VarShirt1(4),Run_Lv8_Pwr0_Itm0_VarShirt2(4),Run_Lv8_Pwr0_Itm0_VarShirt3(4),Run_Lv8_Pwr0_Itm0_VarShirt4(4),Run_Lv8_Pwr0_Itm0_VarHoodBlu2(5),Run_Lv8_Pwr0_Itm0_VarMuscle(5),Run_Lv8_Pwr0_Itm0_VarWarboy(4),Run_Lv8_Pwr0_Itm0_VarCitizen1F(4),Run_Lv8_Pwr0_Itm0_VarCitizen2F(4),Run_Lv8_Pwr0_Itm0_VarPoliceF(4),Run_Lv8_Pwr0_Itm0_VarCitizen3F(4),Run_Lv8_Pwr0_Itm0_VarCitizen4F(4),Run_Lv8_Pwr0_Itm0_VarCitizen5F(4)",1,1,0,0,30,1000
66,spawn_mission3_watt,185.6:-1724.8:319.3,211.6:-1698.8:322.3,0,1,WattWlk_Lv8_Pwr0_Itm0_VarNone,"2,4",1,0,0,1,1000
67,spawn_mission3_watt,-1737.5:-2040.4:20,-1711.5:-2014.4:23,0,1,WattWlk_Lv8_Pwr0_Itm0_VarNone,"2,4",1,0,0,1,1000
//,// MISSION 4,,,,,,,,,,,
70,DONOTUSE,767:-1697:-128,1025:-1535:-125,0,1,"Wlk_Lv11_Pwr0_Itm0_VarBald(7),Wlk_Lv11_Pwr0_Itm0_VarHoodBlu(7),Wlk_Lv11_Pwr0_Itm0_VarSci(15),Wlk_Lv11_Pwr0_Itm0_VarSci2(15),Wlk_Lv11_Pwr0_Itm0_VarSoldier(7),Wlk_Lv11_Pwr0_Itm0_VarWorker(15),Wlk_Lv11_Pwr0_Itm0_VarHoodGrn(7),Wlk_Lv11_Pwr0_Itm0_VarMuscle(2),Wlk_Lv11_Pwr0_Itm0_VarWarboy(2),Wlk_Lv11_Pwr0_Itm0_VarShirt1(4),Wlk_Lv11_Pwr0_Itm0_VarShirt2(3),Wlk_Lv11_Pwr0_Itm0_VarHoodBlu2(4),Wlk_Lv11_Pwr0_Itm0_VarCitizen1F(3),Wlk_Lv11_Pwr0_Itm0_VarCitizen2F(3),Wlk_Lv11_Pwr0_Itm0_VarCitizen3F(3),Wlk_Lv11_Pwr0_Itm0_VarCitizen5F(3)",0,0,0,0,0,0
71,DONOTUSE,767:-2305:-128,929:-1727:-125,0,1,"Wlk_Lv11_Pwr0_Itm0_VarBald(7),Wlk_Lv11_Pwr0_Itm0_VarHoodBlu(7),Wlk_Lv11_Pwr0_Itm0_VarSci(15),Wlk_Lv11_Pwr0_Itm0_VarSci2(15),Wlk_Lv11_Pwr0_Itm0_VarSoldier(7),Wlk_Lv11_Pwr0_Itm0_VarWorker(15),Wlk_Lv11_Pwr0_Itm0_VarHoodGrn(7),Wlk_Lv11_Pwr0_Itm0_VarMuscle(2),Wlk_Lv11_Pwr0_Itm0_VarWarboy(2),Wlk_Lv11_Pwr0_Itm0_VarShirt1(4),Wlk_Lv11_Pwr0_Itm0_VarShirt2(3),Wlk_Lv11_Pwr0_Itm0_VarHoodBlu2(4),Wlk_Lv11_Pwr0_Itm0_VarCitizen1F(3),Wlk_Lv11_Pwr0_Itm0_VarCitizen2F(3),Wlk_Lv11_Pwr0_Itm0_VarCitizen3F(3),Wlk_Lv11_Pwr0_Itm0_VarCitizen5F(3)",0,0,0,0,0,0
72,DONOTUSE,575:-1505:-128,833:-1407:-125,0,1,"Wlk_Lv11_Pwr0_Itm0_VarBald(7),Wlk_Lv11_Pwr0_Itm0_VarHoodBlu(7),Wlk_Lv11_Pwr0_Itm0_VarSci(15),Wlk_Lv11_Pwr0_Itm0_VarSci2(15),Wlk_Lv11_Pwr0_Itm0_VarSoldier(7),Wlk_Lv11_Pwr0_Itm0_VarWorker(15),Wlk_Lv11_Pwr0_Itm0_VarHoodGrn(7),Wlk_Lv11_Pwr0_Itm0_VarMuscle(2),Wlk_Lv11_Pwr0_Itm0_VarWarboy(2),Wlk_Lv11_Pwr0_Itm0_VarShirt1(4),Wlk_Lv11_Pwr0_Itm0_VarShirt2(3),Wlk_Lv11_Pwr0_Itm0_VarHoodBlu2(4),Wlk_Lv11_Pwr0_Itm0_VarCitizen1F(3),Wlk_Lv11_Pwr0_Itm0_VarCitizen2F(3),Wlk_Lv11_Pwr0_Itm0_VarCitizen3F(3),Wlk_Lv11_Pwr0_Itm0_VarCitizen5F(3)",0,0,0,0,0,0
73,DONOTUSE,319:-1377:-128,433:-1087:-125,0,1,"Wlk_Lv11_Pwr0_Itm0_VarBald(7),Wlk_Lv11_Pwr0_Itm0_VarHoodBlu(7),Wlk_Lv11_Pwr0_Itm0_VarSci(15),Wlk_Lv11_Pwr0_Itm0_VarSci2(15),Wlk_Lv11_Pwr0_Itm0_VarSoldier(7),Wlk_Lv11_Pwr0_Itm0_VarWorker(15),Wlk_Lv11_Pwr0_Itm0_VarHoodGrn(7),Wlk_Lv11_Pwr0_Itm0_VarMuscle(2),Wlk_Lv11_Pwr0_Itm0_VarWarboy(2),Wlk_Lv11_Pwr0_Itm0_VarShirt1(4),Wlk_Lv11_Pwr0_Itm0_VarShirt2(3),Wlk_Lv11_Pwr0_Itm0_VarHoodBlu2(4),Wlk_Lv11_Pwr0_Itm0_VarCitizen1F(3),Wlk_Lv11_Pwr0_Itm0_VarCitizen2F(3),Wlk_Lv11_Pwr0_Itm0_VarCitizen3F(3),Wlk_Lv11_Pwr0_Itm0_VarCitizen5F(3)",0,0,0,0,0,0
74,spawn_mission4_base_range,-81:-2785:14,65:-2479:17,0,1,Rng_Lv11_Pwr0_Itm0_VarNone,0,1,0,0,5,1000
75,spawn_mission4_base_range,143:-2657:333,337:-2463:336,0,1,Rng_Lv11_Pwr0_Itm0_VarNone,0,1,0,0,5,1000
76,spawn_mission4_base_range,143:-2097:319,417:-1535:322,0,1,Rng_Lv11_Pwr0_Itm0_VarNone,0,1,0,0,5,1000
77,spawn_mission4_container1,479:-2913:-169,673:-2847:-166,0,1,"Run_Lv11_Pwr0_Itm0_VarTie(4),Run_Lv11_Pwr0_Itm0_VarOld(4),Run_Lv11_Pwr0_Itm0_VarBald(4),Run_Lv11_Pwr0_Itm0_VarHoodBlu(4),Run_Lv11_Pwr0_Itm1_VarSci(5),Run_Lv11_Pwr0_Itm1_VarSci2(4),Run_Lv11_Pwr0_Itm2_VarSoldier(4),Run_Lv11_Pwr0_Itm2_VarSoldier2(4),Run_Lv11_Pwr0_Itm0_VarPolice(4),Run_Lv11_Pwr0_Itm3_VarWorker(5),Run_Lv11_Pwr0_Itm0_VarHoodGrn(4),Run_Lv11_Pwr0_Itm0_VarShirt1(4),Run_Lv11_Pwr0_Itm0_VarShirt2(4),Run_Lv11_Pwr0_Itm0_VarShirt3(4),Run_Lv11_Pwr0_Itm0_VarShirt4(4),Run_Lv11_Pwr0_Itm0_VarHoodBlu2(5),Run_Lv11_Pwr0_Itm0_VarMuscle(5),Run_Lv11_Pwr0_Itm0_VarWarboy(4),Run_Lv11_Pwr0_Itm0_VarCitizen1F(4),Run_Lv11_Pwr0_Itm0_VarCitizen2F(4),Run_Lv11_Pwr0_Itm0_VarPoliceF(4),Run_Lv11_Pwr0_Itm0_VarCitizen3F(4),Run_Lv11_Pwr0_Itm0_VarCitizen4F(4),Run_Lv11_Pwr0_Itm0_VarCitizen5F(4)","0,1",1,0,0,5,1000
78,spawn_mission4_container2,-65:-1465:-36,49:-1175:-33,0,1,"Run_Lv11_Pwr0_Itm0_VarTie(4),Run_Lv11_Pwr0_Itm0_VarOld(4),Run_Lv11_Pwr0_Itm0_VarBald(4),Run_Lv11_Pwr0_Itm0_VarHoodBlu(4),Run_Lv11_Pwr0_Itm1_VarSci(5),Run_Lv11_Pwr0_Itm1_VarSci2(4),Run_Lv11_Pwr0_Itm2_VarSoldier(4),Run_Lv11_Pwr0_Itm2_VarSoldier2(4),Run_Lv11_Pwr0_Itm0_VarPolice(4),Run_Lv11_Pwr0_Itm3_VarWorker(5),Run_Lv11_Pwr0_Itm0_VarHoodGrn(4),Run_Lv11_Pwr0_Itm0_VarShirt1(4),Run_Lv11_Pwr0_Itm0_VarShirt2(4),Run_Lv11_Pwr0_Itm0_VarShirt3(4),Run_Lv11_Pwr0_Itm0_VarShirt4(4),Run_Lv11_Pwr0_Itm0_VarHoodBlu2(5),Run_Lv11_Pwr0_Itm0_VarMuscle(5),Run_Lv11_Pwr0_Itm0_VarWarboy(4),Run_Lv11_Pwr0_Itm0_VarCitizen1F(4),Run_Lv11_Pwr0_Itm0_VarCitizen2F(4),Run_Lv11_Pwr0_Itm0_VarPoliceF(4),Run_Lv11_Pwr0_Itm0_VarCitizen3F(4),Run_Lv11_Pwr0_Itm0_VarCitizen4F(4),Run_Lv11_Pwr0_Itm0_VarCitizen5F(4)","0,1",1,0,0,5,1000
79,spawn_mission4_drainage,1247:-2273:542,1377:-1887:545,0,1,"Run_Lv11_Pwr0_Itm0_VarTie(5),Run_Lv11_Pwr0_Itm0_VarOld(5),Run_Lv11_Pwr0_Itm0_VarBald(5),Run_Lv11_Pwr0_Itm0_VarHoodBlu(5),Run_Lv11_Pwr0_Itm1_VarSci(5),Run_Lv11_Pwr0_Itm0_VarSci2(5),Run_Lv11_Pwr0_Itm2_VarSoldier(5),Run_Lv11_Pwr0_Itm2_VarSoldier2(5),Run_Lv11_Pwr0_Itm2_VarPolice(5),Run_Lv11_Pwr0_Itm0_VarWorker(5),Run_Lv11_Pwr0_Itm0_VarHoodGrn(5),Run_Lv11_Pwr0_Itm0_VarShirt1(5),Run_Lv11_Pwr0_Itm0_VarShirt2(5),Run_Lv11_Pwr0_Itm0_VarShirt3(5),Run_Lv11_Pwr0_Itm0_VarShirt4(5),Run_Lv11_Pwr0_Itm0_VarHoodBlu2(5),Run_Lv11_Pwr0_Itm3_VarMuscle(6),Run_Lv11_Pwr0_Itm3_VarWarboy(7),Run_Lv11_Pwr0_Itm0_VarWarboy(7)","0,1",1,0,0,5,1000
80,spawn_mission4_support,143:-2657:334,337:-2463:337,0,1,"Run_Lv11_Pwr0_Itm0_VarTie(2),Run_Lv11_Pwr0_Itm0_VarOld(2),Run_Lv11_Pwr0_Itm0_VarBald(2),Run_Lv11_Pwr0_Itm0_VarHoodBlu(2),Run_Lv11_Pwr0_Itm1_VarSci(2),Run_Lv11_Pwr0_Itm1_VarSci2(2),Run_Lv11_Pwr0_Itm2_VarSoldier(2),Run_Lv11_Pwr0_Itm2_VarSoldier2(2),Run_Lv11_Pwr0_Itm0_VarPolice(2),Run_Lv11_Pwr0_Itm3_VarWorker(2),Run_Lv11_Pwr0_Itm0_VarHoodGrn(2),Run_Lv11_Pwr0_Itm0_VarShirt1(2),Run_Lv11_Pwr0_Itm0_VarShirt2(2),Run_Lv11_Pwr0_Itm0_VarShirt3(2),Run_Lv11_Pwr0_Itm0_VarShirt4(2),Run_Lv11_Pwr0_Itm0_VarHoodBlu2(2),Run_Lv11_Pwr0_Itm0_VarMuscle(2),Run_Lv11_Pwr0_Itm0_VarWarboy(2),Run_Lv11_Pwr0_Itm0_VarCitizen1F(4),Run_Lv11_Pwr0_Itm0_VarCitizen2F(4),Run_Lv11_Pwr0_Itm0_VarPoliceF(4),Run_Lv11_Pwr0_Itm0_VarCitizen3F(4),Run_Lv11_Pwr0_Itm0_VarCitizen4F(4),Run_Lv11_Pwr0_Itm0_VarCitizen5F(4),Bmb_Lv11_Pwr0_Itm0_VarNone(40)","0,1",1,0,0,9,1000
81,spawn_mission4_support,271:-2385:351,385:-2191:354,0,1,"Run_Lv11_Pwr0_Itm0_VarTie(2),Run_Lv11_Pwr0_Itm0_VarOld(2),Run_Lv11_Pwr0_Itm0_VarBald(2),Run_Lv11_Pwr0_Itm0_VarHoodBlu(2),Run_Lv11_Pwr0_Itm1_VarSci(2),Run_Lv11_Pwr0_Itm1_VarSci2(2),Run_Lv11_Pwr0_Itm2_VarSoldier(2),Run_Lv11_Pwr0_Itm2_VarSoldier2(2),Run_Lv11_Pwr0_Itm0_VarPolice(2),Run_Lv11_Pwr0_Itm3_VarWorker(2),Run_Lv11_Pwr0_Itm0_VarHoodGrn(2),Run_Lv11_Pwr0_Itm0_VarShirt1(2),Run_Lv11_Pwr0_Itm0_VarShirt2(2),Run_Lv11_Pwr0_Itm0_VarShirt3(2),Run_Lv11_Pwr0_Itm0_VarShirt4(2),Run_Lv11_Pwr0_Itm0_VarHoodBlu2(2),Run_Lv11_Pwr0_Itm0_VarMuscle(2),Run_Lv11_Pwr0_Itm0_VarWarboy(2),Run_Lv11_Pwr0_Itm0_VarCitizen1F(4),Run_Lv11_Pwr0_Itm0_VarCitizen2F(4),Run_Lv11_Pwr0_Itm0_VarPoliceF(4),Run_Lv11_Pwr0_Itm0_VarCitizen3F(4),Run_Lv11_Pwr0_Itm0_VarCitizen4F(4),Run_Lv11_Pwr0_Itm0_VarCitizen5F(4),Bmb_Lv11_Pwr0_Itm0_VarNone(40)",1,1,0,0,4,1000
82,spawn_mission4_support_r,207:-1972.6:320,401:-1597.2:323,0,1,"Run_Lv11_Pwr0_Itm0_VarTie(2),Run_Lv11_Pwr0_Itm0_VarOld(2),Run_Lv11_Pwr0_Itm0_VarBald(2),Run_Lv11_Pwr0_Itm0_VarHoodBlu(2),Run_Lv11_Pwr0_Itm1_VarSci(2),Run_Lv11_Pwr0_Itm1_VarSci2(2),Run_Lv11_Pwr0_Itm2_VarSoldier(2),Run_Lv11_Pwr0_Itm2_VarSoldier2(2),Run_Lv11_Pwr0_Itm0_VarPolice(2),Run_Lv11_Pwr0_Itm3_VarWorker(2),Run_Lv11_Pwr0_Itm0_VarHoodGrn(2),Run_Lv11_Pwr0_Itm0_VarShirt1(2),Run_Lv11_Pwr0_Itm0_VarShirt2(2),Run_Lv11_Pwr0_Itm0_VarShirt3(2),Run_Lv11_Pwr0_Itm0_VarShirt4(2),Run_Lv11_Pwr0_Itm0_VarHoodBlu2(2),Run_Lv11_Pwr0_Itm0_VarMuscle(2),Run_Lv11_Pwr0_Itm0_VarWarboy(2),Run_Lv11_Pwr0_Itm0_VarCitizen1F(4),Run_Lv11_Pwr0_Itm0_VarCitizen2F(4),Run_Lv11_Pwr0_Itm0_VarPoliceF(4),Run_Lv11_Pwr0_Itm0_VarCitizen3F(4),Run_Lv11_Pwr0_Itm0_VarCitizen4F(4),Run_Lv11_Pwr0_Itm0_VarCitizen5F(4),Bmb_Lv11_Pwr0_Itm0_VarNone(40)",1,1,0,0,4,1000
83,spawn_mission4_vent,895:-3201:334,1153:-2943:337,0,1,"Run_Lv11_Pwr0_Itm0_VarTie(2),Run_Lv11_Pwr0_Itm0_VarOld(2),Run_Lv11_Pwr0_Itm0_VarBald(2),Run_Lv11_Pwr0_Itm0_VarHoodBlu(2),Run_Lv11_Pwr0_Itm1_VarSci(2),Run_Lv11_Pwr0_Itm1_VarSci2(2),Run_Lv11_Pwr0_Itm2_VarSoldier(2),Run_Lv11_Pwr0_Itm2_VarSoldier2(2),Run_Lv11_Pwr0_Itm0_VarPolice(2),Run_Lv11_Pwr0_Itm3_VarWorker(2),Run_Lv11_Pwr0_Itm0_VarHoodGrn(2),Run_Lv11_Pwr0_Itm0_VarShirt1(2),Run_Lv11_Pwr0_Itm0_VarShirt2(2),Run_Lv11_Pwr0_Itm0_VarShirt3(2),Run_Lv11_Pwr0_Itm0_VarShirt4(2),Run_Lv11_Pwr0_Itm0_VarHoodBlu2(2),Run_Lv11_Pwr0_Itm0_VarMuscle(2),Run_Lv11_Pwr0_Itm0_VarWarboy(2),Run_Lv11_Pwr0_Itm0_VarCitizen1F(4),Run_Lv11_Pwr0_Itm0_VarCitizen2F(4),Run_Lv11_Pwr0_Itm0_VarPoliceF(4),Run_Lv11_Pwr0_Itm0_VarCitizen3F(4),Run_Lv11_Pwr0_Itm0_VarCitizen4F(4),Run_Lv11_Pwr0_Itm0_VarCitizen5F(4),Bmb_Lv11_Pwr0_Itm0_VarNone(40)","0,1",1,0,0,9,1000
84,spawn_mission4_watt,312.8:-1692.4:319.3,338.8:-1666.4:322.3,0,1,WattRun_Lv11_Pwr0_Itm0_VarNone,"2,4",1,0,0,1,1000
85,spawn_mission4_watt,941.8:-3048.6:335,967.8:-3022.6:338,0,1,WattRun_Lv11_Pwr0_Itm0_VarNone,"2,4",1,0,0,1,1000
//,// MISSION 5,,,,,,,,,,,
86,spawn_mission5_inside,-81:-2049:52,289:-1695:55,0,1,"Wlk_Lv16_Pwr1_Itm0_VarMuscle(50),Wlk_Lv16_Pwr1_Itm0_VarWarboy(50)",0,0,0,0,5,5
//,// MISSION 6,,,,,,,,,,,
90,spawn_mission6_front1,-321:2143:-1,385:2689:2,0,1,"Bmb_Lv15_Pwr0_Itm0_VarNone(1),Run_Lv15_Pwr0_Itm0_VarTie(4),Run_Lv15_Pwr0_Itm0_VarOld(4),Run_Lv15_Pwr0_Itm0_VarBald(4),Run_Lv15_Pwr0_Itm0_VarHoodBlu(4),Run_Lv15_Pwr0_Itm1_VarSci(4),Run_Lv15_Pwr0_Itm0_VarSci2(4),Run_Lv20_Pwr0_Itm2_VarSoldier(4),Run_Lv20_Pwr0_Itm2_VarSoldier2(4),Run_Lv20_Pwr0_Itm2_VarPolice(4),Run_Lv15_Pwr0_Itm0_VarWorker(4),Run_Lv15_Pwr0_Itm0_VarHoodGrn(4),Run_Lv15_Pwr0_Itm0_VarShirt1(4),Run_Lv15_Pwr0_Itm0_VarShirt2(4),Run_Lv15_Pwr0_Itm0_VarShirt3(4),Run_Lv15_Pwr0_Itm0_VarShirt4(4),Run_Lv15_Pwr0_Itm0_VarHoodBlu2(4),Run_Lv20_Pwr0_Itm3_VarMuscle(5),Run_Lv20_Pwr0_Itm3_VarWarboy(5),Run_Lv15_Pwr0_Itm0_VarCitizen1F(4),Run_Lv15_Pwr0_Itm0_VarCitizen2F(4),Run_Lv20_Pwr0_Itm2_VarPoliceF(5),Run_Lv15_Pwr0_Itm0_VarCitizen3F(4),Run_Lv15_Pwr0_Itm0_VarCitizen4F(4),Run_Lv15_Pwr0_Itm0_VarCitizen5F(4)","0,1",1,0,0,15,1000
91,spawn_mission6_front2,-321:2143:-1,385:2689:2,0,1,"Dog_Lv15_Pwr0_Itm0_VarNone(17),Run_Lv15_Pwr0_Itm0_VarTie(3),Run_Lv15_Pwr0_Itm0_VarOld(3),Run_Lv15_Pwr0_Itm0_VarBald(3),Run_Lv15_Pwr0_Itm0_VarHoodBlu(3),Run_Lv15_Pwr0_Itm1_VarSci(4),Run_Lv15_Pwr0_Itm0_VarSci2(3),Run_Lv20_Pwr0_Itm2_VarSoldier(5),Run_Lv20_Pwr0_Itm2_VarSoldier2(5),Run_Lv20_Pwr0_Itm2_VarPolice(5),Run_Lv15_Pwr0_Itm0_VarWorker(3),Run_Lv15_Pwr0_Itm0_VarHoodGrn(3),Run_Lv15_Pwr0_Itm0_VarShirt1(3),Run_Lv15_Pwr0_Itm0_VarShirt2(3),Run_Lv15_Pwr0_Itm0_VarShirt3(3),Run_Lv15_Pwr0_Itm0_VarShirt4(3),Run_Lv15_Pwr0_Itm0_VarHoodBlu2(3),Run_Lv20_Pwr0_Itm3_VarMuscle(5),Run_Lv20_Pwr0_Itm3_VarWarboy(5),Run_Lv15_Pwr0_Itm0_VarCitizen1F(3),Run_Lv15_Pwr0_Itm0_VarCitizen2F(3),Run_Lv20_Pwr0_Itm2_VarPoliceF(5),Run_Lv15_Pwr0_Itm0_VarCitizen3F(3),Run_Lv15_Pwr0_Itm0_VarCitizen4F(3),Run_Lv15_Pwr0_Itm0_VarCitizen5F(3)","0,1",1,0,0,15,1000
92,spawn_mission6_front3,-321:2143:-1,385:2689:2,0,1,"Bmb_Lv15_Pwr0_Itm0_VarNone(4),Run_Lv15_Pwr0_Itm0_VarTie(4),Run_Lv15_Pwr0_Itm0_VarOld(4),Run_Lv15_Pwr0_Itm0_VarBald(4),Run_Lv15_Pwr0_Itm0_VarHoodBlu(4),Run_Lv15_Pwr0_Itm1_VarSci(4),Run_Lv15_Pwr0_Itm0_VarSci2(4),Run_Lv20_Pwr0_Itm2_VarSoldier(4),Run_Lv20_Pwr0_Itm2_VarSoldier2(4),Run_Lv20_Pwr0_Itm2_VarPolice(4),Run_Lv15_Pwr0_Itm0_VarWorker(4),Run_Lv15_Pwr0_Itm0_VarHoodGrn(4),Run_Lv15_Pwr0_Itm0_VarShirt1(4),Run_Lv15_Pwr0_Itm0_VarShirt2(4),Run_Lv15_Pwr0_Itm0_VarShirt3(4),Run_Lv15_Pwr0_Itm0_VarShirt4(4),Run_Lv15_Pwr0_Itm0_VarHoodBlu2(4),Run_Lv20_Pwr0_Itm3_VarMuscle(4),Run_Lv20_Pwr0_Itm3_VarWarboy(4),Run_Lv15_Pwr0_Itm0_VarCitizen1F(4),Run_Lv15_Pwr0_Itm0_VarCitizen2F(4),Run_Lv20_Pwr0_Itm2_VarPoliceF(4),Run_Lv15_Pwr0_Itm0_VarCitizen3F(4),Run_Lv15_Pwr0_Itm0_VarCitizen4F(4),Run_Lv15_Pwr0_Itm0_VarCitizen5F(4)","0,1",1,0,0,15,1000
93,spawn_mission6_front4,-321:2143:-1,385:2689:2,0,1,"Bmb_Lv15_Pwr0_Itm0_VarNone(1),Run_Lv15_Pwr0_Itm0_VarTie(4),Run_Lv15_Pwr0_Itm0_VarOld(4),Run_Lv15_Pwr0_Itm0_VarBald(4),Run_Lv15_Pwr0_Itm0_VarHoodBlu(4),Run_Lv15_Pwr0_Itm1_VarSci(4),Run_Lv15_Pwr0_Itm0_VarSci2(4),Run_Lv20_Pwr0_Itm2_VarSoldier(4),Run_Lv20_Pwr0_Itm2_VarSoldier2(4),Run_Lv20_Pwr0_Itm2_VarPolice(4),Run_Lv15_Pwr0_Itm0_VarWorker(4),Run_Lv15_Pwr0_Itm0_VarHoodGrn(4),Run_Lv15_Pwr0_Itm0_VarShirt1(4),Run_Lv15_Pwr0_Itm0_VarShirt2(4),Run_Lv15_Pwr0_Itm0_VarShirt3(4),Run_Lv15_Pwr0_Itm0_VarShirt4(4),Run_Lv15_Pwr0_Itm0_VarHoodBlu2(4),Run_Lv20_Pwr0_Itm3_VarMuscle(5),Run_Lv20_Pwr0_Itm3_VarWarboy(5),Run_Lv15_Pwr0_Itm0_VarCitizen1F(4),Run_Lv15_Pwr0_Itm0_VarCitizen2F(4),Run_Lv20_Pwr0_Itm2_VarPoliceF(5),Run_Lv15_Pwr0_Itm0_VarCitizen3F(4),Run_Lv15_Pwr0_Itm0_VarCitizen4F(4),Run_Lv15_Pwr0_Itm0_VarCitizen5F(4)","0,1",1,0,0,15,1000
94,spawn_mission6_top,-9:-257:367,89:-159:370,0,1,"Bmb_Lv16_Pwr0_Itm0_VarNone(20),Run_Lv16_Pwr0_Itm0_VarTie(3),Run_Lv16_Pwr0_Itm0_VarOld(3),Run_Lv16_Pwr0_Itm0_VarBald(3),Run_Lv16_Pwr0_Itm0_VarHoodBlu(3),Run_Lv16_Pwr0_Itm1_VarSci(3),Run_Lv16_Pwr0_Itm0_VarSci2(3),Run_Lv16_Pwr0_Itm2_VarSoldier(3),Run_Lv16_Pwr0_Itm2_VarSoldier2(3),Run_Lv16_Pwr0_Itm2_VarPolice(3),Run_Lv16_Pwr0_Itm0_VarWorker(4),Run_Lv16_Pwr0_Itm0_VarHoodGrn(4),Run_Lv16_Pwr0_Itm0_VarShirt1(4),Run_Lv16_Pwr0_Itm0_VarShirt2(4),Run_Lv16_Pwr0_Itm0_VarShirt3(4),Run_Lv16_Pwr0_Itm0_VarShirt4(4),Run_Lv16_Pwr0_Itm0_VarHoodBlu2(4),Run_Lv16_Pwr0_Itm3_VarMuscle(4),Run_Lv16_Pwr0_Itm3_VarWarboy(3),Run_Lv16_Pwr0_Itm0_VarCitizen1F(3),Run_Lv16_Pwr0_Itm0_VarCitizen2F(3),Run_Lv16_Pwr0_Itm2_VarPoliceF(3),Run_Lv16_Pwr0_Itm0_VarCitizen3F(3),Run_Lv16_Pwr0_Itm0_VarCitizen4F(3),Run_Lv16_Pwr0_Itm0_VarCitizen5F(3)","0,3",1,0,1,10,1000
95,spawn_mission6_watt,40.2:-211.5:368,66.2:-185.5:371,0,1,WattRun_Lv13_Pwr0_Itm0_VarNone,"1,4",1,0,1,1,1000
96,spawn_mission6_watt_big,-57:2255:0,161:2281:3,0,1,WattRun_Lv13_Pwr0_Itm0_VarNone,"1,4",1,0,0,3,1000
97,teleport_to_mission1,-929:-2267:-66,-607:-1849:-63,0,1,"Wlk_Lv1_Pwr0_Itm0_VarBald(7),Wlk_Lv1_Pwr0_Itm0_VarHoodBlu(7),Wlk_Lv1_Pwr0_Itm0_VarSci(15),Wlk_Lv1_Pwr0_Itm0_VarSci2(15),Wlk_Lv1_Pwr0_Itm0_VarSoldier(7),Wlk_Lv1_Pwr0_Itm0_VarWorker(15),Wlk_Lv1_Pwr0_Itm0_VarHoodGrn(7),Wlk_Lv1_Pwr0_Itm0_VarMuscle(2),Wlk_Lv1_Pwr0_Itm0_VarWarboy(2),Wlk_Lv1_Pwr0_Itm0_VarShirt1(4),Wlk_Lv1_Pwr0_Itm0_VarShirt2(3),Wlk_Lv1_Pwr0_Itm0_VarHoodBlu2(4),Wlk_Lv1_Pwr0_Itm0_VarCitizen1F(3),Wlk_Lv1_Pwr0_Itm0_VarCitizen2F(3),Wlk_Lv1_Pwr0_Itm0_VarCitizen3F(3),Wlk_Lv1_Pwr0_Itm0_VarCitizen5F(3)",0,0,0,0,0,0
98,teleport_to_mission6,-129:-721:63,193:-511:66,0,1,"Wlk_Lv1_Pwr0_Itm0_VarBald(7),Wlk_Lv1_Pwr0_Itm0_VarHoodBlu(7),Wlk_Lv1_Pwr0_Itm0_VarSci(15),Wlk_Lv1_Pwr0_Itm0_VarSci2(15),Wlk_Lv1_Pwr0_Itm0_VarSoldier(7),Wlk_Lv1_Pwr0_Itm0_VarWorker(15),Wlk_Lv1_Pwr0_Itm0_VarHoodGrn(7),Wlk_Lv1_Pwr0_Itm0_VarMuscle(2),Wlk_Lv1_Pwr0_Itm0_VarWarboy(2),Wlk_Lv1_Pwr0_Itm0_VarShirt1(4),Wlk_Lv1_Pwr0_Itm0_VarShirt2(3),Wlk_Lv1_Pwr0_Itm0_VarHoodBlu2(4),Wlk_Lv1_Pwr0_Itm0_VarCitizen1F(3),Wlk_Lv1_Pwr0_Itm0_VarCitizen2F(3),Wlk_Lv1_Pwr0_Itm0_VarCitizen3F(3),Wlk_Lv1_Pwr0_Itm0_VarCitizen5F(3)",0,0,0,0,0,0
99,teleport_to_mission7,-513:2687:-116,-191:2977:-113,0,1,"Wlk_Lv1_Pwr0_Itm0_VarBald(7),Wlk_Lv1_Pwr0_Itm0_VarHoodBlu(7),Wlk_Lv1_Pwr0_Itm0_VarSci(15),Wlk_Lv1_Pwr0_Itm0_VarSci2(15),Wlk_Lv1_Pwr0_Itm0_VarSoldier(7),Wlk_Lv1_Pwr0_Itm0_VarWorker(15),Wlk_Lv1_Pwr0_Itm0_VarHoodGrn(7),Wlk_Lv1_Pwr0_Itm0_VarMuscle(2),Wlk_Lv1_Pwr0_Itm0_VarWarboy(2),Wlk_Lv1_Pwr0_Itm0_VarShirt1(4),Wlk_Lv1_Pwr0_Itm0_VarShirt2(3),Wlk_Lv1_Pwr0_Itm0_VarHoodBlu2(4),Wlk_Lv1_Pwr0_Itm0_VarCitizen1F(3),Wlk_Lv1_Pwr0_Itm0_VarCitizen2F(3),Wlk_Lv1_Pwr0_Itm0_VarCitizen3F(3),Wlk_Lv1_Pwr0_Itm0_VarCitizen5F(3)",0,0,0,0,0,0
101,tesla_birth_minions,159:3151:383,177:3169:356,180,1,"Wlk_Lv20_Pwr1_Itm0_VarMuscle(50),Wlk_Lv20_Pwr1_Itm0_VarWarboy(50)","0,1",1,0,1,1,1000
102,tesla_birth_minions,223:3151:383,241:3169:356,180,1,"Wlk_Lv20_Pwr1_Itm0_VarMuscle(50),Wlk_Lv20_Pwr1_Itm0_VarWarboy(50)","0,1",1,0,1,1,1000
103,tesla_birth_minions,95:3087:383,113:3105:356,180,1,"Wlk_Lv20_Pwr1_Itm0_VarMuscle(50),Wlk_Lv20_Pwr1_Itm0_VarWarboy(50)","0,1",1,0,1,1,1000
104,tesla_birth_minions,159:3087:383,177:3105:356,180,1,"Wlk_Lv20_Pwr1_Itm0_VarMuscle(50),Wlk_Lv20_Pwr1_Itm0_VarWarboy(50)","0,1",1,0,1,1,1000
105,tesla_birth_minions,223:3087:383,241:3105:356,180,1,"Wlk_Lv20_Pwr1_Itm0_VarMuscle(50),Wlk_Lv20_Pwr1_Itm0_VarWarboy(50)","0,1",1,0,1,1,1000
106,tesla_birth_minions,95:3023:383,113:3041:356,180,1,"Wlk_Lv20_Pwr1_Itm0_VarMuscle(50),Wlk_Lv20_Pwr1_Itm0_VarWarboy(50)","0,1",1,0,1,1,1000
107,tesla_birth_minions,159:3023:383,177:3041:356,180,1,"Wlk_Lv20_Pwr1_Itm0_VarMuscle(50),Wlk_Lv20_Pwr1_Itm0_VarWarboy(50)","0,1",1,0,1,1,1000
108,tesla_birth_minions,223:3023:383,241:3041:356,180,1,"Wlk_Lv20_Pwr1_Itm0_VarMuscle(50),Wlk_Lv20_Pwr1_Itm0_VarWarboy(50)","0,1",1,0,1,1,1000
109,tesla_birth_minions,159:2959:383,177:2977:356,180,1,"Wlk_Lv20_Pwr1_Itm0_VarMuscle(50),Wlk_Lv20_Pwr1_Itm0_VarWarboy(50)","0,1",1,0,1,1,1000
110,tesla_birth_minions,223:2959:383,241:2977:356,180,1,"Wlk_Lv20_Pwr1_Itm0_VarMuscle(50),Wlk_Lv20_Pwr1_Itm0_VarWarboy(50)","0,1",1,0,1,1,1000
111,tesla_birth_minions,287:3023:383,305:3041:356,180,1,"Wlk_Lv20_Pwr1_Itm0_VarMuscle(50),Wlk_Lv20_Pwr1_Itm0_VarWarboy(50)","0,1",1,0,1,1,1000
112,tesla_birth_minions,287:3087:383,305:3105:356,180,1,"Wlk_Lv20_Pwr1_Itm0_VarMuscle(50),Wlk_Lv20_Pwr1_Itm0_VarWarboy(50)","0,1",1,0,1,1,1000
121,tesla_birth_minions,159:3151:883,177:3169:856,180,1,"Wlk_Lv20_Pwr1_Itm0_VarMuscle(50),Wlk_Lv20_Pwr1_Itm0_VarWarboy(50)","0,1",1,0,1,1,1000
122,tesla_birth_minions,223:3151:883,241:3169:856,180,1,"Wlk_Lv20_Pwr1_Itm0_VarMuscle(50),Wlk_Lv20_Pwr1_Itm0_VarWarboy(50)","0,1",1,0,1,1,1000
123,tesla_birth_minions,95:3087:883,113:3105:856,180,1,"Wlk_Lv20_Pwr1_Itm0_VarMuscle(50),Wlk_Lv20_Pwr1_Itm0_VarWarboy(50)","0,1",1,0,1,1,1000
124,tesla_birth_minions,159:3087:883,177:3105:856,180,1,"Wlk_Lv20_Pwr1_Itm0_VarMuscle(50),Wlk_Lv20_Pwr1_Itm0_VarWarboy(50)","0,1",1,0,1,1,1000
125,tesla_birth_minions,223:3087:883,241:3105:856,180,1,"Wlk_Lv20_Pwr1_Itm0_VarMuscle(50),Wlk_Lv20_Pwr1_Itm0_VarWarboy(50)","0,1",1,0,1,1,1000
126,tesla_birth_minions,95:3023:883,113:3041:856,180,1,"Wlk_Lv20_Pwr1_Itm0_VarMuscle(50),Wlk_Lv20_Pwr1_Itm0_VarWarboy(50)","0,1",1,0,1,1,1000
127,tesla_birth_minions,159:3023:883,177:3041:856,180,1,"Wlk_Lv20_Pwr1_Itm0_VarMuscle(50),Wlk_Lv20_Pwr1_Itm0_VarWarboy(50)","0,1",1,0,1,1,1000
128,tesla_birth_minions,223:3023:883,241:3041:856,180,1,"Wlk_Lv20_Pwr1_Itm0_VarMuscle(50),Wlk_Lv20_Pwr1_Itm0_VarWarboy(50)","0,1",1,0,1,1,1000
129,tesla_birth_minions,159:2959:883,177:2977:856,180,1,"Wlk_Lv20_Pwr1_Itm0_VarMuscle(50),Wlk_Lv20_Pwr1_Itm0_VarWarboy(50)","0,1",1,0,1,1,1000
130,tesla_birth_minions,223:2959:883,241:2977:856,180,1,"Wlk_Lv20_Pwr1_Itm0_VarMuscle(50),Wlk_Lv20_Pwr1_Itm0_VarWarboy(50)","0,1",1,0,1,1,1000
131,tesla_birth_minions,287:3023:883,305:3041:856,180,1,"Wlk_Lv20_Pwr1_Itm0_VarMuscle(50),Wlk_Lv20_Pwr1_Itm0_VarWarboy(50)","0,1",1,0,1,1,1000
132,tesla_birth_minions,287:3087:883,305:3105:856,180,1,"Wlk_Lv20_Pwr1_Itm0_VarMuscle(50),Wlk_Lv20_Pwr1_Itm0_VarWarboy(50)","0,1",1,0,1,1,1000
201,boss_tunnel,-97:4927:14.2,193:5569:17.2062,0,1,"Bmb_Lv16_Pwr0_Itm0_VarNone(7),Hvy_Lv16_Pwr0_Itm0_VarNone(7),Dog_Lv16_Pwr0_Itm0_VarNone(7),WattRun_Lv16_Pwr0_Itm0_VarNone(7),Run_Lv16_Pwr0_Itm0_VarHoodBlu(3),Run_Lv16_Pwr0_Itm1_VarSci(4),Run_Lv16_Pwr0_Itm0_VarSci2(3),Run_Lv16_Pwr0_Itm2_VarSoldier(4),Run_Lv16_Pwr0_Itm2_VarSoldier2(4),Run_Lv16_Pwr0_Itm2_VarPolice(4),Run_Lv16_Pwr0_Itm0_VarWorker(3),Run_Lv16_Pwr0_Itm0_VarHoodGrn(3),Run_Lv16_Pwr0_Itm0_VarShirt1(3),Run_Lv16_Pwr0_Itm0_VarShirt2(3),Run_Lv16_Pwr0_Itm0_VarShirt3(3),Run_Lv16_Pwr0_Itm0_VarShirt4(3),Run_Lv16_Pwr0_Itm0_VarHoodBlu2(3),Run_Lv16_Pwr0_Itm3_VarMuscle(5),Run_Lv16_Pwr0_Itm3_VarWarboy(5),Run_Lv16_Pwr0_Itm0_VarCitizen1F(3),Run_Lv16_Pwr0_Itm0_VarCitizen2F(3),Run_Lv16_Pwr0_Itm2_VarPoliceF(4),Run_Lv16_Pwr0_Itm0_VarCitizen3F(3),Run_Lv16_Pwr0_Itm0_VarCitizen4F(3),Run_Lv16_Pwr0_Itm0_VarCitizen5F(3)","0,2",1,0,0,20,1000
202,boss_floodgate,-3553:2687:7,-3391:3329:10,0,6,"Bmb_Lv16_Pwr0_Itm0_VarNone(7),Hvy_Lv16_Pwr0_Itm0_VarNone(7),Dog_Lv16_Pwr0_Itm0_VarNone(7),WattRun_Lv16_Pwr0_Itm0_VarNone(7),Run_Lv16_Pwr0_Itm0_VarHoodBlu(3),Run_Lv16_Pwr0_Itm1_VarSci(4),Run_Lv16_Pwr0_Itm0_VarSci2(3),Run_Lv16_Pwr0_Itm2_VarSoldier(4),Run_Lv16_Pwr0_Itm2_VarSoldier2(4),Run_Lv16_Pwr0_Itm2_VarPolice(4),Run_Lv16_Pwr0_Itm0_VarWorker(3),Run_Lv16_Pwr0_Itm0_VarHoodGrn(3),Run_Lv16_Pwr0_Itm0_VarShirt1(3),Run_Lv16_Pwr0_Itm0_VarShirt2(3),Run_Lv16_Pwr0_Itm0_VarShirt3(3),Run_Lv16_Pwr0_Itm0_VarShirt4(3),Run_Lv16_Pwr0_Itm0_VarHoodBlu2(3),Run_Lv16_Pwr0_Itm3_VarMuscle(5),Run_Lv16_Pwr0_Itm3_VarWarboy(5),Run_Lv16_Pwr0_Itm0_VarCitizen1F(3),Run_Lv16_Pwr0_Itm0_VarCitizen2F(3),Run_Lv16_Pwr0_Itm2_VarPoliceF(4),Run_Lv16_Pwr0_Itm0_VarCitizen3F(3),Run_Lv16_Pwr0_Itm0_VarCitizen4F(3),Run_Lv16_Pwr0_Itm0_VarCitizen5F(3)","0,2",0,0,0,0,0
203,boss_floodgate_r,-2913:3967:63,-2111:4097:66,0,5,"Bmb_Lv16_Pwr0_Itm0_VarNone(7),Hvy_Lv16_Pwr0_Itm0_VarNone(7),Dog_Lv16_Pwr0_Itm0_VarNone(7),WattRun_Lv16_Pwr0_Itm0_VarNone(7),Run_Lv16_Pwr0_Itm0_VarHoodBlu(3),Run_Lv16_Pwr0_Itm1_VarSci(4),Run_Lv16_Pwr0_Itm0_VarSci2(3),Run_Lv16_Pwr0_Itm2_VarSoldier(4),Run_Lv16_Pwr0_Itm2_VarSoldier2(4),Run_Lv16_Pwr0_Itm2_VarPolice(4),Run_Lv16_Pwr0_Itm0_VarWorker(3),Run_Lv16_Pwr0_Itm0_VarHoodGrn(3),Run_Lv16_Pwr0_Itm0_VarShirt1(3),Run_Lv16_Pwr0_Itm0_VarShirt2(3),Run_Lv16_Pwr0_Itm0_VarShirt3(3),Run_Lv16_Pwr0_Itm0_VarShirt4(3),Run_Lv16_Pwr0_Itm0_VarHoodBlu2(3),Run_Lv16_Pwr0_Itm3_VarMuscle(5),Run_Lv16_Pwr0_Itm3_VarWarboy(5),Run_Lv16_Pwr0_Itm0_VarCitizen1F(3),Run_Lv16_Pwr0_Itm0_VarCitizen2F(3),Run_Lv16_Pwr0_Itm2_VarPoliceF(4),Run_Lv16_Pwr0_Itm0_VarCitizen3F(3),Run_Lv16_Pwr0_Itm0_VarCitizen4F(3),Run_Lv16_Pwr0_Itm0_VarCitizen5F(3)","0,2",0,0,0,0,0
204,boss_sky,-97:3295:3564.6,289:3489:3567.6,0,1,"Bmb_Lv16_Pwr0_Itm0_VarNone(7),Hvy_Lv16_Pwr0_Itm0_VarNone(7),Dog_Lv16_Pwr0_Itm0_VarNone(7),WattRun_Lv16_Pwr0_Itm0_VarNone(7),Run_Lv16_Pwr0_Itm0_VarHoodBlu(3),Run_Lv16_Pwr0_Itm1_VarSci(4),Run_Lv16_Pwr0_Itm0_VarSci2(3),Run_Lv16_Pwr0_Itm2_VarSoldier(4),Run_Lv16_Pwr0_Itm2_VarSoldier2(4),Run_Lv16_Pwr0_Itm2_VarPolice(4),Run_Lv16_Pwr0_Itm0_VarWorker(3),Run_Lv16_Pwr0_Itm0_VarHoodGrn(3),Run_Lv16_Pwr0_Itm0_VarShirt1(3),Run_Lv16_Pwr0_Itm0_VarShirt2(3),Run_Lv16_Pwr0_Itm0_VarShirt3(3),Run_Lv16_Pwr0_Itm0_VarShirt4(3),Run_Lv16_Pwr0_Itm0_VarHoodBlu2(3),Run_Lv16_Pwr0_Itm3_VarMuscle(5),Run_Lv16_Pwr0_Itm3_VarWarboy(5),Run_Lv16_Pwr0_Itm0_VarCitizen1F(3),Run_Lv16_Pwr0_Itm0_VarCitizen2F(3),Run_Lv16_Pwr0_Itm2_VarPoliceF(4),Run_Lv16_Pwr0_Itm0_VarCitizen3F(3),Run_Lv16_Pwr0_Itm0_VarCitizen4F(3),Run_Lv16_Pwr0_Itm0_VarCitizen5F(3)","0,2",0,0,0,0,0
205,boss_sky,-97:2591:3564.6,289:2785:3567.6,0,1,"Bmb_Lv16_Pwr0_Itm0_VarNone(7),Hvy_Lv16_Pwr0_Itm0_VarNone(7),Dog_Lv16_Pwr0_Itm0_VarNone(7),WattRun_Lv16_Pwr0_Itm0_VarNone(7),Run_Lv16_Pwr0_Itm0_VarHoodBlu(3),Run_Lv16_Pwr0_Itm1_VarSci(4),Run_Lv16_Pwr0_Itm0_VarSci2(3),Run_Lv16_Pwr0_Itm2_VarSoldier(4),Run_Lv16_Pwr0_Itm2_VarSoldier2(4),Run_Lv16_Pwr0_Itm2_VarPolice(4),Run_Lv16_Pwr0_Itm0_VarWorker(3),Run_Lv16_Pwr0_Itm0_VarHoodGrn(3),Run_Lv16_Pwr0_Itm0_VarShirt1(3),Run_Lv16_Pwr0_Itm0_VarShirt2(3),Run_Lv16_Pwr0_Itm0_VarShirt3(3),Run_Lv16_Pwr0_Itm0_VarShirt4(3),Run_Lv16_Pwr0_Itm0_VarHoodBlu2(3),Run_Lv16_Pwr0_Itm3_VarMuscle(5),Run_Lv16_Pwr0_Itm3_VarWarboy(5),Run_Lv16_Pwr0_Itm0_VarCitizen1F(3),Run_Lv16_Pwr0_Itm0_VarCitizen2F(3),Run_Lv16_Pwr0_Itm2_VarPoliceF(4),Run_Lv16_Pwr0_Itm0_VarCitizen3F(3),Run_Lv16_Pwr0_Itm0_VarCitizen4F(3),Run_Lv16_Pwr0_Itm0_VarCitizen5F(3)","0,2",0,0,0,0,0
206,boss_floodgate_l,-2977:1919:63,-2175:2049:66,0,4,"Bmb_Lv16_Pwr0_Itm0_VarNone(7),Hvy_Lv16_Pwr0_Itm0_VarNone(7),Dog_Lv16_Pwr0_Itm0_VarNone(7),WattRun_Lv16_Pwr0_Itm0_VarNone(7),Run_Lv16_Pwr0_Itm0_VarHoodBlu(3),Run_Lv16_Pwr0_Itm1_VarSci(4),Run_Lv16_Pwr0_Itm0_VarSci2(3),Run_Lv16_Pwr0_Itm2_VarSoldier(4),Run_Lv16_Pwr0_Itm2_VarSoldier2(4),Run_Lv16_Pwr0_Itm2_VarPolice(4),Run_Lv16_Pwr0_Itm0_VarWorker(3),Run_Lv16_Pwr0_Itm0_VarHoodGrn(3),Run_Lv16_Pwr0_Itm0_VarShirt1(3),Run_Lv16_Pwr0_Itm0_VarShirt2(3),Run_Lv16_Pwr0_Itm0_VarShirt3(3),Run_Lv16_Pwr0_Itm0_VarShirt4(3),Run_Lv16_Pwr0_Itm0_VarHoodBlu2(3),Run_Lv16_Pwr0_Itm3_VarMuscle(5),Run_Lv16_Pwr0_Itm3_VarWarboy(5),Run_Lv16_Pwr0_Itm0_VarCitizen1F(3),Run_Lv16_Pwr0_Itm0_VarCitizen2F(3),Run_Lv16_Pwr0_Itm2_VarPoliceF(4),Run_Lv16_Pwr0_Itm0_VarCitizen3F(3),Run_Lv16_Pwr0_Itm0_VarCitizen4F(3),Run_Lv16_Pwr0_Itm0_VarCitizen5F(3)","0,2",0,0,0,0,0
207,DONOTUSE,1439:2879:511,1537:3201:514,0,1,"Bmb_Lv16_Pwr0_Itm0_VarNone(7),Hvy_Lv16_Pwr0_Itm0_VarNone(7),Dog_Lv16_Pwr0_Itm0_VarNone(7),WattRun_Lv16_Pwr0_Itm0_VarNone(7),Run_Lv16_Pwr0_Itm0_VarHoodBlu(3),Run_Lv16_Pwr0_Itm1_VarSci(4),Run_Lv16_Pwr0_Itm0_VarSci2(3),Run_Lv16_Pwr0_Itm2_VarSoldier(4),Run_Lv16_Pwr0_Itm2_VarSoldier2(4),Run_Lv16_Pwr0_Itm2_VarPolice(4),Run_Lv16_Pwr0_Itm0_VarWorker(3),Run_Lv16_Pwr0_Itm0_VarHoodGrn(3),Run_Lv16_Pwr0_Itm0_VarShirt1(3),Run_Lv16_Pwr0_Itm0_VarShirt2(3),Run_Lv16_Pwr0_Itm0_VarShirt3(3),Run_Lv16_Pwr0_Itm0_VarShirt4(3),Run_Lv16_Pwr0_Itm0_VarHoodBlu2(3),Run_Lv16_Pwr0_Itm3_VarMuscle(5),Run_Lv16_Pwr0_Itm3_VarWarboy(5),Run_Lv16_Pwr0_Itm0_VarCitizen1F(3),Run_Lv16_Pwr0_Itm0_VarCitizen2F(3),Run_Lv16_Pwr0_Itm2_VarPoliceF(4),Run_Lv16_Pwr0_Itm0_VarCitizen3F(3),Run_Lv16_Pwr0_Itm0_VarCitizen4F(3),Run_Lv16_Pwr0_Itm0_VarCitizen5F(3)","0,2",0,0,0,0,0
208,boss_container,703:3327:-37,977:3617:-34,0,1,"Wlk_Lv17_Pwr0_Itm0_VarTie(3),Wlk_Lv17_Pwr0_Itm0_VarOld(3),Wlk_Lv17_Pwr0_Itm0_VarBald(3),Wlk_Lv17_Pwr0_Itm0_VarHoodBlu(3),Wlk_Lv17_Pwr0_Itm1_VarSci(3),Wlk_Lv17_Pwr0_Itm0_VarSci2(3),Wlk_Lv17_Pwr0_Itm2_VarSoldier(17),Wlk_Lv17_Pwr0_Itm2_VarSoldier2(17),Wlk_Lv17_Pwr0_Itm2_VarPolice(3),Wlk_Lv17_Pwr0_Itm0_VarWorker(3),Wlk_Lv17_Pwr0_Itm0_VarHoodGrn(3),Wlk_Lv17_Pwr0_Itm0_VarShirt1(3),Wlk_Lv17_Pwr0_Itm0_VarShirt2(3),Wlk_Lv17_Pwr0_Itm0_VarShirt3(3),Wlk_Lv17_Pwr0_Itm0_VarShirt4(3),Wlk_Lv17_Pwr0_Itm0_VarHoodBlu2(3),Wlk_Lv17_Pwr0_Itm0_VarMuscle(3),Wlk_Lv17_Pwr0_Itm0_VarWarboy(3),Wlk_Lv17_Pwr0_Itm0_VarCitizen1F(3),Wlk_Lv17_Pwr0_Itm0_VarCitizen2F(3),Wlk_Lv17_Pwr0_Itm2_VarPoliceF(3),Wlk_Lv17_Pwr0_Itm0_VarCitizen3F(3),Wlk_Lv17_Pwr0_Itm0_VarCitizen4F(3),Wlk_Lv17_Pwr0_Itm0_VarCitizen5F(3)","0,2",1,0,0,10,1000
209,boss_container2,735:2911:-5,961:3089:-2,0,1,"Wlk_Lv17_Pwr0_Itm0_VarTie(3),Wlk_Lv17_Pwr0_Itm0_VarOld(3),Wlk_Lv17_Pwr0_Itm0_VarBald(3),Wlk_Lv17_Pwr0_Itm0_VarHoodBlu(3),Wlk_Lv17_Pwr0_Itm1_VarSci(3),Wlk_Lv17_Pwr0_Itm0_VarSci2(3),Wlk_Lv17_Pwr0_Itm2_VarSoldier(17),Wlk_Lv17_Pwr0_Itm2_VarSoldier2(17),Wlk_Lv17_Pwr0_Itm2_VarPolice(3),Wlk_Lv17_Pwr0_Itm0_VarWorker(3),Wlk_Lv17_Pwr0_Itm0_VarHoodGrn(3),Wlk_Lv17_Pwr0_Itm0_VarShirt1(3),Wlk_Lv17_Pwr0_Itm0_VarShirt2(3),Wlk_Lv17_Pwr0_Itm0_VarShirt3(3),Wlk_Lv17_Pwr0_Itm0_VarShirt4(3),Wlk_Lv17_Pwr0_Itm0_VarHoodBlu2(3),Wlk_Lv17_Pwr0_Itm0_VarMuscle(3),Wlk_Lv17_Pwr0_Itm0_VarWarboy(3),Wlk_Lv17_Pwr0_Itm0_VarCitizen1F(3),Wlk_Lv17_Pwr0_Itm0_VarCitizen2F(3),Wlk_Lv17_Pwr0_Itm2_VarPoliceF(3),Wlk_Lv17_Pwr0_Itm0_VarCitizen3F(3),Wlk_Lv17_Pwr0_Itm0_VarCitizen4F(3),Wlk_Lv17_Pwr0_Itm0_VarCitizen5F(3)","0,2",1,0,0,10,1000
211,boss_tunnel,-97:4927:14.2,193:5569:17.2062,0,1,"Bmb_Lv19_Pwr0_Itm0_VarNone(34),Hvy_Lv19_Pwr0_Itm0_VarNone(8),Dog_Lv19_Pwr0_Itm0_VarNone(8),WattRun_Lv19_Pwr0_Itm0_VarNone(8),Run_Lv19_Pwr0_Itm0_VarHoodBlu(2),Run_Lv19_Pwr0_Itm1_VarSci(2),Run_Lv19_Pwr0_Itm0_VarSci2(2),Run_Lv19_Pwr0_Itm2_VarSoldier(2),Run_Lv19_Pwr0_Itm2_VarSoldier2(2),Run_Lv19_Pwr0_Itm2_VarPolice(2),Run_Lv19_Pwr0_Itm0_VarWorker(2),Run_Lv19_Pwr0_Itm0_VarHoodGrn(2),Run_Lv19_Pwr0_Itm0_VarShirt1(2),Run_Lv19_Pwr0_Itm0_VarShirt2(2),Run_Lv19_Pwr0_Itm0_VarShirt3(2),Run_Lv19_Pwr0_Itm0_VarShirt4(2),Run_Lv19_Pwr0_Itm0_VarHoodBlu2(2),Run_Lv19_Pwr0_Itm3_VarMuscle(2),Run_Lv19_Pwr0_Itm3_VarWarboy(2),Run_Lv19_Pwr0_Itm0_VarCitizen1F(2),Run_Lv19_Pwr0_Itm0_VarCitizen2F(2),Run_Lv19_Pwr0_Itm2_VarPoliceF(2),Run_Lv19_Pwr0_Itm0_VarCitizen3F(2),Run_Lv19_Pwr0_Itm0_VarCitizen4F(2),Run_Lv19_Pwr0_Itm0_VarCitizen5F(2)","0,4",1,0,0,6,1000
212,boss_floodgate,-3553:2687:7,-3391:3329:10,0,6,"Bmb_Lv19_Pwr0_Itm0_VarNone(34),Hvy_Lv19_Pwr0_Itm0_VarNone(8),Dog_Lv19_Pwr0_Itm0_VarNone(8),WattRun_Lv19_Pwr0_Itm0_VarNone(8),Run_Lv19_Pwr0_Itm0_VarHoodBlu(2),Run_Lv19_Pwr0_Itm1_VarSci(2),Run_Lv19_Pwr0_Itm0_VarSci2(2),Run_Lv19_Pwr0_Itm2_VarSoldier(2),Run_Lv19_Pwr0_Itm2_VarSoldier2(2),Run_Lv19_Pwr0_Itm2_VarPolice(2),Run_Lv19_Pwr0_Itm0_VarWorker(2),Run_Lv19_Pwr0_Itm0_VarHoodGrn(2),Run_Lv19_Pwr0_Itm0_VarShirt1(2),Run_Lv19_Pwr0_Itm0_VarShirt2(2),Run_Lv19_Pwr0_Itm0_VarShirt3(2),Run_Lv19_Pwr0_Itm0_VarShirt4(2),Run_Lv19_Pwr0_Itm0_VarHoodBlu2(2),Run_Lv19_Pwr0_Itm3_VarMuscle(2),Run_Lv19_Pwr0_Itm3_VarWarboy(2),Run_Lv19_Pwr0_Itm0_VarCitizen1F(2),Run_Lv19_Pwr0_Itm0_VarCitizen2F(2),Run_Lv19_Pwr0_Itm2_VarPoliceF(2),Run_Lv19_Pwr0_Itm0_VarCitizen3F(2),Run_Lv19_Pwr0_Itm0_VarCitizen4F(2),Run_Lv19_Pwr0_Itm0_VarCitizen5F(2)","0,4",0,0,0,0,0
213,boss_floodgate_r,-2913:3967:63,-2111:4097:66,0,5,"Bmb_Lv19_Pwr0_Itm0_VarNone(34),Hvy_Lv19_Pwr0_Itm0_VarNone(8),Dog_Lv19_Pwr0_Itm0_VarNone(8),WattRun_Lv19_Pwr0_Itm0_VarNone(8),Run_Lv19_Pwr0_Itm0_VarHoodBlu(2),Run_Lv19_Pwr0_Itm1_VarSci(2),Run_Lv19_Pwr0_Itm0_VarSci2(2),Run_Lv19_Pwr0_Itm2_VarSoldier(2),Run_Lv19_Pwr0_Itm2_VarSoldier2(2),Run_Lv19_Pwr0_Itm2_VarPolice(2),Run_Lv19_Pwr0_Itm0_VarWorker(2),Run_Lv19_Pwr0_Itm0_VarHoodGrn(2),Run_Lv19_Pwr0_Itm0_VarShirt1(2),Run_Lv19_Pwr0_Itm0_VarShirt2(2),Run_Lv19_Pwr0_Itm0_VarShirt3(2),Run_Lv19_Pwr0_Itm0_VarShirt4(2),Run_Lv19_Pwr0_Itm0_VarHoodBlu2(2),Run_Lv19_Pwr0_Itm3_VarMuscle(2),Run_Lv19_Pwr0_Itm3_VarWarboy(2),Run_Lv19_Pwr0_Itm0_VarCitizen1F(2),Run_Lv19_Pwr0_Itm0_VarCitizen2F(2),Run_Lv19_Pwr0_Itm2_VarPoliceF(2),Run_Lv19_Pwr0_Itm0_VarCitizen3F(2),Run_Lv19_Pwr0_Itm0_VarCitizen4F(2),Run_Lv19_Pwr0_Itm0_VarCitizen5F(2)","0,4",0,0,0,0,0
214,boss_sky,-97:3295:3564.6,289:3489:3567.6,0,1,"Bmb_Lv19_Pwr0_Itm0_VarNone(34),Hvy_Lv19_Pwr0_Itm0_VarNone(8),Dog_Lv19_Pwr0_Itm0_VarNone(8),WattRun_Lv19_Pwr0_Itm0_VarNone(8),Run_Lv19_Pwr0_Itm0_VarHoodBlu(2),Run_Lv19_Pwr0_Itm1_VarSci(2),Run_Lv19_Pwr0_Itm0_VarSci2(2),Run_Lv19_Pwr0_Itm2_VarSoldier(2),Run_Lv19_Pwr0_Itm2_VarSoldier2(2),Run_Lv19_Pwr0_Itm2_VarPolice(2),Run_Lv19_Pwr0_Itm0_VarWorker(2),Run_Lv19_Pwr0_Itm0_VarHoodGrn(2),Run_Lv19_Pwr0_Itm0_VarShirt1(2),Run_Lv19_Pwr0_Itm0_VarShirt2(2),Run_Lv19_Pwr0_Itm0_VarShirt3(2),Run_Lv19_Pwr0_Itm0_VarShirt4(2),Run_Lv19_Pwr0_Itm0_VarHoodBlu2(2),Run_Lv19_Pwr0_Itm3_VarMuscle(2),Run_Lv19_Pwr0_Itm3_VarWarboy(2),Run_Lv19_Pwr0_Itm0_VarCitizen1F(2),Run_Lv19_Pwr0_Itm0_VarCitizen2F(2),Run_Lv19_Pwr0_Itm2_VarPoliceF(2),Run_Lv19_Pwr0_Itm0_VarCitizen3F(2),Run_Lv19_Pwr0_Itm0_VarCitizen4F(2),Run_Lv19_Pwr0_Itm0_VarCitizen5F(2)","0,4",0,0,0,0,0
215,boss_sky,-97:2591:3564.6,289:2785:3567.6,0,1,"Bmb_Lv19_Pwr0_Itm0_VarNone(34),Hvy_Lv19_Pwr0_Itm0_VarNone(8),Dog_Lv19_Pwr0_Itm0_VarNone(8),WattRun_Lv19_Pwr0_Itm0_VarNone(8),Run_Lv19_Pwr0_Itm0_VarHoodBlu(2),Run_Lv19_Pwr0_Itm1_VarSci(2),Run_Lv19_Pwr0_Itm0_VarSci2(2),Run_Lv19_Pwr0_Itm2_VarSoldier(2),Run_Lv19_Pwr0_Itm2_VarSoldier2(2),Run_Lv19_Pwr0_Itm2_VarPolice(2),Run_Lv19_Pwr0_Itm0_VarWorker(2),Run_Lv19_Pwr0_Itm0_VarHoodGrn(2),Run_Lv19_Pwr0_Itm0_VarShirt1(2),Run_Lv19_Pwr0_Itm0_VarShirt2(2),Run_Lv19_Pwr0_Itm0_VarShirt3(2),Run_Lv19_Pwr0_Itm0_VarShirt4(2),Run_Lv19_Pwr0_Itm0_VarHoodBlu2(2),Run_Lv19_Pwr0_Itm3_VarMuscle(2),Run_Lv19_Pwr0_Itm3_VarWarboy(2),Run_Lv19_Pwr0_Itm0_VarCitizen1F(2),Run_Lv19_Pwr0_Itm0_VarCitizen2F(2),Run_Lv19_Pwr0_Itm2_VarPoliceF(2),Run_Lv19_Pwr0_Itm0_VarCitizen3F(2),Run_Lv19_Pwr0_Itm0_VarCitizen4F(2),Run_Lv19_Pwr0_Itm0_VarCitizen5F(2)","0,4",0,0,0,0,0
216,boss_floodgate_l,-2977:1919:63,-2175:2049:66,0,4,"Bmb_Lv19_Pwr0_Itm0_VarNone(34),Hvy_Lv19_Pwr0_Itm0_VarNone(8),Dog_Lv19_Pwr0_Itm0_VarNone(8),WattRun_Lv19_Pwr0_Itm0_VarNone(8),Run_Lv19_Pwr0_Itm0_VarHoodBlu(2),Run_Lv19_Pwr0_Itm1_VarSci(2),Run_Lv19_Pwr0_Itm0_VarSci2(2),Run_Lv19_Pwr0_Itm2_VarSoldier(2),Run_Lv19_Pwr0_Itm2_VarSoldier2(2),Run_Lv19_Pwr0_Itm2_VarPolice(2),Run_Lv19_Pwr0_Itm0_VarWorker(2),Run_Lv19_Pwr0_Itm0_VarHoodGrn(2),Run_Lv19_Pwr0_Itm0_VarShirt1(2),Run_Lv19_Pwr0_Itm0_VarShirt2(2),Run_Lv19_Pwr0_Itm0_VarShirt3(2),Run_Lv19_Pwr0_Itm0_VarShirt4(2),Run_Lv19_Pwr0_Itm0_VarHoodBlu2(2),Run_Lv19_Pwr0_Itm3_VarMuscle(2),Run_Lv19_Pwr0_Itm3_VarWarboy(2),Run_Lv19_Pwr0_Itm0_VarCitizen1F(2),Run_Lv19_Pwr0_Itm0_VarCitizen2F(2),Run_Lv19_Pwr0_Itm2_VarPoliceF(2),Run_Lv19_Pwr0_Itm0_VarCitizen3F(2),Run_Lv19_Pwr0_Itm0_VarCitizen4F(2),Run_Lv19_Pwr0_Itm0_VarCitizen5F(2)","0,4",0,0,0,0,0
217,DONOTUSE,1439:2879:511,1537:3201:514,0,1,"Bmb_Lv19_Pwr0_Itm0_VarNone(34),Hvy_Lv19_Pwr0_Itm0_VarNone(8),Dog_Lv19_Pwr0_Itm0_VarNone(8),WattRun_Lv19_Pwr0_Itm0_VarNone(8),Run_Lv19_Pwr0_Itm0_VarHoodBlu(2),Run_Lv19_Pwr0_Itm1_VarSci(2),Run_Lv19_Pwr0_Itm0_VarSci2(2),Run_Lv19_Pwr0_Itm2_VarSoldier(2),Run_Lv19_Pwr0_Itm2_VarSoldier2(2),Run_Lv19_Pwr0_Itm2_VarPolice(2),Run_Lv19_Pwr0_Itm0_VarWorker(2),Run_Lv19_Pwr0_Itm0_VarHoodGrn(2),Run_Lv19_Pwr0_Itm0_VarShirt1(2),Run_Lv19_Pwr0_Itm0_VarShirt2(2),Run_Lv19_Pwr0_Itm0_VarShirt3(2),Run_Lv19_Pwr0_Itm0_VarShirt4(2),Run_Lv19_Pwr0_Itm0_VarHoodBlu2(2),Run_Lv19_Pwr0_Itm3_VarMuscle(2),Run_Lv19_Pwr0_Itm3_VarWarboy(2),Run_Lv19_Pwr0_Itm0_VarCitizen1F(2),Run_Lv19_Pwr0_Itm0_VarCitizen2F(2),Run_Lv19_Pwr0_Itm2_VarPoliceF(2),Run_Lv19_Pwr0_Itm0_VarCitizen3F(2),Run_Lv19_Pwr0_Itm0_VarCitizen4F(2),Run_Lv19_Pwr0_Itm0_VarCitizen5F(2)","0,4",0,0,0,0,0
218,boss_container,703:3327:-37,977:3617:-34,0,1,"Bmb_Lv19_Pwr0_Itm0_VarNone(34),Dog_Lv19_Pwr0_Itm0_VarNone(8),WattRun_Lv19_Pwr0_Itm0_VarNone(8),Run_Lv19_Pwr0_Itm0_VarHoodBlu(2),Run_Lv19_Pwr0_Itm1_VarSci(2),Run_Lv19_Pwr0_Itm0_VarSci2(2),Run_Lv19_Pwr0_Itm2_VarSoldier(2),Run_Lv19_Pwr0_Itm2_VarSoldier2(2),Run_Lv19_Pwr0_Itm2_VarPolice(2),Run_Lv19_Pwr0_Itm0_VarWorker(2),Run_Lv19_Pwr0_Itm0_VarHoodGrn(2),Run_Lv19_Pwr0_Itm0_VarShirt1(2),Run_Lv19_Pwr0_Itm0_VarShirt2(2),Run_Lv19_Pwr0_Itm0_VarShirt3(2),Run_Lv19_Pwr0_Itm0_VarShirt4(2),Run_Lv19_Pwr0_Itm0_VarHoodBlu2(2),Run_Lv19_Pwr0_Itm3_VarMuscle(2),Run_Lv19_Pwr0_Itm3_VarWarboy(2),Run_Lv19_Pwr0_Itm0_VarCitizen1F(10),Run_Lv19_Pwr0_Itm0_VarCitizen2F(2),Run_Lv19_Pwr0_Itm2_VarPoliceF(2),Run_Lv19_Pwr0_Itm0_VarCitizen3F(2),Run_Lv19_Pwr0_Itm0_VarCitizen4F(2),Run_Lv19_Pwr0_Itm0_VarCitizen5F(2)","0,4",1,0,0,6,1000
219,boss_container2,735:2911:-5,961:3089:-2,0,1,"Bmb_Lv19_Pwr0_Itm0_VarNone(34),Dog_Lv19_Pwr0_Itm0_VarNone(8),WattRun_Lv19_Pwr0_Itm0_VarNone(8),Run_Lv19_Pwr0_Itm0_VarHoodBlu(2),Run_Lv19_Pwr0_Itm1_VarSci(2),Run_Lv19_Pwr0_Itm0_VarSci2(2),Run_Lv19_Pwr0_Itm2_VarSoldier(2),Run_Lv19_Pwr0_Itm2_VarSoldier2(2),Run_Lv19_Pwr0_Itm2_VarPolice(2),Run_Lv19_Pwr0_Itm0_VarWorker(2),Run_Lv19_Pwr0_Itm0_VarHoodGrn(2),Run_Lv19_Pwr0_Itm0_VarShirt1(2),Run_Lv19_Pwr0_Itm0_VarShirt2(2),Run_Lv19_Pwr0_Itm0_VarShirt3(2),Run_Lv19_Pwr0_Itm0_VarShirt4(2),Run_Lv19_Pwr0_Itm0_VarHoodBlu2(2),Run_Lv19_Pwr0_Itm3_VarMuscle(2),Run_Lv19_Pwr0_Itm3_VarWarboy(2),Run_Lv19_Pwr0_Itm0_VarCitizen1F(10),Run_Lv19_Pwr0_Itm0_VarCitizen2F(2),Run_Lv19_Pwr0_Itm2_VarPoliceF(2),Run_Lv19_Pwr0_Itm0_VarCitizen3F(2),Run_Lv19_Pwr0_Itm0_VarCitizen4F(2),Run_Lv19_Pwr0_Itm0_VarCitizen5F(2)","0,4",1,0,0,6,1000
221,boss_tunnel,-97:4927:14.2,193:5569:17.2062,0,1,"Bmb_Lv19_Pwr0_Itm0_VarNone(8),Hvy_Lv19_Pwr0_Itm0_VarNone(34),Dog_Lv19_Pwr0_Itm0_VarNone(8),WattRun_Lv19_Pwr0_Itm0_VarNone(8),Run_Lv19_Pwr0_Itm0_VarHoodBlu(2),Run_Lv19_Pwr0_Itm1_VarSci(2),Run_Lv19_Pwr0_Itm0_VarSci2(2),Run_Lv19_Pwr0_Itm2_VarSoldier(2),Run_Lv19_Pwr0_Itm2_VarSoldier2(2),Run_Lv19_Pwr0_Itm2_VarPolice(2),Run_Lv19_Pwr0_Itm0_VarWorker(2),Run_Lv19_Pwr0_Itm0_VarHoodGrn(2),Run_Lv19_Pwr0_Itm0_VarShirt1(2),Run_Lv19_Pwr0_Itm0_VarShirt2(2),Run_Lv19_Pwr0_Itm0_VarShirt3(2),Run_Lv19_Pwr0_Itm0_VarShirt4(2),Run_Lv19_Pwr0_Itm0_VarHoodBlu2(2),Run_Lv19_Pwr0_Itm3_VarMuscle(2),Run_Lv19_Pwr0_Itm3_VarWarboy(2),Run_Lv19_Pwr0_Itm0_VarCitizen1F(2),Run_Lv19_Pwr0_Itm0_VarCitizen2F(2),Run_Lv19_Pwr0_Itm2_VarPoliceF(2),Run_Lv19_Pwr0_Itm0_VarCitizen3F(2),Run_Lv19_Pwr0_Itm0_VarCitizen4F(2),Run_Lv19_Pwr0_Itm0_VarCitizen5F(2)","0,4",1,0,0,6,1000
222,boss_floodgate,-3553:2687:7,-3391:3329:10,0,6,"Bmb_Lv19_Pwr0_Itm0_VarNone(8),Hvy_Lv19_Pwr0_Itm0_VarNone(34),Dog_Lv19_Pwr0_Itm0_VarNone(8),WattRun_Lv19_Pwr0_Itm0_VarNone(8),Run_Lv19_Pwr0_Itm0_VarHoodBlu(2),Run_Lv19_Pwr0_Itm1_VarSci(2),Run_Lv19_Pwr0_Itm0_VarSci2(2),Run_Lv19_Pwr0_Itm2_VarSoldier(2),Run_Lv19_Pwr0_Itm2_VarSoldier2(2),Run_Lv19_Pwr0_Itm2_VarPolice(2),Run_Lv19_Pwr0_Itm0_VarWorker(2),Run_Lv19_Pwr0_Itm0_VarHoodGrn(2),Run_Lv19_Pwr0_Itm0_VarShirt1(2),Run_Lv19_Pwr0_Itm0_VarShirt2(2),Run_Lv19_Pwr0_Itm0_VarShirt3(2),Run_Lv19_Pwr0_Itm0_VarShirt4(2),Run_Lv19_Pwr0_Itm0_VarHoodBlu2(2),Run_Lv19_Pwr0_Itm3_VarMuscle(2),Run_Lv19_Pwr0_Itm3_VarWarboy(2),Run_Lv19_Pwr0_Itm0_VarCitizen1F(2),Run_Lv19_Pwr0_Itm0_VarCitizen2F(2),Run_Lv19_Pwr0_Itm2_VarPoliceF(2),Run_Lv19_Pwr0_Itm0_VarCitizen3F(2),Run_Lv19_Pwr0_Itm0_VarCitizen4F(2),Run_Lv19_Pwr0_Itm0_VarCitizen5F(2)","0,4",0,0,0,0,0
223,boss_floodgate_r,-2913:3967:63,-2111:4097:66,0,5,"Bmb_Lv19_Pwr0_Itm0_VarNone(8),Hvy_Lv19_Pwr0_Itm0_VarNone(34),Dog_Lv19_Pwr0_Itm0_VarNone(8),WattRun_Lv19_Pwr0_Itm0_VarNone(8),Run_Lv19_Pwr0_Itm0_VarHoodBlu(2),Run_Lv19_Pwr0_Itm1_VarSci(2),Run_Lv19_Pwr0_Itm0_VarSci2(2),Run_Lv19_Pwr0_Itm2_VarSoldier(2),Run_Lv19_Pwr0_Itm2_VarSoldier2(2),Run_Lv19_Pwr0_Itm2_VarPolice(2),Run_Lv19_Pwr0_Itm0_VarWorker(2),Run_Lv19_Pwr0_Itm0_VarHoodGrn(2),Run_Lv19_Pwr0_Itm0_VarShirt1(2),Run_Lv19_Pwr0_Itm0_VarShirt2(2),Run_Lv19_Pwr0_Itm0_VarShirt3(2),Run_Lv19_Pwr0_Itm0_VarShirt4(2),Run_Lv19_Pwr0_Itm0_VarHoodBlu2(2),Run_Lv19_Pwr0_Itm3_VarMuscle(2),Run_Lv19_Pwr0_Itm3_VarWarboy(2),Run_Lv19_Pwr0_Itm0_VarCitizen1F(2),Run_Lv19_Pwr0_Itm0_VarCitizen2F(2),Run_Lv19_Pwr0_Itm2_VarPoliceF(2),Run_Lv19_Pwr0_Itm0_VarCitizen3F(2),Run_Lv19_Pwr0_Itm0_VarCitizen4F(2),Run_Lv19_Pwr0_Itm0_VarCitizen5F(2)","0,4",0,0,0,0,0
224,boss_sky,-97:3295:3564.6,289:3489:3567.6,0,1,"Bmb_Lv19_Pwr0_Itm0_VarNone(8),Hvy_Lv19_Pwr0_Itm0_VarNone(34),Dog_Lv19_Pwr0_Itm0_VarNone(8),WattRun_Lv19_Pwr0_Itm0_VarNone(8),Run_Lv19_Pwr0_Itm0_VarHoodBlu(2),Run_Lv19_Pwr0_Itm1_VarSci(2),Run_Lv19_Pwr0_Itm0_VarSci2(2),Run_Lv19_Pwr0_Itm2_VarSoldier(2),Run_Lv19_Pwr0_Itm2_VarSoldier2(2),Run_Lv19_Pwr0_Itm2_VarPolice(2),Run_Lv19_Pwr0_Itm0_VarWorker(2),Run_Lv19_Pwr0_Itm0_VarHoodGrn(2),Run_Lv19_Pwr0_Itm0_VarShirt1(2),Run_Lv19_Pwr0_Itm0_VarShirt2(2),Run_Lv19_Pwr0_Itm0_VarShirt3(2),Run_Lv19_Pwr0_Itm0_VarShirt4(2),Run_Lv19_Pwr0_Itm0_VarHoodBlu2(2),Run_Lv19_Pwr0_Itm3_VarMuscle(2),Run_Lv19_Pwr0_Itm3_VarWarboy(2),Run_Lv19_Pwr0_Itm0_VarCitizen1F(2),Run_Lv19_Pwr0_Itm0_VarCitizen2F(2),Run_Lv19_Pwr0_Itm2_VarPoliceF(2),Run_Lv19_Pwr0_Itm0_VarCitizen3F(2),Run_Lv19_Pwr0_Itm0_VarCitizen4F(2),Run_Lv19_Pwr0_Itm0_VarCitizen5F(2)","0,4",0,0,0,0,0
225,boss_sky,-97:2591:3564.6,289:2785:3567.6,0,1,"Bmb_Lv19_Pwr0_Itm0_VarNone(8),Hvy_Lv19_Pwr0_Itm0_VarNone(34),Dog_Lv19_Pwr0_Itm0_VarNone(8),WattRun_Lv19_Pwr0_Itm0_VarNone(8),Run_Lv19_Pwr0_Itm0_VarHoodBlu(2),Run_Lv19_Pwr0_Itm1_VarSci(2),Run_Lv19_Pwr0_Itm0_VarSci2(2),Run_Lv19_Pwr0_Itm2_VarSoldier(2),Run_Lv19_Pwr0_Itm2_VarSoldier2(2),Run_Lv19_Pwr0_Itm2_VarPolice(2),Run_Lv19_Pwr0_Itm0_VarWorker(2),Run_Lv19_Pwr0_Itm0_VarHoodGrn(2),Run_Lv19_Pwr0_Itm0_VarShirt1(2),Run_Lv19_Pwr0_Itm0_VarShirt2(2),Run_Lv19_Pwr0_Itm0_VarShirt3(2),Run_Lv19_Pwr0_Itm0_VarShirt4(2),Run_Lv19_Pwr0_Itm0_VarHoodBlu2(2),Run_Lv19_Pwr0_Itm3_VarMuscle(2),Run_Lv19_Pwr0_Itm3_VarWarboy(2),Run_Lv19_Pwr0_Itm0_VarCitizen1F(2),Run_Lv19_Pwr0_Itm0_VarCitizen2F(2),Run_Lv19_Pwr0_Itm2_VarPoliceF(2),Run_Lv19_Pwr0_Itm0_VarCitizen3F(2),Run_Lv19_Pwr0_Itm0_VarCitizen4F(2),Run_Lv19_Pwr0_Itm0_VarCitizen5F(2)","0,4",0,0,0,0,0
226,boss_floodgate_l,-2977:1919:63,-2175:2049:66,0,4,"Bmb_Lv19_Pwr0_Itm0_VarNone(8),Hvy_Lv19_Pwr0_Itm0_VarNone(34),Dog_Lv19_Pwr0_Itm0_VarNone(8),WattRun_Lv19_Pwr0_Itm0_VarNone(8),Run_Lv19_Pwr0_Itm0_VarHoodBlu(2),Run_Lv19_Pwr0_Itm1_VarSci(2),Run_Lv19_Pwr0_Itm0_VarSci2(2),Run_Lv19_Pwr0_Itm2_VarSoldier(2),Run_Lv19_Pwr0_Itm2_VarSoldier2(2),Run_Lv19_Pwr0_Itm2_VarPolice(2),Run_Lv19_Pwr0_Itm0_VarWorker(2),Run_Lv19_Pwr0_Itm0_VarHoodGrn(2),Run_Lv19_Pwr0_Itm0_VarShirt1(2),Run_Lv19_Pwr0_Itm0_VarShirt2(2),Run_Lv19_Pwr0_Itm0_VarShirt3(2),Run_Lv19_Pwr0_Itm0_VarShirt4(2),Run_Lv19_Pwr0_Itm0_VarHoodBlu2(2),Run_Lv19_Pwr0_Itm3_VarMuscle(2),Run_Lv19_Pwr0_Itm3_VarWarboy(2),Run_Lv19_Pwr0_Itm0_VarCitizen1F(2),Run_Lv19_Pwr0_Itm0_VarCitizen2F(2),Run_Lv19_Pwr0_Itm2_VarPoliceF(2),Run_Lv19_Pwr0_Itm0_VarCitizen3F(2),Run_Lv19_Pwr0_Itm0_VarCitizen4F(2),Run_Lv19_Pwr0_Itm0_VarCitizen5F(2)","0,4",0,0,0,0,0
227,DONOTUSE,1439:2879:511,1537:3201:514,0,1,"Bmb_Lv19_Pwr0_Itm0_VarNone(8),Hvy_Lv19_Pwr0_Itm0_VarNone(34),Dog_Lv19_Pwr0_Itm0_VarNone(8),WattRun_Lv19_Pwr0_Itm0_VarNone(8),Run_Lv19_Pwr0_Itm0_VarHoodBlu(2),Run_Lv19_Pwr0_Itm1_VarSci(2),Run_Lv19_Pwr0_Itm0_VarSci2(2),Run_Lv19_Pwr0_Itm2_VarSoldier(2),Run_Lv19_Pwr0_Itm2_VarSoldier2(2),Run_Lv19_Pwr0_Itm2_VarPolice(2),Run_Lv19_Pwr0_Itm0_VarWorker(2),Run_Lv19_Pwr0_Itm0_VarHoodGrn(2),Run_Lv19_Pwr0_Itm0_VarShirt1(2),Run_Lv19_Pwr0_Itm0_VarShirt2(2),Run_Lv19_Pwr0_Itm0_VarShirt3(2),Run_Lv19_Pwr0_Itm0_VarShirt4(2),Run_Lv19_Pwr0_Itm0_VarHoodBlu2(2),Run_Lv19_Pwr0_Itm3_VarMuscle(2),Run_Lv19_Pwr0_Itm3_VarWarboy(2),Run_Lv19_Pwr0_Itm0_VarCitizen1F(2),Run_Lv19_Pwr0_Itm0_VarCitizen2F(2),Run_Lv19_Pwr0_Itm2_VarPoliceF(2),Run_Lv19_Pwr0_Itm0_VarCitizen3F(2),Run_Lv19_Pwr0_Itm0_VarCitizen4F(2),Run_Lv19_Pwr0_Itm0_VarCitizen5F(2)","0,4",0,0,0,0,0
228,boss_container,703:3327:-37,977:3617:-34,0,1,"Bmb_Lv19_Pwr0_Itm0_VarNone(42),Dog_Lv19_Pwr0_Itm0_VarNone(8),WattRun_Lv19_Pwr0_Itm0_VarNone(8),Run_Lv19_Pwr0_Itm0_VarHoodBlu(2),Run_Lv19_Pwr0_Itm1_VarSci(2),Run_Lv19_Pwr0_Itm0_VarSci2(2),Run_Lv19_Pwr0_Itm2_VarSoldier(2),Run_Lv19_Pwr0_Itm2_VarSoldier2(2),Run_Lv19_Pwr0_Itm2_VarPolice(2),Run_Lv19_Pwr0_Itm0_VarWorker(2),Run_Lv19_Pwr0_Itm0_VarHoodGrn(2),Run_Lv19_Pwr0_Itm0_VarShirt1(2),Run_Lv19_Pwr0_Itm0_VarShirt2(2),Run_Lv19_Pwr0_Itm0_VarShirt3(2),Run_Lv19_Pwr0_Itm0_VarShirt4(2),Run_Lv19_Pwr0_Itm0_VarHoodBlu2(2),Run_Lv19_Pwr0_Itm3_VarMuscle(2),Run_Lv19_Pwr0_Itm3_VarWarboy(2),Run_Lv19_Pwr0_Itm0_VarCitizen1F(2),Run_Lv19_Pwr0_Itm0_VarCitizen2F(2),Run_Lv19_Pwr0_Itm2_VarPoliceF(2),Run_Lv19_Pwr0_Itm0_VarCitizen3F(2),Run_Lv19_Pwr0_Itm0_VarCitizen4F(2),Run_Lv19_Pwr0_Itm0_VarCitizen5F(2)","0,4",1,0,0,6,1000
229,boss_container2,735:2911:-5,961:3089:-2,0,1,"Bmb_Lv19_Pwr0_Itm0_VarNone(42),Dog_Lv19_Pwr0_Itm0_VarNone(8),WattRun_Lv19_Pwr0_Itm0_VarNone(8),Run_Lv19_Pwr0_Itm0_VarHoodBlu(2),Run_Lv19_Pwr0_Itm1_VarSci(2),Run_Lv19_Pwr0_Itm0_VarSci2(2),Run_Lv19_Pwr0_Itm2_VarSoldier(2),Run_Lv19_Pwr0_Itm2_VarSoldier2(2),Run_Lv19_Pwr0_Itm2_VarPolice(2),Run_Lv19_Pwr0_Itm0_VarWorker(2),Run_Lv19_Pwr0_Itm0_VarHoodGrn(2),Run_Lv19_Pwr0_Itm0_VarShirt1(2),Run_Lv19_Pwr0_Itm0_VarShirt2(2),Run_Lv19_Pwr0_Itm0_VarShirt3(2),Run_Lv19_Pwr0_Itm0_VarShirt4(2),Run_Lv19_Pwr0_Itm0_VarHoodBlu2(2),Run_Lv19_Pwr0_Itm3_VarMuscle(2),Run_Lv19_Pwr0_Itm3_VarWarboy(2),Run_Lv19_Pwr0_Itm0_VarCitizen1F(2),Run_Lv19_Pwr0_Itm0_VarCitizen2F(2),Run_Lv19_Pwr0_Itm2_VarPoliceF(2),Run_Lv19_Pwr0_Itm0_VarCitizen3F(2),Run_Lv19_Pwr0_Itm0_VarCitizen4F(2),Run_Lv19_Pwr0_Itm0_VarCitizen5F(2)","0,4",1,0,0,6,1000
231,boss_tunnel,-97:4927:14.2,193:5569:17.2062,0,1,"Bmb_Lv19_Pwr0_Itm0_VarNone(8),Hvy_Lv19_Pwr0_Itm0_VarNone(8),Dog_Lv19_Pwr0_Itm0_VarNone(34),WattRun_Lv19_Pwr0_Itm0_VarNone(8),Run_Lv19_Pwr0_Itm0_VarHoodBlu(2),Run_Lv19_Pwr0_Itm1_VarSci(2),Run_Lv19_Pwr0_Itm0_VarSci2(2),Run_Lv19_Pwr0_Itm2_VarSoldier(2),Run_Lv19_Pwr0_Itm2_VarSoldier2(2),Run_Lv19_Pwr0_Itm2_VarPolice(2),Run_Lv19_Pwr0_Itm0_VarWorker(2),Run_Lv19_Pwr0_Itm0_VarHoodGrn(2),Run_Lv19_Pwr0_Itm0_VarShirt1(2),Run_Lv19_Pwr0_Itm0_VarShirt2(2),Run_Lv19_Pwr0_Itm0_VarShirt3(2),Run_Lv19_Pwr0_Itm0_VarShirt4(2),Run_Lv19_Pwr0_Itm0_VarHoodBlu2(2),Run_Lv19_Pwr0_Itm3_VarMuscle(2),Run_Lv19_Pwr0_Itm3_VarWarboy(2),Run_Lv19_Pwr0_Itm0_VarCitizen1F(2),Run_Lv19_Pwr0_Itm0_VarCitizen2F(2),Run_Lv19_Pwr0_Itm2_VarPoliceF(2),Run_Lv19_Pwr0_Itm0_VarCitizen3F(2),Run_Lv19_Pwr0_Itm0_VarCitizen4F(2),Run_Lv19_Pwr0_Itm0_VarCitizen5F(2)","0,4",1,0,0,6,1000
232,boss_floodgate,-3553:2687:7,-3391:3329:10,0,6,"Bmb_Lv19_Pwr0_Itm0_VarNone(8),Hvy_Lv19_Pwr0_Itm0_VarNone(8),Dog_Lv19_Pwr0_Itm0_VarNone(34),WattRun_Lv19_Pwr0_Itm0_VarNone(8),Run_Lv19_Pwr0_Itm0_VarHoodBlu(2),Run_Lv19_Pwr0_Itm1_VarSci(2),Run_Lv19_Pwr0_Itm0_VarSci2(2),Run_Lv19_Pwr0_Itm2_VarSoldier(2),Run_Lv19_Pwr0_Itm2_VarSoldier2(2),Run_Lv19_Pwr0_Itm2_VarPolice(2),Run_Lv19_Pwr0_Itm0_VarWorker(2),Run_Lv19_Pwr0_Itm0_VarHoodGrn(2),Run_Lv19_Pwr0_Itm0_VarShirt1(2),Run_Lv19_Pwr0_Itm0_VarShirt2(2),Run_Lv19_Pwr0_Itm0_VarShirt3(2),Run_Lv19_Pwr0_Itm0_VarShirt4(2),Run_Lv19_Pwr0_Itm0_VarHoodBlu2(2),Run_Lv19_Pwr0_Itm3_VarMuscle(2),Run_Lv19_Pwr0_Itm3_VarWarboy(2),Run_Lv19_Pwr0_Itm0_VarCitizen1F(2),Run_Lv19_Pwr0_Itm0_VarCitizen2F(2),Run_Lv19_Pwr0_Itm2_VarPoliceF(2),Run_Lv19_Pwr0_Itm0_VarCitizen3F(2),Run_Lv19_Pwr0_Itm0_VarCitizen4F(2),Run_Lv19_Pwr0_Itm0_VarCitizen5F(2)","0,4",0,0,0,0,0
233,boss_floodgate_r,-2913:3967:63,-2111:4097:66,0,5,"Bmb_Lv19_Pwr0_Itm0_VarNone(8),Hvy_Lv19_Pwr0_Itm0_VarNone(8),Dog_Lv19_Pwr0_Itm0_VarNone(34),WattRun_Lv19_Pwr0_Itm0_VarNone(8),Run_Lv19_Pwr0_Itm0_VarHoodBlu(2),Run_Lv19_Pwr0_Itm1_VarSci(2),Run_Lv19_Pwr0_Itm0_VarSci2(2),Run_Lv19_Pwr0_Itm2_VarSoldier(2),Run_Lv19_Pwr0_Itm2_VarSoldier2(2),Run_Lv19_Pwr0_Itm2_VarPolice(2),Run_Lv19_Pwr0_Itm0_VarWorker(2),Run_Lv19_Pwr0_Itm0_VarHoodGrn(2),Run_Lv19_Pwr0_Itm0_VarShirt1(2),Run_Lv19_Pwr0_Itm0_VarShirt2(2),Run_Lv19_Pwr0_Itm0_VarShirt3(2),Run_Lv19_Pwr0_Itm0_VarShirt4(2),Run_Lv19_Pwr0_Itm0_VarHoodBlu2(2),Run_Lv19_Pwr0_Itm3_VarMuscle(2),Run_Lv19_Pwr0_Itm3_VarWarboy(2),Run_Lv19_Pwr0_Itm0_VarCitizen1F(2),Run_Lv19_Pwr0_Itm0_VarCitizen2F(2),Run_Lv19_Pwr0_Itm2_VarPoliceF(2),Run_Lv19_Pwr0_Itm0_VarCitizen3F(2),Run_Lv19_Pwr0_Itm0_VarCitizen4F(2),Run_Lv19_Pwr0_Itm0_VarCitizen5F(2)","0,4",0,0,0,0,0
234,boss_sky,-97:3295:3564.6,289:3489:3567.6,0,1,"Bmb_Lv19_Pwr0_Itm0_VarNone(8),Hvy_Lv19_Pwr0_Itm0_VarNone(8),Dog_Lv19_Pwr0_Itm0_VarNone(34),WattRun_Lv19_Pwr0_Itm0_VarNone(8),Run_Lv19_Pwr0_Itm0_VarHoodBlu(2),Run_Lv19_Pwr0_Itm1_VarSci(2),Run_Lv19_Pwr0_Itm0_VarSci2(2),Run_Lv19_Pwr0_Itm2_VarSoldier(2),Run_Lv19_Pwr0_Itm2_VarSoldier2(2),Run_Lv19_Pwr0_Itm2_VarPolice(2),Run_Lv19_Pwr0_Itm0_VarWorker(2),Run_Lv19_Pwr0_Itm0_VarHoodGrn(2),Run_Lv19_Pwr0_Itm0_VarShirt1(2),Run_Lv19_Pwr0_Itm0_VarShirt2(2),Run_Lv19_Pwr0_Itm0_VarShirt3(2),Run_Lv19_Pwr0_Itm0_VarShirt4(2),Run_Lv19_Pwr0_Itm0_VarHoodBlu2(2),Run_Lv19_Pwr0_Itm3_VarMuscle(2),Run_Lv19_Pwr0_Itm3_VarWarboy(2),Run_Lv19_Pwr0_Itm0_VarCitizen1F(2),Run_Lv19_Pwr0_Itm0_VarCitizen2F(2),Run_Lv19_Pwr0_Itm2_VarPoliceF(2),Run_Lv19_Pwr0_Itm0_VarCitizen3F(2),Run_Lv19_Pwr0_Itm0_VarCitizen4F(2),Run_Lv19_Pwr0_Itm0_VarCitizen5F(2)","0,4",0,0,0,0,0
235,boss_sky,-97:2591:3564.6,289:2785:3567.6,0,1,"Bmb_Lv19_Pwr0_Itm0_VarNone(8),Hvy_Lv19_Pwr0_Itm0_VarNone(8),Dog_Lv19_Pwr0_Itm0_VarNone(34),WattRun_Lv19_Pwr0_Itm0_VarNone(8),Run_Lv19_Pwr0_Itm0_VarHoodBlu(2),Run_Lv19_Pwr0_Itm1_VarSci(2),Run_Lv19_Pwr0_Itm0_VarSci2(2),Run_Lv19_Pwr0_Itm2_VarSoldier(2),Run_Lv19_Pwr0_Itm2_VarSoldier2(2),Run_Lv19_Pwr0_Itm2_VarPolice(2),Run_Lv19_Pwr0_Itm0_VarWorker(2),Run_Lv19_Pwr0_Itm0_VarHoodGrn(2),Run_Lv19_Pwr0_Itm0_VarShirt1(2),Run_Lv19_Pwr0_Itm0_VarShirt2(2),Run_Lv19_Pwr0_Itm0_VarShirt3(2),Run_Lv19_Pwr0_Itm0_VarShirt4(2),Run_Lv19_Pwr0_Itm0_VarHoodBlu2(2),Run_Lv19_Pwr0_Itm3_VarMuscle(2),Run_Lv19_Pwr0_Itm3_VarWarboy(2),Run_Lv19_Pwr0_Itm0_VarCitizen1F(2),Run_Lv19_Pwr0_Itm0_VarCitizen2F(2),Run_Lv19_Pwr0_Itm2_VarPoliceF(2),Run_Lv19_Pwr0_Itm0_VarCitizen3F(2),Run_Lv19_Pwr0_Itm0_VarCitizen4F(2),Run_Lv19_Pwr0_Itm0_VarCitizen5F(2)","0,4",0,0,0,0,0
236,boss_floodgate_l,-2977:1919:63,-2175:2049:66,0,4,"Bmb_Lv19_Pwr0_Itm0_VarNone(8),Hvy_Lv19_Pwr0_Itm0_VarNone(8),Dog_Lv19_Pwr0_Itm0_VarNone(34),WattRun_Lv19_Pwr0_Itm0_VarNone(8),Run_Lv19_Pwr0_Itm0_VarHoodBlu(2),Run_Lv19_Pwr0_Itm1_VarSci(2),Run_Lv19_Pwr0_Itm0_VarSci2(2),Run_Lv19_Pwr0_Itm2_VarSoldier(2),Run_Lv19_Pwr0_Itm2_VarSoldier2(2),Run_Lv19_Pwr0_Itm2_VarPolice(2),Run_Lv19_Pwr0_Itm0_VarWorker(2),Run_Lv19_Pwr0_Itm0_VarHoodGrn(2),Run_Lv19_Pwr0_Itm0_VarShirt1(2),Run_Lv19_Pwr0_Itm0_VarShirt2(2),Run_Lv19_Pwr0_Itm0_VarShirt3(2),Run_Lv19_Pwr0_Itm0_VarShirt4(2),Run_Lv19_Pwr0_Itm0_VarHoodBlu2(2),Run_Lv19_Pwr0_Itm3_VarMuscle(2),Run_Lv19_Pwr0_Itm3_VarWarboy(2),Run_Lv19_Pwr0_Itm0_VarCitizen1F(2),Run_Lv19_Pwr0_Itm0_VarCitizen2F(2),Run_Lv19_Pwr0_Itm2_VarPoliceF(2),Run_Lv19_Pwr0_Itm0_VarCitizen3F(2),Run_Lv19_Pwr0_Itm0_VarCitizen4F(2),Run_Lv19_Pwr0_Itm0_VarCitizen5F(2)","0,4",0,0,0,0,0
237,DONOTUSE,1439:2879:511,1537:3201:514,0,1,"Bmb_Lv19_Pwr0_Itm0_VarNone(8),Hvy_Lv19_Pwr0_Itm0_VarNone(8),Dog_Lv19_Pwr0_Itm0_VarNone(34),WattRun_Lv19_Pwr0_Itm0_VarNone(8),Run_Lv19_Pwr0_Itm0_VarHoodBlu(2),Run_Lv19_Pwr0_Itm1_VarSci(2),Run_Lv19_Pwr0_Itm0_VarSci2(2),Run_Lv19_Pwr0_Itm2_VarSoldier(2),Run_Lv19_Pwr0_Itm2_VarSoldier2(2),Run_Lv19_Pwr0_Itm2_VarPolice(2),Run_Lv19_Pwr0_Itm0_VarWorker(2),Run_Lv19_Pwr0_Itm0_VarHoodGrn(2),Run_Lv19_Pwr0_Itm0_VarShirt1(2),Run_Lv19_Pwr0_Itm0_VarShirt2(2),Run_Lv19_Pwr0_Itm0_VarShirt3(2),Run_Lv19_Pwr0_Itm0_VarShirt4(2),Run_Lv19_Pwr0_Itm0_VarHoodBlu2(2),Run_Lv19_Pwr0_Itm3_VarMuscle(2),Run_Lv19_Pwr0_Itm3_VarWarboy(2),Run_Lv19_Pwr0_Itm0_VarCitizen1F(2),Run_Lv19_Pwr0_Itm0_VarCitizen2F(2),Run_Lv19_Pwr0_Itm2_VarPoliceF(2),Run_Lv19_Pwr0_Itm0_VarCitizen3F(2),Run_Lv19_Pwr0_Itm0_VarCitizen4F(2),Run_Lv19_Pwr0_Itm0_VarCitizen5F(2)","0,4",0,0,0,0,0
238,boss_container,703:3327:-37,977:3617:-34,0,1,"Bmb_Lv19_Pwr0_Itm0_VarNone(8),Dog_Lv19_Pwr0_Itm0_VarNone(34),WattRun_Lv19_Pwr0_Itm0_VarNone(8),Run_Lv19_Pwr0_Itm0_VarHoodBlu(2),Run_Lv19_Pwr0_Itm1_VarSci(2),Run_Lv19_Pwr0_Itm0_VarSci2(2),Run_Lv19_Pwr0_Itm2_VarSoldier(2),Run_Lv19_Pwr0_Itm2_VarSoldier2(2),Run_Lv19_Pwr0_Itm2_VarPolice(2),Run_Lv19_Pwr0_Itm0_VarWorker(2),Run_Lv19_Pwr0_Itm0_VarHoodGrn(2),Run_Lv19_Pwr0_Itm0_VarShirt1(2),Run_Lv19_Pwr0_Itm0_VarShirt2(2),Run_Lv19_Pwr0_Itm0_VarShirt3(2),Run_Lv19_Pwr0_Itm0_VarShirt4(2),Run_Lv19_Pwr0_Itm0_VarHoodBlu2(2),Run_Lv19_Pwr0_Itm3_VarMuscle(2),Run_Lv19_Pwr0_Itm3_VarWarboy(2),Run_Lv19_Pwr0_Itm0_VarCitizen1F(2),Run_Lv19_Pwr0_Itm0_VarCitizen2F(2),Run_Lv19_Pwr0_Itm2_VarPoliceF(2),Run_Lv19_Pwr0_Itm0_VarCitizen3F(2),Run_Lv19_Pwr0_Itm0_VarCitizen4F(2),Run_Lv19_Pwr0_Itm0_VarCitizen5F(10)","0,4",1,0,0,6,1000
239,boss_container2,735:2911:-5,961:3089:-2,0,1,"Bmb_Lv19_Pwr0_Itm0_VarNone(8),Dog_Lv19_Pwr0_Itm0_VarNone(34),WattRun_Lv19_Pwr0_Itm0_VarNone(8),Run_Lv19_Pwr0_Itm0_VarHoodBlu(2),Run_Lv19_Pwr0_Itm1_VarSci(2),Run_Lv19_Pwr0_Itm0_VarSci2(2),Run_Lv19_Pwr0_Itm2_VarSoldier(2),Run_Lv19_Pwr0_Itm2_VarSoldier2(2),Run_Lv19_Pwr0_Itm2_VarPolice(2),Run_Lv19_Pwr0_Itm0_VarWorker(2),Run_Lv19_Pwr0_Itm0_VarHoodGrn(2),Run_Lv19_Pwr0_Itm0_VarShirt1(2),Run_Lv19_Pwr0_Itm0_VarShirt2(2),Run_Lv19_Pwr0_Itm0_VarShirt3(2),Run_Lv19_Pwr0_Itm0_VarShirt4(2),Run_Lv19_Pwr0_Itm0_VarHoodBlu2(2),Run_Lv19_Pwr0_Itm3_VarMuscle(2),Run_Lv19_Pwr0_Itm3_VarWarboy(2),Run_Lv19_Pwr0_Itm0_VarCitizen1F(2),Run_Lv19_Pwr0_Itm0_VarCitizen2F(2),Run_Lv19_Pwr0_Itm2_VarPoliceF(2),Run_Lv19_Pwr0_Itm0_VarCitizen3F(2),Run_Lv19_Pwr0_Itm0_VarCitizen4F(2),Run_Lv19_Pwr0_Itm0_VarCitizen5F(10)","0,4",1,0,0,6,1000
241,boss_floodgate,-3553:2687:7,-3391:3329:10,0,6,"Bmb_Lv20_Pwr0_Itm0_VarNone(30),Dog_Lv19_Pwr0_Itm0_VarNone(10),Run_Lv18_Pwr0_Itm0_VarBald(3),Run_Lv18_Pwr0_Itm0_VarHoodBlu(3),Run_Lv18_Pwr0_Itm1_VarSci(3),Run_Lv18_Pwr0_Itm0_VarSci2(3),Run_Lv18_Pwr0_Itm2_VarSoldier(3),Run_Lv18_Pwr0_Itm2_VarSoldier2(3),Run_Lv18_Pwr0_Itm2_VarPolice(3),Run_Lv18_Pwr0_Itm0_VarWorker(3),Run_Lv18_Pwr0_Itm0_VarHoodGrn(3),Run_Lv18_Pwr0_Itm0_VarShirt1(3),Run_Lv18_Pwr0_Itm0_VarShirt2(3),Run_Lv18_Pwr0_Itm0_VarShirt3(3),Run_Lv18_Pwr0_Itm0_VarShirt4(3),Run_Lv18_Pwr0_Itm0_VarHoodBlu2(3),Run_Lv18_Pwr0_Itm0_VarMuscle(3),Run_Lv18_Pwr0_Itm0_VarWarboy(3),Run_Lv18_Pwr0_Itm0_VarCitizen1F(2),Run_Lv18_Pwr0_Itm0_VarCitizen2F(2),Run_Lv18_Pwr0_Itm2_VarPoliceF(2),Run_Lv18_Pwr0_Itm0_VarCitizen3F(2),Run_Lv18_Pwr0_Itm0_VarCitizen4F(2),Run_Lv18_Pwr0_Itm0_VarCitizen5F(2)","1,2",1,0,0,9,1000
242,boss_floodgate_r,-2913:3967:63,-2111:4097:66,0,5,"Bmb_Lv20_Pwr0_Itm0_VarNone(30),Dog_Lv19_Pwr0_Itm0_VarNone(10),Run_Lv18_Pwr0_Itm0_VarBald(3),Run_Lv18_Pwr0_Itm0_VarHoodBlu(3),Run_Lv18_Pwr0_Itm1_VarSci(3),Run_Lv18_Pwr0_Itm0_VarSci2(3),Run_Lv18_Pwr0_Itm2_VarSoldier(3),Run_Lv18_Pwr0_Itm2_VarSoldier2(3),Run_Lv18_Pwr0_Itm2_VarPolice(3),Run_Lv18_Pwr0_Itm0_VarWorker(3),Run_Lv18_Pwr0_Itm0_VarHoodGrn(3),Run_Lv18_Pwr0_Itm0_VarShirt1(3),Run_Lv18_Pwr0_Itm0_VarShirt2(3),Run_Lv18_Pwr0_Itm0_VarShirt3(3),Run_Lv18_Pwr0_Itm0_VarShirt4(3),Run_Lv18_Pwr0_Itm0_VarHoodBlu2(3),Run_Lv18_Pwr0_Itm0_VarMuscle(3),Run_Lv18_Pwr0_Itm0_VarWarboy(3),Run_Lv18_Pwr0_Itm0_VarCitizen1F(2),Run_Lv18_Pwr0_Itm0_VarCitizen2F(2),Run_Lv18_Pwr0_Itm2_VarPoliceF(2),Run_Lv18_Pwr0_Itm0_VarCitizen3F(2),Run_Lv18_Pwr0_Itm0_VarCitizen4F(2),Run_Lv18_Pwr0_Itm0_VarCitizen5F(2)","2,4",1,0,0,6,1000
243,boss_floodgate_l,-2977:1919:63,-2175:2049:66,0,4,"Bmb_Lv20_Pwr0_Itm0_VarNone(30),Dog_Lv19_Pwr0_Itm0_VarNone(10),Run_Lv18_Pwr0_Itm0_VarBald(3),Run_Lv18_Pwr0_Itm0_VarHoodBlu(3),Run_Lv18_Pwr0_Itm1_VarSci(3),Run_Lv18_Pwr0_Itm0_VarSci2(3),Run_Lv18_Pwr0_Itm2_VarSoldier(3),Run_Lv18_Pwr0_Itm2_VarSoldier2(3),Run_Lv18_Pwr0_Itm2_VarPolice(3),Run_Lv18_Pwr0_Itm0_VarWorker(3),Run_Lv18_Pwr0_Itm0_VarHoodGrn(3),Run_Lv18_Pwr0_Itm0_VarShirt1(3),Run_Lv18_Pwr0_Itm0_VarShirt2(3),Run_Lv18_Pwr0_Itm0_VarShirt3(3),Run_Lv18_Pwr0_Itm0_VarShirt4(3),Run_Lv18_Pwr0_Itm0_VarHoodBlu2(3),Run_Lv18_Pwr0_Itm0_VarMuscle(3),Run_Lv18_Pwr0_Itm0_VarWarboy(3),Run_Lv18_Pwr0_Itm0_VarCitizen1F(2),Run_Lv18_Pwr0_Itm0_VarCitizen2F(2),Run_Lv18_Pwr0_Itm2_VarPoliceF(2),Run_Lv18_Pwr0_Itm0_VarCitizen3F(2),Run_Lv18_Pwr0_Itm0_VarCitizen4F(2),Run_Lv18_Pwr0_Itm0_VarCitizen5F(2)","2,4",1,0,0,6,1000
251,boss_tunnel,-97:4927:14.2,193:5569:17.2062,0,1,"Run_Lv18_Pwr0_Itm0_VarTie(4),Run_Lv18_Pwr0_Itm0_VarOld(4),Run_Lv18_Pwr0_Itm0_VarBald(4),Run_Lv18_Pwr0_Itm0_VarHoodBlu(4),Run_Lv18_Pwr0_Itm1_VarSci(5),Run_Lv18_Pwr0_Itm0_VarSci2(4),Run_Lv18_Pwr0_Itm2_VarSoldier(5),Run_Lv18_Pwr0_Itm2_VarSoldier2(5),Run_Lv18_Pwr0_Itm2_VarPolice(5),Run_Lv18_Pwr0_Itm0_VarWorker(4),Run_Lv18_Pwr0_Itm0_VarHoodGrn(4),Run_Lv18_Pwr0_Itm0_VarShirt1(4),Run_Lv18_Pwr0_Itm0_VarShirt2(4),Run_Lv18_Pwr0_Itm0_VarShirt3(4),Run_Lv18_Pwr0_Itm0_VarShirt4(4),Run_Lv18_Pwr0_Itm0_VarHoodBlu2(4),Run_Lv18_Pwr0_Itm0_VarMuscle(4),Run_Lv18_Pwr0_Itm0_VarWarboy(4),Run_Lv18_Pwr0_Itm0_VarCitizen1F(4),Run_Lv18_Pwr0_Itm0_VarCitizen2F(4),Run_Lv18_Pwr0_Itm2_VarPoliceF(4),Run_Lv18_Pwr0_Itm0_VarCitizen3F(4),Run_Lv18_Pwr0_Itm0_VarCitizen4F(4),Run_Lv18_Pwr0_Itm0_VarCitizen5F(4)","0,2",1,0,0,20,1000
252,boss_container,703:3327:-37,977:3617:-34,0,1,"Wlk_Lv18_Pwr0_Itm0_VarTie(4),Wlk_Lv18_Pwr0_Itm0_VarOld(4),Wlk_Lv18_Pwr0_Itm0_VarBald(4),Wlk_Lv18_Pwr0_Itm0_VarHoodBlu(4),Wlk_Lv18_Pwr0_Itm1_VarSci(5),Wlk_Lv18_Pwr0_Itm0_VarSci2(4),Wlk_Lv18_Pwr0_Itm2_VarSoldier(5),Wlk_Lv18_Pwr0_Itm2_VarSoldier2(5),Wlk_Lv18_Pwr0_Itm2_VarPolice(5),Wlk_Lv18_Pwr0_Itm0_VarWorker(4),Wlk_Lv18_Pwr0_Itm0_VarHoodGrn(4),Run_Lv18_Pwr0_Itm0_VarShirt1(4),Run_Lv18_Pwr0_Itm0_VarShirt2(4),Run_Lv18_Pwr0_Itm0_VarShirt3(4),Run_Lv18_Pwr0_Itm0_VarShirt4(4),Run_Lv18_Pwr0_Itm0_VarHoodBlu2(4),Run_Lv18_Pwr0_Itm0_VarMuscle(4),Run_Lv18_Pwr0_Itm0_VarWarboy(4),Run_Lv18_Pwr0_Itm0_VarCitizen1F(4),Run_Lv18_Pwr0_Itm0_VarCitizen2F(4),Run_Lv18_Pwr0_Itm2_VarPoliceF(4),Run_Lv18_Pwr0_Itm0_VarCitizen3F(4),Run_Lv18_Pwr0_Itm0_VarCitizen4F(4),Run_Lv18_Pwr0_Itm0_VarCitizen5F(4)","0,3",1,0,0,15,1000
253,boss_container2,735:2911:-5,961:3089:-2,0,1,"Run_Lv18_Pwr0_Itm0_VarTie(4),Run_Lv18_Pwr0_Itm0_VarOld(4),Run_Lv18_Pwr0_Itm0_VarBald(4),Run_Lv18_Pwr0_Itm0_VarHoodBlu(4),Run_Lv18_Pwr0_Itm1_VarSci(5),Run_Lv18_Pwr0_Itm0_VarSci2(4),Run_Lv18_Pwr0_Itm2_VarSoldier(5),Run_Lv18_Pwr0_Itm2_VarSoldier2(5),Run_Lv18_Pwr0_Itm2_VarPolice(5),Run_Lv18_Pwr0_Itm0_VarWorker(4),Run_Lv18_Pwr0_Itm0_VarHoodGrn(4),Wlk_Lv18_Pwr0_Itm0_VarShirt1(4),Wlk_Lv18_Pwr0_Itm0_VarShirt2(4),Wlk_Lv18_Pwr0_Itm0_VarShirt3(4),Wlk_Lv18_Pwr0_Itm0_VarShirt4(4),Wlk_Lv18_Pwr0_Itm0_VarHoodBlu2(4),Wlk_Lv18_Pwr0_Itm0_VarMuscle(4),Wlk_Lv18_Pwr0_Itm0_VarWarboy(4),Wlk_Lv18_Pwr0_Itm0_VarCitizen1F(4),Wlk_Lv18_Pwr0_Itm0_VarCitizen2F(4),Wlk_Lv18_Pwr0_Itm2_VarPoliceF(4),Wlk_Lv18_Pwr0_Itm0_VarCitizen3F(4),Wlk_Lv18_Pwr0_Itm0_VarCitizen4F(4),Wlk_Lv18_Pwr0_Itm0_VarCitizen5F(4)","0,3",1,0,0,15,1000
254,boss_tunnel,-97:4927:14.2,193:5569:17.2062,0,1,"Run_Lv19_Pwr0_Itm0_VarTie(4),Run_Lv19_Pwr0_Itm0_VarOld(4),Run_Lv19_Pwr0_Itm0_VarBald(4),Run_Lv19_Pwr0_Itm0_VarHoodBlu(4),Run_Lv19_Pwr0_Itm1_VarSci(5),Run_Lv19_Pwr0_Itm0_VarSci2(4),Run_Lv19_Pwr0_Itm2_VarSoldier(5),Run_Lv19_Pwr0_Itm2_VarSoldier2(5),Run_Lv19_Pwr0_Itm2_VarPolice(5),Run_Lv19_Pwr0_Itm0_VarWorker(4),Run_Lv19_Pwr0_Itm0_VarHoodGrn(4),Run_Lv19_Pwr0_Itm0_VarShirt1(4),Run_Lv19_Pwr0_Itm0_VarShirt2(4),Run_Lv19_Pwr0_Itm0_VarShirt3(4),Run_Lv19_Pwr0_Itm0_VarShirt4(4),Run_Lv19_Pwr0_Itm0_VarHoodBlu2(4),Run_Lv19_Pwr0_Itm0_VarMuscle(4),Run_Lv19_Pwr0_Itm0_VarWarboy(4),Run_Lv19_Pwr0_Itm0_VarCitizen1F(4),Run_Lv19_Pwr0_Itm0_VarCitizen2F(4),Run_Lv19_Pwr0_Itm2_VarPoliceF(4),Run_Lv19_Pwr0_Itm0_VarCitizen3F(4),Run_Lv19_Pwr0_Itm0_VarCitizen4F(4),Run_Lv19_Pwr0_Itm0_VarCitizen5F(4)","0,1",1,0,0,20,1000
255,boss_container,703:3327:-37,977:3617:-34,0,1,"Wlk_Lv19_Pwr0_Itm0_VarTie(4),Wlk_Lv19_Pwr0_Itm0_VarOld(4),Wlk_Lv19_Pwr0_Itm0_VarBald(4),Wlk_Lv19_Pwr0_Itm0_VarHoodBlu(4),Wlk_Lv19_Pwr0_Itm1_VarSci(5),Wlk_Lv19_Pwr0_Itm0_VarSci2(4),Wlk_Lv19_Pwr0_Itm2_VarSoldier(5),Wlk_Lv19_Pwr0_Itm2_VarSoldier2(5),Wlk_Lv19_Pwr0_Itm2_VarPolice(5),Wlk_Lv19_Pwr0_Itm0_VarWorker(4),Wlk_Lv19_Pwr0_Itm0_VarHoodGrn(4),Run_Lv19_Pwr0_Itm0_VarShirt1(4),Run_Lv19_Pwr0_Itm0_VarShirt2(4),Run_Lv19_Pwr0_Itm0_VarShirt3(4),Run_Lv19_Pwr0_Itm0_VarShirt4(4),Run_Lv19_Pwr0_Itm0_VarHoodBlu2(4),Run_Lv19_Pwr0_Itm0_VarMuscle(4),Run_Lv19_Pwr0_Itm0_VarWarboy(4),Run_Lv19_Pwr0_Itm0_VarCitizen1F(4),Run_Lv19_Pwr0_Itm0_VarCitizen2F(4),Run_Lv19_Pwr0_Itm2_VarPoliceF(4),Run_Lv19_Pwr0_Itm0_VarCitizen3F(4),Run_Lv19_Pwr0_Itm0_VarCitizen4F(4),Run_Lv19_Pwr0_Itm0_VarCitizen5F(4)","0,3",1,0,0,15,1000
256,boss_container2,735:2911:-5,961:3089:-2,0,1,"Run_Lv19_Pwr0_Itm0_VarTie(4),Run_Lv19_Pwr0_Itm0_VarOld(4),Run_Lv19_Pwr0_Itm0_VarBald(4),Run_Lv19_Pwr0_Itm0_VarHoodBlu(4),Run_Lv19_Pwr0_Itm1_VarSci(5),Run_Lv19_Pwr0_Itm0_VarSci2(4),Run_Lv19_Pwr0_Itm2_VarSoldier(5),Run_Lv19_Pwr0_Itm2_VarSoldier2(5),Run_Lv19_Pwr0_Itm2_VarPolice(5),Run_Lv19_Pwr0_Itm0_VarWorker(4),Run_Lv19_Pwr0_Itm0_VarHoodGrn(4),Wlk_Lv19_Pwr0_Itm0_VarShirt1(4),Wlk_Lv19_Pwr0_Itm0_VarShirt2(4),Wlk_Lv19_Pwr0_Itm0_VarShirt3(4),Wlk_Lv19_Pwr0_Itm0_VarShirt4(4),Wlk_Lv19_Pwr0_Itm0_VarHoodBlu2(4),Wlk_Lv19_Pwr0_Itm0_VarMuscle(4),Wlk_Lv19_Pwr0_Itm0_VarWarboy(4),Wlk_Lv19_Pwr0_Itm0_VarCitizen1F(4),Wlk_Lv19_Pwr0_Itm0_VarCitizen2F(4),Wlk_Lv19_Pwr0_Itm2_VarPoliceF(4),Wlk_Lv19_Pwr0_Itm0_VarCitizen3F(4),Wlk_Lv19_Pwr0_Itm0_VarCitizen4F(4),Wlk_Lv19_Pwr0_Itm0_VarCitizen5F(4)","0,3",1,0,0,15,1000
257,boss_tunnel,-97:4927:14.2,193:5569:17.2062,0,1,"Run_Lv19_Pwr0_Itm0_VarTie(4),Run_Lv19_Pwr0_Itm0_VarOld(4),Run_Lv19_Pwr0_Itm0_VarBald(4),Run_Lv19_Pwr0_Itm0_VarHoodBlu(4),Run_Lv19_Pwr0_Itm1_VarSci(5),Run_Lv19_Pwr0_Itm0_VarSci2(4),Run_Lv19_Pwr0_Itm2_VarSoldier(5),Run_Lv19_Pwr0_Itm2_VarSoldier2(5),Run_Lv19_Pwr0_Itm2_VarPolice(5),Run_Lv19_Pwr0_Itm0_VarWorker(4),Run_Lv19_Pwr0_Itm0_VarHoodGrn(4),Run_Lv19_Pwr0_Itm0_VarShirt1(4),Run_Lv19_Pwr0_Itm0_VarShirt2(4),Run_Lv19_Pwr0_Itm0_VarShirt3(4),Run_Lv19_Pwr0_Itm0_VarShirt4(4),Run_Lv19_Pwr0_Itm0_VarHoodBlu2(4),Run_Lv19_Pwr0_Itm0_VarMuscle(4),Run_Lv19_Pwr0_Itm0_VarWarboy(4),Run_Lv19_Pwr0_Itm0_VarCitizen1F(4),Run_Lv19_Pwr0_Itm0_VarCitizen2F(4),Run_Lv19_Pwr0_Itm2_VarPoliceF(4),Run_Lv19_Pwr0_Itm0_VarCitizen3F(4),Run_Lv19_Pwr0_Itm0_VarCitizen4F(4),Run_Lv19_Pwr0_Itm0_VarCitizen5F(4)","0,1",1,0,0,20,1000
258,boss_container,703:3327:-37,977:3617:-34,0,1,"Run_Lv19_Pwr0_Itm0_VarTie(4),Run_Lv19_Pwr0_Itm0_VarOld(4),Run_Lv19_Pwr0_Itm0_VarBald(4),Run_Lv19_Pwr0_Itm0_VarHoodBlu(4),Run_Lv19_Pwr0_Itm1_VarSci(5),Run_Lv19_Pwr0_Itm0_VarSci2(4),Run_Lv19_Pwr0_Itm2_VarSoldier(5),Run_Lv19_Pwr0_Itm2_VarSoldier2(5),Run_Lv19_Pwr0_Itm2_VarPolice(5),Run_Lv19_Pwr0_Itm0_VarWorker(4),Run_Lv19_Pwr0_Itm0_VarHoodGrn(4),Run_Lv19_Pwr0_Itm0_VarShirt1(4),Run_Lv19_Pwr0_Itm0_VarShirt2(4),Run_Lv19_Pwr0_Itm0_VarShirt3(4),Run_Lv19_Pwr0_Itm0_VarShirt4(4),Run_Lv19_Pwr0_Itm0_VarHoodBlu2(4),Run_Lv19_Pwr0_Itm0_VarMuscle(4),Run_Lv19_Pwr0_Itm0_VarWarboy(4),Run_Lv19_Pwr0_Itm0_VarCitizen1F(4),Run_Lv19_Pwr0_Itm0_VarCitizen2F(4),Run_Lv19_Pwr0_Itm2_VarPoliceF(4),Run_Lv19_Pwr0_Itm0_VarCitizen3F(4),Run_Lv19_Pwr0_Itm0_VarCitizen4F(4),Run_Lv19_Pwr0_Itm0_VarCitizen5F(4)","0,3",1,0,0,15,1000
259,boss_container2,735:2911:-5,961:3089:-2,0,1,"Run_Lv19_Pwr0_Itm0_VarTie(4),Run_Lv19_Pwr0_Itm0_VarOld(4),Run_Lv19_Pwr0_Itm0_VarBald(4),Run_Lv19_Pwr0_Itm0_VarHoodBlu(4),Run_Lv19_Pwr0_Itm1_VarSci(5),Run_Lv19_Pwr0_Itm0_VarSci2(4),Run_Lv19_Pwr0_Itm2_VarSoldier(5),Run_Lv19_Pwr0_Itm2_VarSoldier2(5),Run_Lv19_Pwr0_Itm2_VarPolice(5),Run_Lv19_Pwr0_Itm0_VarWorker(4),Run_Lv19_Pwr0_Itm0_VarHoodGrn(4),Run_Lv19_Pwr0_Itm0_VarShirt1(4),Run_Lv19_Pwr0_Itm0_VarShirt2(4),Run_Lv19_Pwr0_Itm0_VarShirt3(4),Run_Lv19_Pwr0_Itm0_VarShirt4(4),Run_Lv19_Pwr0_Itm0_VarHoodBlu2(4),Run_Lv19_Pwr0_Itm0_VarMuscle(4),Run_Lv19_Pwr0_Itm0_VarWarboy(4),Run_Lv19_Pwr0_Itm0_VarCitizen1F(4),Run_Lv19_Pwr0_Itm0_VarCitizen2F(4),Run_Lv19_Pwr0_Itm2_VarPoliceF(4),Run_Lv19_Pwr0_Itm0_VarCitizen3F(4),Run_Lv19_Pwr0_Itm0_VarCitizen4F(4),Run_Lv19_Pwr0_Itm0_VarCitizen5F(4)","0,3",1,0,0,15,1000
260,boss_tunnel,-97:4927:14.2,193:5569:17.2062,0,1,"Bmb_Lv19_Pwr0_Itm0_VarNone(7),Hvy_Lv19_Pwr0_Itm0_VarNone(1),Dog_Lv19_Pwr0_Itm0_VarNone(13),WattRun_Lv19_Pwr0_Itm0_VarNone(7),Run_Lv19_Pwr0_Itm0_VarHoodBlu(3),Run_Lv19_Pwr0_Itm1_VarSci(4),Run_Lv19_Pwr0_Itm0_VarSci2(3),Run_Lv19_Pwr0_Itm2_VarSoldier(4),Run_Lv19_Pwr0_Itm2_VarSoldier2(4),Run_Lv19_Pwr0_Itm2_VarPolice(4),Run_Lv19_Pwr0_Itm0_VarWorker(3),Run_Lv19_Pwr0_Itm0_VarHoodGrn(3),Run_Lv19_Pwr0_Itm0_VarShirt1(3),Run_Lv19_Pwr0_Itm0_VarShirt2(3),Run_Lv19_Pwr0_Itm0_VarShirt3(3),Run_Lv19_Pwr0_Itm0_VarShirt4(3),Run_Lv19_Pwr0_Itm0_VarHoodBlu2(3),Run_Lv19_Pwr0_Itm3_VarMuscle(5),Run_Lv19_Pwr0_Itm3_VarWarboy(5),Run_Lv19_Pwr0_Itm0_VarCitizen1F(3),Run_Lv19_Pwr0_Itm0_VarCitizen2F(3),Run_Lv19_Pwr0_Itm2_VarPoliceF(4),Run_Lv19_Pwr0_Itm0_VarCitizen3F(3),Run_Lv19_Pwr0_Itm0_VarCitizen4F(3),Run_Lv19_Pwr0_Itm0_VarCitizen5F(3)","0,1",1,0,0,20,1000
261,boss_container,703:3327:-37,977:3617:-34,0,1,"Bmb_Lv19_Pwr0_Itm0_VarNone(7),Dog_Lv19_Pwr0_Itm0_VarNone(7),WattRun_Lv19_Pwr0_Itm0_VarNone(7),Run_Lv19_Pwr0_Itm0_VarHoodBlu(3),Run_Lv19_Pwr0_Itm1_VarSci(4),Run_Lv19_Pwr0_Itm0_VarSci2(3),Run_Lv19_Pwr0_Itm2_VarSoldier(4),Run_Lv19_Pwr0_Itm2_VarSoldier2(4),Run_Lv19_Pwr0_Itm2_VarPolice(4),Run_Lv19_Pwr0_Itm0_VarWorker(3),Run_Lv19_Pwr0_Itm0_VarHoodGrn(3),Run_Lv19_Pwr0_Itm0_VarShirt1(3),Run_Lv19_Pwr0_Itm0_VarShirt2(10),Run_Lv19_Pwr0_Itm0_VarShirt3(3),Run_Lv19_Pwr0_Itm0_VarShirt4(3),Run_Lv19_Pwr0_Itm0_VarHoodBlu2(3),Run_Lv19_Pwr0_Itm3_VarMuscle(5),Run_Lv19_Pwr0_Itm3_VarWarboy(5),Run_Lv19_Pwr0_Itm0_VarCitizen1F(3),Run_Lv19_Pwr0_Itm0_VarCitizen2F(3),Run_Lv19_Pwr0_Itm2_VarPoliceF(4),Run_Lv19_Pwr0_Itm0_VarCitizen3F(3),Run_Lv19_Pwr0_Itm0_VarCitizen4F(3),Run_Lv19_Pwr0_Itm0_VarCitizen5F(3)","0,2",1,0,0,15,1000
262,boss_container2,735:2911:-5,961:3089:-2,0,1,"Bmb_Lv19_Pwr0_Itm0_VarNone(7),Dog_Lv19_Pwr0_Itm0_VarNone(7),WattRun_Lv19_Pwr0_Itm0_VarNone(7),Run_Lv19_Pwr0_Itm0_VarHoodBlu(3),Run_Lv19_Pwr0_Itm1_VarSci(4),Run_Lv19_Pwr0_Itm0_VarSci2(3),Run_Lv19_Pwr0_Itm2_VarSoldier(4),Run_Lv19_Pwr0_Itm2_VarSoldier2(4),Run_Lv19_Pwr0_Itm2_VarPolice(4),Run_Lv19_Pwr0_Itm0_VarWorker(3),Run_Lv19_Pwr0_Itm0_VarHoodGrn(3),Run_Lv19_Pwr0_Itm0_VarShirt1(3),Run_Lv19_Pwr0_Itm0_VarShirt2(10),Run_Lv19_Pwr0_Itm0_VarShirt3(3),Run_Lv19_Pwr0_Itm0_VarShirt4(3),Run_Lv19_Pwr0_Itm0_VarHoodBlu2(3),Run_Lv19_Pwr0_Itm3_VarMuscle(5),Run_Lv19_Pwr0_Itm3_VarWarboy(5),Run_Lv19_Pwr0_Itm0_VarCitizen1F(3),Run_Lv19_Pwr0_Itm0_VarCitizen2F(3),Run_Lv19_Pwr0_Itm2_VarPoliceF(4),Run_Lv19_Pwr0_Itm0_VarCitizen3F(3),Run_Lv19_Pwr0_Itm0_VarCitizen4F(3),Run_Lv19_Pwr0_Itm0_VarCitizen5F(3)","0,2",1,0,0,15,1000
263,boss_tunnel,-77:3026:-30,-77:3026:-30,0,1,monster_chief,"0,1",1,0,0,1,9
264,boss_container,-77:3600:-30,-77:3600:-30,0,1,heavyarms1,"0,2",1,0,0,1,9
265,boss_container2,735:2911:-5,961:3089:-2,0,1,"Bmb_Lv19_Pwr0_Itm0_VarNone(7),Dog_Lv19_Pwr0_Itm0_VarNone(7),WattRun_Lv19_Pwr0_Itm0_VarNone(7),Run_Lv19_Pwr0_Itm0_VarHoodBlu(3),Run_Lv19_Pwr0_Itm1_VarSci(4),Run_Lv19_Pwr0_Itm0_VarSci2(3),Run_Lv19_Pwr0_Itm2_VarSoldier(4),Run_Lv19_Pwr0_Itm2_VarSoldier2(4),Run_Lv19_Pwr0_Itm2_VarPolice(4),Run_Lv19_Pwr0_Itm0_VarWorker(3),Run_Lv19_Pwr0_Itm0_VarHoodGrn(3),Run_Lv19_Pwr0_Itm0_VarShirt1(3),Run_Lv19_Pwr0_Itm0_VarShirt2(10),Run_Lv19_Pwr0_Itm0_VarShirt3(3),Run_Lv19_Pwr0_Itm0_VarShirt4(3),Run_Lv19_Pwr0_Itm0_VarHoodBlu2(3),Run_Lv19_Pwr0_Itm3_VarMuscle(5),Run_Lv19_Pwr0_Itm3_VarWarboy(5),Run_Lv19_Pwr0_Itm0_VarCitizen1F(3),Run_Lv19_Pwr0_Itm0_VarCitizen2F(3),Run_Lv19_Pwr0_Itm2_VarPoliceF(4),Run_Lv19_Pwr0_Itm0_VarCitizen3F(3),Run_Lv19_Pwr0_Itm0_VarCitizen4F(3),Run_Lv19_Pwr0_Itm0_VarCitizen5F(3)","0,2",1,0,0,13,1000
