;name,id,order,use,new,option,useContinuousMap,event,Category,loadingBG,maxPlayer,expMod,pointMod,league
de_train,1,1,1,,,1,,1,de_train_bg,32,1,1,1
de_dust,2,2,1,,,1,,1,background01,32,1,1,0
de_dust2,3,3,1,,,1,,1,de_dust2_bg,32,1,1,1
cs_office,4,4,1,,,1,,2,background01,32,1,1,0
cs_assault,5,5,1,,,1,,2,background01,32,1,1,0
ware_house_dlc,6,6,1,,,1,,0,background01,32,1,1,0
cs_italy,7,7,1,,,1,,2,cs_italy_bg,32,1,1,1
DM_shutdown,8,8,1,,,1,,0,background01,32,1,1,1
DM_uprising,9,9,1,,,1,,0,background01,32,1,1,0
cs_militia,10,10,1,,,1,,2,background01,32,1,1,0
de_nuke,11,11,1,,,1,,1,background01,32,1,1,1
de_inferno,12,12,1,,,1,,1,de_inferno_bg,32,1,1,1
tuto_walk,13,13,1,,,1,,0,background01,32,1,1,1
de_favela,14,14,1,,,1,,1,background01,32,1,1,0
de_aztec,15,15,1,,,1,,1,de_train_bg,32,1,1,0
zd_internal,16,16,1,,,1,,0,background01,32,1,1,0
cs_aquarium,17,17,1,,,1,,2,background01,32,1,1,0
de_vantage,18,18,1,,,1,,1,background01,32,1,1,0
hs_italy2,19,19,1,,,1,,0,cs_italy_bg,32,1,1,0
test_bigcity,20,20,1,,,1,,0,background01,32,1,1,0
test_bigoutdoor,21,21,1,,,1,,0,background01,32,1,1,0
de_prodigy,22,22,1,,,1,,1,background01,32,1,1,0
de_cbble,23,23,1,,,1,,1,background01,32,1,1,1
de_centered,24,24,1,,,1,,1,background01,32,1,1,0
cs_italy_night,25,25,1,,,1,,2,cs_italy_bg,32,1,1,0
cs_office_xmas,26,26,1,,,1,,2,background01,32,1,1,0
bigcity_main,100,100,1,,,1,,0,background01,64,1,1,0
bigcity_16,101,101,1,,,1,,0,background01,64,1,1,0
bigcity_128test,102,102,1,,,1,,0,background01,64,1,1,0
test_battleship,103,103,1,,,1,,0,background01,32,1,1,0
testzone_transition2,104,104,1,,,1,,0,background01,32,1,1,0
bigcity_intro,105,105,1,,,1,,0,background01,32,1,1,0
test_roadblock,106,106,1,,,1,,0,background01,32,1,1,0
bigcity_pvp,107,107,1,,,1,,0,background01,64,1,1,0
duel_diner,27,27,1,,,1,,0,background01,4,1,1,0
bigcity_ZB,108,108,1,,,1,,0,background01,64,1,1,0
DM_mboss,28,28,1,,,1,,0,background01,8,1,1,0
de_survivor,29,29,1,,,1,,1,de_dust2_bg,32,1,1,0
zc_trainyard,30,30,1,,,1,,0,background01,16,1,1,0
test_rooftop,31,31,1,,,1,,0,background01,32,1,1,0
zc_trainyard_notrain,32,32,1,,,1,,0,background01,24,1,1,0
zc_test1,33,33,1,,,1,,0,background01,24,1,1,0
zc_test2,34,34,1,,,1,,0,background01,24,1,1,0
cs_italy_zb,35,35,1,,,1,,2,cs_italy_bg,32,1,1,0
cs_assault_zb,36,36,1,,,1,,2,background01,32,1,1,0
de_vantage_zb,37,37,1,,,1,,1,background01,32,1,1,0
cs_militia_zb,38,38,1,,,1,,2,background01,32,1,1,0
de_nuke_zb,39,39,1,,,1,,2,background01,32,1,1,0
dm_killhouse,40,40,1,,,1,,0,background01,32,1,1,1
de_highland,41,41,1,,,1,,1,background01,32,1,1,0
dm_sewer,42,42,1,,,1,,0,background01,32,1,1,0
de_cornerwork,43,43,1,,,1,,1,background01,32,1,1,0
dm_cargoship,44,44,1,,,1,,0,background01,32,1,1,0
campaign_05,45,45,1,,,1,,0,background01,32,1,1,1
hs_studio,46,46,1,,,1,,0,cs_italy_bg,32,1,1,0
hs_highland,47,47,1,,,1,,0,cs_italy_bg,32,1,1,0
hs_festival,48,48,1,,,1,,0,cs_italy_bg,32,1,1,0
dev_test,49,49,1,,,1,,0,cs_italy_bg,32,1,1,0
hs_aqua,50,50,1,,,1,,0,cs_italy_bg,32,1,1,0
zp_militia,51,51,1,,,1,,0,cs_italy_bg,32,1,1,0
zd_lasttrain,52,52,1,,,1,,0,cs_italy_bg,32,1,1,0
zd_park,53,53,1,,,1,,0,cs_italy_bg,32,1,1,0
hs_dust2,54,54,1,,,1,,0,cs_italy_bg,32,1,1,0
de_tides,55,55,1,,,1,,1,background01,32,1,1,1
zp_nextroom,56,56,1,,,1,,0,cs_italy_bg,32,1,1,0
awp_museum,57,57,1,,,0,,0,cs_italy_bg,32,1,1,0
zp_assault,58,58,1,,,1,,0,cs_italy_bg,32,1,1,0
zp_italy,59,59,1,,,1,,0,cs_italy_bg,32,1,1,0
zp_uprising,60,60,1,,,1,,0,cs_italy_bg,32,1,1,0
zp_aztec,61,61,1,,,1,,0,cs_italy_bg,32,1,1,0
cs_estate,62,62,1,,,1,,2,background01,32,1,1,0
uc_museum,63,63,1,,,1,,0,background01,32,1,1,0
uc_shutdown,64,64,1,,,1,,0,background01,32,1,1,0
uc_aztec,65,65,1,,,1,,0,background01,32,1,1,0
de_tosca,66,66,1,,,1,,1,de_dust2_bg,32,1,1,1
zd_boss,67,67,1,,,0,,0,background01,32,1,1,0
aim_dust,68,68,1,,,1,,0,background01,32,1,1,0
zp_estate,69,69,1,,,1,,0,cs_italy_bg,32,1,1,0
de_storm,70,70,1,,,1,,1,background01,32,1,1,1
zp_storm,71,71,1,,,1,,0,background01,32,1,1,0
zr_italy,72,72,1,,,1,,2,cs_italy_bg,32,1,1,0
hs2_italy2,73,73,1,,,1,,0,cs_italy_bg,32,1,1,0
hs2_office,74,74,1,,,1,,0,cs_italy_bg,32,1,1,0
hs2_assault,75,75,1,,,1,,0,cs_italy_bg,32,1,1,0
hs2_estate,76,76,1,,,1,,0,cs_italy_bg,32,1,1,0
gb_varena,77,77,1,,,1,,0,cs_italy_bg,32,1,1,0
test_football,78,78,1,,,1,,0,cs_italy_bg,32,1,1,0
de_cornerwork2,79,79,1,,,1,,1,background01,32,1,1,0
hs2_cargoship,80,80,1,,,1,,0,cs_italy_bg,32,1,1,0
zc_laboratory,81,81,1,,,1,,0,background01,16,1,1,0
de_headquarter,82,82,1,,,1,,1,background01,32,1,1,0
hs2_studio,83,83,1,,,1,,0,cs_italy_bg,32,1,1,0
de_storage,84,84,1,,,1,,1,background01,32,1,1,0
dm_sa01,85,85,1,,,1,,0,background01,32,1,1,1
hs2_sa01,86,86,1,,,1,,0,background01,32,1,1,0
de_sa02,87,87,1,,,1,,0,background01,32,1,1,0
hs2_sa02,88,88,1,,,1,,0,background01,32,1,1,0
zd_italy,89,89,1,,,1,,0,background01,32,1,1,0
de_sa03,90,90,1,,,1,,0,background01,32,1,1,0
hs2_sa03,91,91,1,,,1,,0,background01,32,1,1,0
dm_dustrush,92,92,1,,,1,,0,background01,32,1,1,0
hs2_phouse,93,93,1,,,1,,0,background01,32,1,1,0
zz_phouse,94,94,1,,,1,,0,background01,32,1,1,0
awp_metro,95,95,1,,weaponrestrict(0;9;5;4;3;*7;10),0,,0,background01,32,1,1,0
ew_lasttrain,96,96,1,,,1,,0,background01,32,1,1,0
zz_prodigy,97,97,1,,,1,,1,background01,32,1,1,0
dm_playground,98,98,1,,,1,,0,background01,32,1,1,0
mad_city,99,99,1,,,1,,0,background01,32,1,1,0
zz_festival,109,109,1,,,1,,0,background01,32,1,1,0
gm_giant,110,110,1,,,0,,0,background01,32,1,1,0
de_vertigo,112,112,1,,,1,,1,background01,32,1,1,0
hm_multi01,113,113,1,,,1,,0,cs_italy_bg,16,1,1,0
mad_city_big,114,114,1,,,1,,0,background01,40,1,1,0
zd_trainyard,115,115,1,1,,1,,0,background01,32,1,1,0
zd_nuke,116,116,1,,,1,,0,background01,32,1,1,0
zd_aztec,117,117,1,1,,1,,0,background01,32,1,1,0
hs_italy2_xmas,118,118,1,1,,1,,0,background01,32,1,1,0
hs2_italy2_xmas,119,119,1,1,,1,,0,background01,32,1,1,0